date,signal_date,evidence_basis,status,pnl,gross_pnl,cumulative_pnl,pnl_drawdown,placed_mw,awarded_mw,fill_rate,pending_awarded_mw,decision_proof_id,settlement_proof_id,proof_id
2023-10-01,2023-09-30,retrospective_reconstruction,settled,-499.828,-228.628,-499.828,-499.828,678.0,460.6,0.679351,0.0,824b487c219395f49b96cf394af52e172670062b92c25b3fdae643b520031b04,22796a755c748c410b01d1aa035bd53f50693c3b051880c37c896aae2e018ea9,7f2d4af73078a9bd4162f461bc8eaa44064567a78d3c2564991266c928d20045
2023-10-02,2023-10-01,retrospective_reconstruction,settled,9188.533,9474.133,8688.705,0.0,714.0,575.4,0.805882,0.0,95e7db22b4e1cbbc5ee2acbb5f84ec425c38522ba0347139a3f60dfcff41a11e,2a94b057ea8c955f54d1587124cb8f00d26da7b0dc9adfcc5bb80658a01174e0,5f651bd3739e0373c294149ba0571fa28c7466e5a32106ab2e9e3177d993cb0b
2023-10-03,2023-10-02,retrospective_reconstruction,settled,-69154.1295,-68863.3295,-60465.4245,-69154.1295,727.0,587.2,0.807703,0.0,7afb9efb5e3944034bbe1b4f4fd6a518ab06010a7d57a45701de7f76b8561d2b,9cd66bbb3d1d347d04c53c028fe7d3a0f0b9e85b16909af7e9569f0e79b94698,800901b07cd7a834703f8d85356fb2c53ee1b45a0f29386bedadce674e99a3fa
2023-10-04,2023-10-03,retrospective_reconstruction,settled,-2834.317,-2549.517,-63299.7415,-71988.4465,712.0,621.8,0.873315,0.0,2c03f33ed205eddc0b2b10cc2cfc127df174b2c5d7b6cac053b39591d7f24904,7bd009c3481ff3c1358fcb8a5bb227b9a2f86a877f9f7ee7c860a7587511b0c7,f42b94941f35c51a1c9188e7b63dd847f5132f008b1a21d9a4074cf00246930f
2023-10-05,2023-10-04,retrospective_reconstruction,settled,2276.7625,2404.7625,-61022.979,-69711.684,320.0,262.0,0.81875,0.0,7023e6061350fc5e683caa15960fc41377671277168211001c374b2ac48c586b,6c8e653d9ec79bb10afac718b9b52f68bf3a890474b9ac7120f4cae4d6e7198e,ddaf83ccc3ffd5c4cee1f95ebbc782a1cf952e5acff31ead69e42b1c19175d98
2023-10-06,2023-10-05,retrospective_reconstruction,settled,640.0425,767.2425,-60382.9365,-69071.6415,318.0,258.0,0.811321,0.0,e0cf0e742cc18c31258f57e1ed4f5e0b0eebd3429810798ecd478310c2c5c6df,0a5ad1aac820be92fe0b007fe8c2851daa644819d87c0824b6f744ca7c347fb3,1bc3ca768ff2f1e0ab72b2ec96d772398971301dd2554e287c47dc51f810c611
2023-10-07,2023-10-06,retrospective_reconstruction,settled,538.9975,666.9975,-59843.939,-68532.644,320.0,245.0,0.765625,0.0,50306d1684ab0991c4e0a073e219b2aeb8ebd7c19090993e6336093b77f9cc4c,1ac74ea1a53605faa1ba53d54c02dc17b1535cde674e94c1e6dffb4fa340655e,0a6bcf89d992dd110efb44beb962f3760e8d634b3d1bd65693fb414c010e7e3c
2023-10-08,2023-10-07,retrospective_reconstruction,settled,319.105,447.905,-59524.834,-68213.539,322.0,239.0,0.742236,0.0,9b8175f614f19327bb4e6a337042c0e402daa721beb0bb8854a2962646f9366a,872436c01820a8e71d556330ad1b043b451548be69cef2010fcd07c551bb43cd,4915043b5bda190716f4c8c59daffc6296c0c91b1b2372a7530d7d7cf8873abc
2023-10-09,2023-10-08,retrospective_reconstruction,settled,1542.255,1671.855,-57982.579,-66671.284,324.0,259.0,0.799383,0.0,a6c6ef113f6cf9f87d4536d5d68e451f373263d008855331910d8e0c209e8504,9dad5565e0576918183337063d8fccf2fddee6d69a3ebaa0b6d1f4c5b33c6bb4,9ee632edf843ea4de01c8f402cd56ab6eb4179d1f0432edf347a9fce8a0d2987
2023-10-10,2023-10-09,retrospective_reconstruction,settled,2362.805,2492.405,-55619.774,-64308.479,324.0,275.0,0.848765,0.0,756a6d85331dcf628d6ccfc383f68eaa73ec7196775b4c98e2495ca3e501dc3a,d17b19d2d8ec8dc485d227addebbbbe58fb5a88c4bf5334912bf9dcd3d10a60b,cb09780244f1d644e4c251823995febc27e901f32b6b2fb707c3ab875304f961
2023-10-11,2023-10-10,retrospective_reconstruction,settled,2753.9875,2884.7875,-52865.7865,-61554.4915,327.0,241.0,0.737003,0.0,6438819452c40248ffdb3d4effc077416630d3650041e92435612add3f23d6dc,a21aa7073c7cb471705f99a8b38624e69ed34b5837020d6de83711ee73939859,6150cb1b27226da0093770cb801a52c8bf4a55891ef431f7e3bd622bde08f86f
2023-10-12,2023-10-11,retrospective_reconstruction,settled,1089.9725,1225.9725,-51775.814,-60464.519,340.0,246.0,0.723529,0.0,b7eaec6ec2419ffb58a015caa3683d1a9179357d82ee37de6d3f74a3133e252f,335e0bf8e0aeb73f89442e98cefb4df7759372d4a7abc5d3bd5872db4777c2d9,6767dd36fd36f0924b6501a7388c501705b049efae7eb2fade6b3c37ff064676
2023-10-13,2023-10-12,retrospective_reconstruction,settled,3546.845,3682.845,-48228.969,-56917.674,340.0,277.0,0.814706,0.0,acf2b6104289e60b3e01ed934c7e46c4f6bc29fb85676fc3772b19721e64f872,7b4c0f00c314f1814c3af2640a944494bd007737920a69b4bcfab615ba3b20de,8c0be47e78a2aff821cb77d1935aa56ecb2cd9de7103e708baaa0217c3eec120
2023-10-14,2023-10-13,retrospective_reconstruction,settled,167.8775,301.4775,-48061.0915,-56749.7965,334.0,272.0,0.814371,0.0,e52c8603135903dc022259ced72391d8941ffdc4a8c98065e763c27925ede437,77d958d3d0d5fdc03bd0f08d2c27c1ee75ec47bc656e3b5122a27e83013776ee,3540c2ab859f913d2f0e5e35e95757aead994098d2d9ebff234facd7a71caa3b
2023-10-15,2023-10-14,retrospective_reconstruction,settled,-540.4275,-401.2275,-48601.519,-57290.224,348.0,299.0,0.859195,0.0,5e8517706c20bbc37b6dc2279eea837b0d6d7c9f282e6a69c5c89c444dd8b062,35deae71dab1a115f0ad492c0c3ea42df54937f4ba7eb4504dea1e0dcfd1c07c,05b9f34f50c6cb00c3aa0887410a5b967dd62f56e4e3d6a5544cc9e62b0e129e
2023-10-16,2023-10-15,retrospective_reconstruction,settled,-563.4025,-422.6025,-49164.9215,-57853.6265,352.0,277.0,0.786932,0.0,a9908b62ab2ff0ebfc8f6c7f815905beda43a02742e8d2234451e4e71116a3e8,abac8ec89c37aea8efda46f205e0d130912527fc4da5bfcdc42f2488adc5850b,59a3a919c1c9a520a871a18a145c4ac9a8b90be820df5967ecbd7779cd446a14
2023-10-17,2023-10-16,retrospective_reconstruction,settled,522.1875,662.1875,-48642.734,-57331.439,350.0,281.0,0.802857,0.0,bd6bdb9a5a11e220cffa17a8149fe53ab9db512bbd818373a5b68c26ddbdbde0,43f4fe854242bf045899c0ce55442e33ec69778953cc4a1d74a1eb32bfc883d8,ccbbe546191126c85cb334cc60aa17616202571752d990918a7e0d3bedeb83d7
2023-10-18,2023-10-17,retrospective_reconstruction,settled,1558.415,1698.415,-47084.319,-55773.024,350.0,292.0,0.834286,0.0,cef9b1e100ce44082b4fdc550bdff93d252eea4e7954b5b7a939c8f1f18917b3,8634534616cdc55a22ec6ec5645b6886f88b03a8eb3ed2425c06d4e9c76b7d5e,ed6bf0a66614dbbfac313b39375c739e2d1a1091075e676c6c88efd699fbfb70
2023-10-19,2023-10-18,retrospective_reconstruction,settled,2798.9275,2941.3275,-44285.3915,-52974.0965,356.0,314.0,0.882022,0.0,2b8e102a108e4b489910a5fa61f3b6428ab1a82a0726ac313985669717c6a002,a3a429c12adea8e59c82b05b6e7f76e46671a55d0ee8b3e4a70ca34590c62a53,a979709a99068ff1902361b8850ef970e1f431f45ff5814d4fa68b524b616c70
2023-10-20,2023-10-19,retrospective_reconstruction,settled,7316.53,7458.93,-36968.8615,-45657.5665,356.0,327.0,0.918539,0.0,be243ee156ecf6d68773732d40a0c542e32b36c68772a599eff83176c063b7e1,06b0a92ad215df854a132465f7553c3d4b4a4a215e0e366412915a7b15d2f5d7,b75b3f54e87a42adb2f32190e0f06c81f7ff64687f031e54f9e07e0ef8878e70
2023-10-21,2023-10-20,retrospective_reconstruction,settled,-597.34,-454.14,-37566.2015,-46254.9065,358.0,333.0,0.930168,0.0,c0498c6cd79d3894dc451341e16af7182aebd97f8bdde4bc5645ef84e959c2a2,67e39afd1f26d7da8301fdaa2804ef57878c8cf65c897bc1bf5f6016a9fa3879,c0a29c2abd1bbc668a24bd02499b1650af2fb2159dab262021e4e74b678407f6
2023-10-22,2023-10-21,retrospective_reconstruction,settled,3024.4925,3168.4925,-34541.709,-43230.414,360.0,330.0,0.916667,0.0,19536bcd60a76749a62cf8cd7c2404d464df1cc814bfe64be18a4f5bcf0f6259,030b30d2f9cee359a36d8899af29f3d658c2b79f787dff9dbd12e7f6db34ff0c,9b565cbd5a79b4f43c61ff4604692d520605b10e2f49ea6e99fbdc09574ec441
2023-10-23,2023-10-22,retrospective_reconstruction,settled,-5269.505,-5125.105,-39811.214,-48499.919,361.0,294.0,0.814404,0.0,c5be4589a1ad49df6d5562b57c44a59923f408c136dee93ecbcc4133c9275dd0,8ee4f4a9076820d4892fcf3491e84629d314a2d6ad05777117e23208b90a2041,52f307353fd501b33efea1255d52dd912033399c2d691a0b3a653618868acaf5
2023-10-24,2023-10-23,retrospective_reconstruction,settled,5383.9375,5536.3375,-34427.2765,-43115.9815,381.0,329.0,0.863517,0.0,a05dd3bd19812fe65e8b8c6d2d07a444fe1d6aa45eac4bca8637cccc5cf1da27,a47ce2e5389fe253a87e3d241f663d28c580a23bc37353425d67c26b5eeb5344,fdae91719d04d5f887b3fecac666fb138d9fcfa1332cefbb5ae17d8727017dd9
2023-10-25,2023-10-24,retrospective_reconstruction,settled,5357.6175,5509.2175,-29069.659,-37758.364,379.0,311.0,0.82058,0.0,a0c8f6a24a3228c61a19ecc5380b1d8f533f36c156559035ac7fe72ba65010b3,53b46249915e8ec64576c198f09f6d59b9dd333d425771cf92999c54f72c7cf7,a83beb674d2c3c5901a1ef0f4a7810385491eb4a4a98c438f3b1fa51f31c446f
2023-10-26,2023-10-25,retrospective_reconstruction,settled,2066.47,2218.07,-27003.189,-35691.894,379.0,289.0,0.762533,0.0,1a9ebd3aec51b21a758a3ec84c9d42e6c25d7116eecaaf8a2b67e96c74f533db,9e9544923791d4220ed42418c7f163a7442dfc33e4c89d579555834f1ef9c6c1,14def87f676b573a33c2769599bd347cab370f63b07607022ef5dbb2b39ffe57
2023-10-27,2023-10-26,retrospective_reconstruction,settled,1094.6775,1243.8775,-25908.5115,-34597.2165,373.0,328.0,0.879357,0.0,9f75ed4605364e10f13cd3fdf4ed22b9a900ddf28df00981cea9cdaa5052073a,04fc8407047c5b3ef48294351e0550752a76fe5a46c936c966da9a327c070c53,8fd4ec295c7aa80c524fbfcab9f8e9f7825ed32d579ef0ed2637ab368250f814
2023-10-28,2023-10-27,retrospective_reconstruction,settled,1101.3525,1243.7525,-24807.159,-33495.864,356.0,277.0,0.77809,0.0,dabb8af5b0ded98abbe5495f71d44c0bac9ea5307210920baef5cf563dd15a99,8afbac19d4c693a972dc7fd010a5b79d67522411be01ccc0107237e8e5125b0d,423497a858aeca90135cbf72047611cc4133adf950db7f3ee1e96e30efce73b4
2023-10-29,2023-10-28,retrospective_reconstruction,settled,4602.52,4742.92,-20204.639,-28893.344,351.0,328.0,0.934473,0.0,7897d44e9589b40bdbcff903bc71f415e508189e2b27f32971c83dad04b4bc86,d96f5dc505941fe9faf42ef208606cfc10a7a560df5fd4654689c67c128195e6,e60d79e05601ebd021030f3a32ce515a72c3f70b20e641ef74d8371737b0c4ca
2023-10-30,2023-10-29,retrospective_reconstruction,settled,3381.6375,3536.8375,-16823.0015,-25511.7065,388.0,324.0,0.835052,0.0,311306c6932a987ddc5e46eaa7aee00c3ade251d632f9acddc70adc5111b97b1,54c0bb4cee1dc918f20af1dab206b5dcf5214c1c20af15f71792bf657c1a5fea,2d6a00aa614a45be95a90894dcd46145ac9d10d671ba349e32bc456ad76a9dd0
2023-10-31,2023-10-30,retrospective_reconstruction,settled,-1698.435,-1550.035,-18521.4365,-27210.1415,371.0,294.0,0.792453,0.0,15af94557dbceb55494bab6d88fdcd84ea8857587ce7925fbf0ed761b0c5e136,0fb352715b8be894ba7e20f177cbb36772ed8479afc3fea8bb8f418510f5d3f8,b582dee9a379273ec634825968058ac4e46832b21a11763b36b202f1ec3f7931
2023-11-01,2023-10-31,retrospective_reconstruction,settled,6775.81,6921.81,-11745.6265,-20434.3315,365.0,292.0,0.8,0.0,2ce1cf5c2ff658b4b350a794dcdd5ec571fe8316d10bf78ff136af7f72457b29,18205e1982e882828d56d5197943af2409ea8b60a7e009954bdba696de7f5b4b,82c420e92cc4e51790cdcf0a4f9af5a601f9fc7937ce6f64391977a21d213f24
2023-11-02,2023-11-01,retrospective_reconstruction,settled,1800.31,1954.31,-9945.3165,-18634.0215,385.0,337.0,0.875325,0.0,145e4200eaf7c1b8647f9871adb5abe891918e3cf1515b962900ddb8ce59b9a6,0d6dae631d34cb2e8a6ffbf102274696976eb2185b4a582a46db3c485dd60215,a7d1e6c14f7dbc346d4f14b7f2857d82b65ce35ee7b37563ad124787a1a45e4e
2023-11-03,2023-11-02,retrospective_reconstruction,settled,712.385,866.385,-9232.9315,-17921.6365,385.0,315.0,0.818182,0.0,c7caf3c92a050d00bcede6806b06b1a22f32c05708149ba91f6e1991e0cf44bc,e9fd44e2f4b6c80d740a8a5df8a3c86897d2c7c3f8c458ee5296d83c07c696ae,5ddc9eda147975c5a27cce2f7b1ef012c46dbdff4f35daade77dd9e84168f050
2023-11-04,2023-11-03,retrospective_reconstruction,settled,805.29,964.09,-8427.6415,-17116.3465,397.0,357.0,0.899244,0.0,ff89ce644bab9e174e309378454ab523f40106cfd160f9cdbf2c2ece048e16de,3b581214e1e0afa826801c357188412e46e6a16ae86972311442c16fed61bf8c,888d80998c5a08c93306144be1e9c53417fdd9223e9791b2cbc2bc492beda92a
2023-11-05,2023-11-04,retrospective_reconstruction,settled,1458.4025,1617.6025,-6969.239,-15657.944,398.0,329.0,0.826633,0.0,30c8edc5be91ddf97f3d50fc1a6571e2d1edf7dc660d2987836cfe62b9af2729,d14e114f9c8212a849031e08909a9c3fbca03021e4f9ca25bc0bd78118b37e20,5b8adcf093b250815231eacabee353f43937b19a37fae2aa48c2345132f85732
2023-11-06,2023-11-05,retrospective_reconstruction,settled,1484.6475,1647.0475,-5484.5915,-14173.2965,406.0,319.0,0.785714,0.0,f002550a289b46bc5a4e63a75c49f8cec9bd26e691144e9019f89b9ec573167a,ea0b890094c49157b6996e9df86c90a46f36ce08c9148c0e5c98d2144197ef4f,f4f4f0d1d6608301278c1b7a1fffbfeb951fe8e857011599774242771ad381ff
2023-11-07,2023-11-06,retrospective_reconstruction,settled,-5497.765,-5331.365,-10982.3565,-19671.0615,416.0,320.0,0.769231,0.0,6bf65608bda38ea7c640179bab45477f4201140bf546ddbb33ea4d2e7f9bf07a,f966b4df188a956cc8f7854b6ec599ac2b3bcd2bafa2c2f6443eb5a11ab3661c,42a1f9da51cb3bc7620a6c0eb965b8029de6932f8212ed9a33f8a656b190f586
2023-11-08,2023-11-07,retrospective_reconstruction,settled,3116.8325,3287.6325,-7865.524,-16554.229,427.0,374.0,0.875878,0.0,04d0709d02f045ab4cad162454a1fa3d807a361a5f21a06737567414ebc20e1f,00aa487c4d041c171efc1e8f3faf307e0871bf3b5c6a3bffbb70f4de62620355,29e39987ed9ebdfbc8f448f690738a4db8b00fc74c66b3abb1b8dde73c55ecfb
2023-11-09,2023-11-08,retrospective_reconstruction,settled,1855.6675,2025.6675,-6009.8565,-14698.5615,425.0,352.0,0.828235,0.0,f24fa55a49166026a960dcc28d94f21daf9794e0752759dd8fa173ef8bd4a3d7,452d4b76f54848afaaf397e047f034c58e739086943215b7151c63a7c947e166,de393b0667de839b1df53ca434b864adc7d2ca151c720fdcd9080e4c07bf738c
2023-11-10,2023-11-09,retrospective_reconstruction,settled,2374.0325,2545.2325,-3635.824,-12324.529,428.0,356.0,0.831776,0.0,c9fe3588c3899400d840252a996fc678094473252cc6b3a49acd5df88f3f9fb1,a2d58971be3f0aaabfc1aaba94be2757282ce1995d5af5afc6eefe4970d4c395,c88a229a4ccf357e68574a4a3688b459a444230e8579fc2fecad3e1c4afd1b89
2023-11-11,2023-11-10,retrospective_reconstruction,settled,2937.66,3101.26,-698.164,-9386.869,409.0,327.0,0.799511,0.0,d7b168ca2abeb8e2f1c540f659b59bec7f0089f0e2b334b04e0958de20300bd1,67d3150048ab87218316263b1c25ed869a8ebb4524d8d383ce217b7fa4072aed,3dce6d61b55b778e1bd462eee20c997045af6d5bdcc6d705b5b14312ca0748ed
2023-11-12,2023-11-11,retrospective_reconstruction,settled,2288.95,2434.15,1590.786,-7097.919,363.0,216.0,0.595041,0.0,864f60034fd38a04fe7af092518a94b7fd0fef6b196139395845d2033d94e3c7,44325d73126f5a2cca80006fea178aa6552d20c718a2b4d62221de588c95bda0,f227ef36570e7b65e4eb272124c6a0963e7ad14d47640dd18bedfbb47659ead5
2023-11-13,2023-11-12,retrospective_reconstruction,settled,5249.1025,5406.7025,6839.8885,-1848.8165,394.0,292.0,0.741117,0.0,4f293164398de7c5e2dc61717b1e7fb1a8c93e8a4f91e23d88d4db3dd5f2a197,9632199101981d0695f3793c0847339e3bdcc1c4967643051149ed64d50faf9f,961e56fd35d5e6b918ff9d0eaf284cc53def06cb0923876a9622ed12cb27e49d
2023-11-14,2023-11-13,retrospective_reconstruction,settled,1109.28,1267.68,7949.1685,-739.5365,396.0,312.0,0.787879,0.0,947ab19e9476a960ee1ce33b76cb902ad839eaded41632c164bc7585ae10039a,10700436a7c4df5e583ed16853d9345fd53f5612929fff7f8210198747c4be34,b763be989bd84625fd68653a26fe86d95dea36aab064e0cd6d4ec08551313269
2023-11-15,2023-11-14,retrospective_reconstruction,settled,1718.665,1884.265,9667.8335,0.0,414.0,340.0,0.821256,0.0,04a8cfb6043c150d650027b0e2957cf849c73506e187975c5d01898d0059126b,7a2e6a49a164ace6d4006f82b704032d1d4a5bd26b6e78ad7566c6a7402b1e17,582d05c9364c73ee515a9a59576b27bda392ed7d54415fa07f0cb256b00f7fff
2023-11-16,2023-11-15,retrospective_reconstruction,settled,3028.25,3203.05,12696.0835,0.0,437.0,377.0,0.8627,0.0,4027fecc439160dde0855feaad659619bb983b2408bbea445950b5efb3da196f,85e74d0970ddcb533c8107fe9309ce95f14fc10d7a3712509be2d0b56dd0d86b,4d482588a4a8cb9dd1deaabc4ad405360a87c9d734b4010f469247c53be2420f
2023-11-17,2023-11-16,retrospective_reconstruction,settled,-979.6475,-798.0475,11716.436,-979.6475,454.0,346.0,0.762115,0.0,341f94d42c4b7e1289c39ce148e81607f728ffc48ec7230fa8e4289099f66ca4,dd5d7f1576fc1cc48400ee463ee191772bbcef25dc3bcd5864d2fef1070b26bf,132b8a20b23c7b70501915ea8cb7556a3ed450adcc499a3fb5eb27e978ca8bd5
2023-11-18,2023-11-17,retrospective_reconstruction,settled,871.22,1052.82,12587.656,-108.4275,454.0,387.0,0.852423,0.0,e94c22cc52a63c01e34f00d848559f8680a6df557191a776f5bc22684af43e56,bd712c3f31bd127531b70d0dad70c96bdcce10a0fc732e303e65c5602f919b1b,4f7aabd022967145e1cea8b10c7db86668d24b89466c9185dd7fd5ec94d5b440
2023-11-19,2023-11-18,retrospective_reconstruction,settled,2015.38,2203.78,14603.036,0.0,471.0,360.0,0.764331,0.0,99c1a723e6ef26cb48169b23488e4f5c060d8d70b2a818e3109a4ae5ee066293,0cb1e3c943132967f68055fd94ef6fcde2d1024961697c80416894e76066ac71,c3f3e6db34bd9b1482f1370290a61fdbfa4a32697033737ea9ac9d581beef1a5
2023-11-20,2023-11-19,retrospective_reconstruction,settled,-88.43,99.97,14514.606,-88.43,471.0,332.0,0.704883,0.0,9e1444efd5ecf2b4f3733999445fdd8f6c17eb1d0b9168478a8a6381408e605b,4e82d35804e67aabd64a33d871d30017217d6654b9ea93ad00627d295ef80282,8c36eb3b160148bb953efe4ef709a040b19a71d5bc6dfb255422a9ab7021cbe3
2023-11-21,2023-11-20,retrospective_reconstruction,settled,-4196.5025,-4006.1025,10318.1035,-4284.9325,476.0,375.0,0.787815,0.0,306de365dac96ee4b4e998ad90abe57853dfcfc74052d1f491af029e371c3395,e1e57ef91dfd9c90e41d2fb6c00914e27aaff9450143ad3a4c83aeb7dd60f7ea,b885b5fae5b09a54639b7430b3d2db54a1c4d54fae33cc0a40ff4bff351bb8a9
2023-11-22,2023-11-21,retrospective_reconstruction,settled,1824.48,2019.68,12142.5835,-2460.4525,488.0,413.0,0.846311,0.0,a855624abf48314a10ddae062b20f3a3d2d153b5df6e38c7569bd1c281889a5f,f4a6ecbecfba790faf09b774a70ecda67c3bd5d80294e39133dc844e2d012a32,31bcd98061af7d0a88a8ce3becc9d3d29fcd641a25fd8195c263e079974c9f92
2023-11-23,2023-11-22,retrospective_reconstruction,settled,1482.225,1680.225,13624.8085,-978.2275,495.0,418.0,0.844444,0.0,84b32c521b4abe9ee2531934c773d46da4685a92d26ddb16c887006d1e837f43,609918637212b1fcfe7aa88a743ff1fb46eb1efcf35486f55d95a717ea2a1902,ae59a68c3f451f1cdd2b4826f900dc1eee7ee6b7708c305abb02d51428594e8f
2023-11-24,2023-11-23,retrospective_reconstruction,settled,515.7975,716.9975,14140.606,-462.43,503.0,437.0,0.868787,0.0,f37ee350f9ce252d8a5882134bc4a3f22f4e0fe1153bdb1254c0ef7472d1cb07,94be4162736d0884b9d6420dab436be7f2f2de3d0c97ca6fbe3387ba24416efc,164989cd273590f75948bba529828df260b35da7f2bb4a23ef51bcbc6e50170e
2023-11-25,2023-11-24,retrospective_reconstruction,settled,-2119.2975,-1917.2975,12021.3085,-2581.7275,505.0,411.0,0.813861,0.0,2a2428707ac269efde58cf397379c591a652372503cbd1056a60b1a50ae63a08,e4a6f4d18bda431664c2a97e2b38b4839e0aeab902b602ef8c6446322f41e784,890a0ae8b4b09237c7157159d61c38ebeb83bf8e19f7bc6807f170ad1a45ce77
2023-11-26,2023-11-25,retrospective_reconstruction,settled,2734.0375,2939.6375,14755.346,0.0,514.0,418.0,0.81323,0.0,7550b7650bf8fab1bf76abfba760cdfb8df4784fb45bed9d0b28272816f2f313,89bbd0115ef073d154db1b11715a424bae7cfea929237b3f6773aaf20d4a0ae7,43ba2dfd8ad84b9822d5b6106d993ae027c9a878f4c9a10ded2118a1cb498a76
2023-11-27,2023-11-26,retrospective_reconstruction,settled,3102.43,3311.63,17857.776,0.0,523.0,443.0,0.847036,0.0,a1e5be709add6bf947eca5622f4be466f5e9ded00f1c82e06b238ba4473fa72f,b8107d32d7dadb834c906264e264a00781394b08f350e666a733efa7ad22ccd7,d93a23b0d7808adbe7b36abeb20fdde0c2762ea97e58e66bffa57d8c6918e64e
2023-11-28,2023-11-27,retrospective_reconstruction,settled,-9753.2075,-9549.2075,8104.5685,-9753.2075,510.0,463.0,0.907843,0.0,6243b570c419ba6ad537b3d1bbd3d94b4a0591161ba825c323b580fd9d9ce8f8,197e5ed8c627e09915d19c0be438d0d4b7ebcb25206dc18d206e2bd9ae5a5c1e,60f5930db6482514dd1057e5a4908bcb1cf19f257a2f0745b881bb077a88abb1
2023-11-29,2023-11-28,retrospective_reconstruction,settled,2180.72,2387.92,10285.2885,-7572.4875,518.0,476.0,0.918919,0.0,fdccb67343c0570016b6d9726a1995a9784c3c5b0b4482dfa86eebf4422b20fc,44f5f0291b25533e6d037cf1083e478872351db5c3994ae695fe79a890787f66,8dcb8712397d1e8d9ca0bc004815429a6fcd457f79bab3a2f1af2075c3528b1e
2023-11-30,2023-11-29,retrospective_reconstruction,settled,-727.2625,-520.4625,9558.026,-8299.75,517.0,411.0,0.794971,0.0,5be19d195d18baf02547020eee0693660380a04eef0b85c695340157ea170016,27a9c45de1cae5782f258eae6561f38c5a52c1367b40072f324cbb6c0b5081ad,9ef333f4bcb6cf0a8d55875122474cbd31cafa5cecde48c40abe62ca0775346c
2023-12-01,2023-11-30,retrospective_reconstruction,settled,-11582.19,-11372.19,-2024.164,-19881.94,525.0,488.0,0.929524,0.0,266415a0e694193fe62e8e8463edf04e1406741e851e8404a31035adc51fa342,ebe930bd173fde405e181309491922d33e947492d64133ff6259cbf54b55a41d,9ac1645a25aa8dec5e758c6865df389f2d9173b305deab0c47337350650b8349
2023-12-02,2023-12-01,retrospective_reconstruction,settled,2072.35,2281.55,48.186,-17809.59,523.0,398.0,0.760994,0.0,86705592833d36530e76d951a1e89ac9d4f44407785bc606146418d278a366aa,18d7c04681a6d2a7b7909f30a314098ac6ec4fd4b745cdb74a428070fef575cf,fc32c105d7573a26bc279924461b7a2be24d40a8ef001affeaf5107f45999a03
2023-12-03,2023-12-02,retrospective_reconstruction,settled,-1109.57,-900.37,-1061.384,-18919.16,523.0,389.0,0.743786,0.0,bdec5253e3b1015db51da1f56e89776a74b485924c93e5f43ea51ae311ec1b05,c3016bb59770d229b6e02ffd9491dd8098cb05e05b552f8c788b33aabcb2d331,2af082d1e8c55e797ad4ac9e34c36c0e11b5243d7be06c841b9bf136e4ea5465
2023-12-04,2023-12-03,retrospective_reconstruction,settled,4012.7925,4221.5925,2951.4085,-14906.3675,522.0,445.0,0.85249,0.0,136c5ead87b4c3829995eb73f823da4dc118faaca345544c477180b9be8fefd9,eb648a95701a0dd65fcdfe419145bb7640a1ea7b8d9bf66cda1ba54d19765adc,f630712d6d83191130ad780b86d14f5511d4dd260a862783754f18b197f44246
2023-12-05,2023-12-04,retrospective_reconstruction,settled,-1019.215,-812.015,1932.1935,-15925.5825,518.0,438.0,0.84556,0.0,d2edd86e97c3016aa0db87bf4bcb2834f69b12cc7207b72e5c24e584841ef5ce,8dc90c39a99e2ff795fa524ed2494b09b5ae1422c073085347f06ad78bd4f7b2,1ecf14f1a69546c81e130edb7f5e0191cb105e49eaa1459b3c3aa5df6c3edc7f
2023-12-06,2023-12-05,retrospective_reconstruction,settled,-3467.92,-3259.52,-1535.7265,-19393.5025,521.0,452.0,0.867562,0.0,3e6870e8db8ef839a625200d4cc40a688b6adc88b5f6fac314392d5181810115,1e8d4aa4af5c06bec2d8c930d69ab9aefe743ad93241174ec4b7f0e6a7052a70,9bdc0837bfaa8053a4fcf55cfc0bcc4b2478d0f352bd73c7c66481637c2b0d5c
2023-12-07,2023-12-06,retrospective_reconstruction,settled,2341.6225,2551.6225,805.896,-17051.88,525.0,348.0,0.662857,0.0,d419bedbea5a72f7bb5e40236d1498f90a94fcbf466fb1b630b6c0128952e476,342ce033012d61b968f34d3a0951c5c24cbd377a513eeadf17e77a3a71c1c864,c58d988892e957a99c7f966d366591a7aceed30c103afe43d8695a277c960e81
2023-12-08,2023-12-07,retrospective_reconstruction,settled,-2840.665,-2627.065,-2034.769,-19892.545,534.0,417.0,0.780899,0.0,151a975642cf11467e3c948d1fec20738c6709b01b2fc94d4d231883d9f7d84c,8fb0f36965d649b1108a4477c2575419321d5322072f73c99a45e0d6ffc6ebdc,471e62a019c18b0b4e23482216495007fc7f2b654823455b142c9ed6fc43b68d
2023-12-09,2023-12-08,retrospective_reconstruction,settled,3760.5975,3973.7975,1725.8285,-16131.9475,533.0,377.0,0.707317,0.0,7350666d48dbda8922eae3a320a7872bf1fa3cb3524c4ff58c835de373c22f6c,58d60faec2357f188bb8ac6f16bf9c5a0107285c82a194b9c112beea925664a9,95056d4db810eb3ff00f1a111b3539f420cdff8ced0fb312daa5da9ccd781539
2023-12-10,2023-12-09,retrospective_reconstruction,settled,2433.9725,2650.3725,4159.801,-13697.975,541.0,441.0,0.815157,0.0,689351af20257994b3e9f56c3c12a5d4138315b070180984442b7c4cbc73a7cd,c40b67656deb8d7a85f4119353fa15522b69dd2e687290163ed612f42dbf6408,5509e556889f7246008d130e04b797ec1966a8df39c3c4e11eb088715a3def8d
2023-12-11,2023-12-10,retrospective_reconstruction,settled,2921.53,3137.93,7081.331,-10776.445,541.0,490.0,0.90573,0.0,11a6f9406aa7217d5f2bf57414946bdfed9f8f95860b5763b5057db673ecea14,3417d852f33abc1ebf0b533fbe33d9693b725a79e6f3470e1f6833a86c2b8112,905bd9e12e70aa9655d914225e71788dddc5d55613c2521ecc090dfda1758bc5
2023-12-12,2023-12-11,retrospective_reconstruction,settled,-1090.1575,-873.7575,5991.1735,-11866.6025,541.0,458.0,0.84658,0.0,c4ad578444c40bf3213be7fe044d29ae345f8ab354c4a046f7aa3f0a7a448629,3a0d176ed8360015d412a4c448894cfd3eccec295b7f4248803a6ce8a500bbec,23fa71c0e3bffa905387ff5264c8389f8be330c51560184f714b36df7a6d20cd
2023-12-13,2023-12-12,retrospective_reconstruction,settled,-1336.5225,-1117.7225,4654.651,-13203.125,547.0,479.0,0.875686,0.0,ed8ac6c99e5490831dfe75b8576ec9ce66632eeaabc2966cb719318db8b5a0de,a61ebabece7e8c3b3a588e72f1a5639972cf328bfe18ca551f2ed45a5c6210b5,1f58f7e4c6e6e461d4dd8c8562bcd3320e35b4e281ee94f2553edeb0db3df3e5
2023-12-14,2023-12-13,retrospective_reconstruction,settled,3667.1125,3888.7125,8321.7635,-9536.0125,554.0,523.0,0.944043,0.0,9279b578b7569561e1ee13e0705ebd7d6e5955a3d653dcea1fd08c4f70302e69,47338b8b312444fa416fe10db92211b664ed0d2f467f5a185f5a0ee3386bc268,0444eccc50ef5b12309548108e919b22f08538bb082a31953d64d17f9efb0ce8
2023-12-15,2023-12-14,retrospective_reconstruction,settled,500.5375,724.1375,8822.301,-9035.475,559.0,465.0,0.831843,0.0,4c4b5bbf437c9565b513faf8b1652f887db1db9030b8b1387d849a9df0e9dc1e,0f431302a0a169dc5c9ae1ba310a5b78ccc1fdf43e1d795608dc9e9ee8c06121,ff5966146cc0b344a1a8bbb5d5a289af64b8aa232e056cb6aa0af3097b30ca40
2023-12-16,2023-12-15,retrospective_reconstruction,settled,340.88,564.88,9163.181,-8694.595,560.0,459.0,0.819643,0.0,db62dc9dc82065cdc5380d585265638ea83249778478d4fcfde18611190554de,4845648c272a3cabbdd61325d21bb5eafe3e9d7cd9d9ef167bd623a6122cbc04,bbbc3360ab96c55d277d09b48ed36a15fa0ce6cfee0ddb54a8f60d583cf0a321
2023-12-17,2023-12-16,retrospective_reconstruction,settled,-142.9475,83.0525,9020.2335,-8837.5425,565.0,429.0,0.759292,0.0,097e07857b765a165d49360d0ad5b618bb71e324994d9488c57389e6c37558b2,39365a9953311169277835b5cd1953237c9e3179cc2404811d2f922fe42bbbe1,5e36e56320a573f0f5f8faa7c0bd369a6de3663be750bf9382bffad3ad733d0e
2023-12-18,2023-12-17,retrospective_reconstruction,settled,343.3675,572.1675,9363.601,-8494.175,572.0,406.0,0.70979,0.0,981ce15bca159534e88da621fc52975c521ac033f55b0ea7c18946a1159ca8b9,7626a7c0964c00d5ec285da4c4c05d2e3990efc6599b2230b32e1cc9b78d8b96,0301ea623076dd2a9017d6bb7621a8f7d7b421903ac60d230af11637ff634519
2023-12-19,2023-12-18,retrospective_reconstruction,settled,2816.46,3052.46,12180.061,-5677.715,590.0,374.0,0.633898,0.0,8a1b2931b0981a5ea51b4d864055b1c1a17d62e47d1890b850163e3c4738efee,75880b43c0090364748ca6019bf309d26f425736a5685e29f4247bd34d04a16f,088f08a36422a0acded56b6ae20645b135470f826472a01e54f0a9e6133306d1
2023-12-20,2023-12-19,retrospective_reconstruction,settled,1653.54,1889.94,13833.601,-4024.175,591.0,432.0,0.730964,0.0,a70bee45f6f39a58c71a2ecaf1da6786809d28de8e3ba9a79f0bbd40de59b151,9350c432c546a0e06e7b9f01c571ea444294c277159705d9ab8474bc9e74832a,8424aa1d5ebefda2d9bb6e95d4552a4ee78de33a408778ce961b4969d7e1ea96
2023-12-21,2023-12-20,retrospective_reconstruction,settled,1399.8625,1636.6625,15233.4635,-2624.3125,592.0,496.0,0.837838,0.0,10b1b1304e81924b766f783e00c12929119c114a0975b6b62e5a17c197965154,d550664fb7a133b0d95322502a59a822540b52a383bb6a62b9affdd37358a52f,af176182f7f7c5a449389655c9271ab4d5e88a3c8467300ca640a1181817e951
2023-12-22,2023-12-21,retrospective_reconstruction,settled,3355.8425,3595.0425,18589.306,0.0,598.0,496.0,0.829431,0.0,31e402218d2c081de3ddd85a92d3b31c21b7e9bd857b54fb61b6df068f3b314d,12cf0f0447cc6e3c5e3db45a7cb740ed1f72cd14fad0da71a0ce7e0d81d674b0,3a7ca85e922003e291969a56ab7b2fbab0ac6020e97b15909b32434e78498f5b
2023-12-23,2023-12-22,retrospective_reconstruction,settled,373.295,416.095,18962.601,0.0,107.0,90.0,0.841121,0.0,fd11a1af78c0e68181e530604e4b9a49bff6c04af84272272770c651b47a425b,e7f7fa666fc68fd5a00a8542900bfae7b392752e26743df2818231f8396c56c1,82dea7ee327bf62eee5ef4f14a377f458aa55b8828e00201f42c3fe2f558c273
2023-12-24,2023-12-23,retrospective_reconstruction,settled,1171.7175,1416.1175,20134.3185,0.0,611.0,463.0,0.757774,0.0,3492af3fafd86c592c1b77317aa899109500bdc6508d3f1b177a1e6119a2d9d3,294c3f61b35a880a2a382b51ba0a7d91fe741ddbb87287cab116689f51244f18,8dbe8de956a2131ef82269b961a0845fe7b10ff7f613da7dded63c6352646f9a
2023-12-25,2023-12-24,retrospective_reconstruction,settled,-128.39,117.21,20005.9285,-128.39,614.0,468.0,0.762215,0.0,90becd7526e9bf06d66d38b06b1c7a758ba3a1ce1f3df9551a08a60d18af5f54,4b1af306fcf95f5a08f2a5b2ce63dda965969b3ca732b3aeeadb7ce08ca56397,2355e46789342282e579d5f3156a69eab86d686b2871e9cd5a95711715417ef2
2023-12-26,2023-12-25,retrospective_reconstruction,settled,-1006.6,-757.8,18999.3285,-1134.99,622.0,527.0,0.847267,0.0,1c14e0f0ee53021f8087ffd02bff4bc7d1eb7c5141d92d7107b038c8ed48711c,70a1fc6bfc91a7ddc200a67b0ecc54fc623367da68349ab73d844bb88257838f,e8587ca23cd9484adafa331c0a0eaf60cb5b3859e402927c872d0784bab44b2c
2023-12-27,2023-12-26,retrospective_reconstruction,settled,-3138.915,-2890.915,15860.4135,-4273.905,620.0,527.0,0.85,0.0,32d1f230c408f39732059ad005f5d1471b2848773cd38a4aad3cb2759a115f3a,5e3794ef2a6bad96849c1b356d14c744eee5f67408e7408d944d97f670e66c67,3081433c187397956a54d63c59f35499ef785d3d4827a7262366e953cf7c2d0a
2023-12-28,2023-12-27,retrospective_reconstruction,settled,154.5147,410.3147,16014.9282,-4119.3903,639.5,489.7,0.765754,0.0,0044ec1c28bab9b8a32698ef8b9199260c01c17a14264a298c6e2dda273cec70,3a7e20e33cf1a43329862742819f380cce835b37cc00d6bddebaf004caf24ed0,195e8b91a8f1ef27d0273c452058d6f14611366be1b747d6bb40549bc17f132d
2023-12-29,2023-12-28,retrospective_reconstruction,settled,-2834.1315,-2573.9315,13180.7967,-6953.5218,650.5,496.7,0.763566,0.0,e903d16e16dd6be7d760cbf902a80955e6763b385ff429730d7382e85a57163c,b1e33c921b8d4f92b5344da33a8cadb5b121b34e7552f8d05cf40dd355a8df17,7617f73c70a03508a1e8d35d6184f936958f25fdb0539d095f3a0c7a2e73aaab
2023-12-30,2023-12-29,retrospective_reconstruction,settled,970.6425,1016.6425,14151.4392,-5982.8793,115.0,90.0,0.782609,0.0,2bf7252e676cd6e5611d265e04de5374e873bb63f8ccea871301efb5f3478c57,28d858b5bdb74e4d26a2e6477865ede49874e46b756c1e1c71f0bbb9bc568b7b,fdb506e151cefb7203173303cdb445912c82fa7501140a85bc9c2524249930ed
2023-12-31,2023-12-30,retrospective_reconstruction,settled,2919.1842,3182.1842,17070.6234,-3063.6951,657.5,521.4,0.793004,0.0,2bc1084d4bc7b0632a02c3255c7fdcee08fb48ca33988a50faecc707fe4839ea,42d46e6cb15a98437bb3f09ae6ed95f3193593e0e471e967e1696822cf1fd81f,f5eedea1975988830059dcd19a48742f4331166e297def56e6b15c43ea0780d8
2024-01-01,2023-12-31,retrospective_reconstruction,settled,4432.9335,4696.7335,21503.5569,0.0,659.5,473.0,0.71721,0.0,bf07928c87e6ef134804fb22e1835cd3d14a64ec0117a1ff141935be9563be47,6af52e83eb719925f43ef2b797af708c64ce2e44ccc72369c377c22f6711e569,440036b979f758b26873c151229cb900c2eaf5c7b104ca61799017042c107b9a
2024-01-02,2024-01-01,retrospective_reconstruction,settled,-1081.05,-812.45,20422.5069,-1081.05,671.5,524.7,0.781385,0.0,fbc7e8a5f7fc11ee32c910d0d7cbd8240e486d9dd2212d89b2a38c31ebec15a6,dc0edc0ef44ebb5b44e00de85e151151abf77fb2cad1a4d1f4c2273ca27f153a,3497dce206d4eaa979f3ec28631d5cd1c9e96d1e86c0a488ff0d4ab688005020
2024-01-03,2024-01-02,retrospective_reconstruction,settled,-5496.1292,-5228.7292,14926.3777,-6577.1792,668.5,489.3,0.731937,0.0,4a0bb656f723768c70ea52aa617c2f51038f3f7181e1687d4f3ecfd5221c0340,57244b17c34398ff5211413326fed2875115c49d72f70659c85a666db2dd6421,89ee20dc493bb874cb25854664eafe65da27903f0c50efa0fc824c79b2137d75
2024-01-04,2024-01-03,retrospective_reconstruction,settled,-73.1152,195.4848,14853.2625,-6650.2944,671.5,461.6,0.687416,0.0,fe69733e06a0af61373a5243fb8444e8c570fbe677982b3bcf226421753b047c,bf5ed1e918f2f8296233623971098e996eafa0c6feb00e130f709b22cee07b10,1cc5cff134bcbbc299bc041d72a216162614912a625e270edc6b9b43c121efbd
2024-01-05,2024-01-04,retrospective_reconstruction,settled,-2600.0692,-2331.8692,12253.1933,-9250.3636,670.5,507.4,0.756749,0.0,4621bd2f54e9622bcc9ad65622529c3ea562681043013b46a59fde4dae957758,1513e4491143a64c1addc3dd7d40b1f71ca9d99521b7da5dd6d96bae1ac1a6c8,86391f2d7320713c2619eb90971a4221164fed09f45fd6051bddd0e1d0d1e2c6
2024-01-06,2024-01-05,retrospective_reconstruction,settled,5522.4887,5794.2887,17775.682,-3727.8749,679.5,518.0,0.762325,0.0,96f1e45d108cb5d3f51a16b54be7c211fae6e6cfa1c0e36b42e834b496a59c28,646d1ff1eb9bd6a5d1bccb526158afc4ae4de9e1f35322f0312a05d1766bcd95,1c6546ff9e1695a9f6fd024b537536be11b3e1a598718e230d90733bbab8eff6
2024-01-07,2024-01-06,retrospective_reconstruction,settled,-2631.849,-2359.649,15143.833,-6359.7239,680.5,435.9,0.640558,0.0,26bcf7c48f5e68549d530af16b546754649955d03c9e10ae3e2b2f8414cd6a21,40252f0b99106898aff79ee5464156e879e5f5c05c2a3fe3ac8543b0afc8909d,01e6cea1c2625b1a92be1f9217a38e8862368f9947bd2f0d2d267d5c4329b7a9
2024-01-08,2024-01-07,retrospective_reconstruction,settled,-953.104,-680.904,14190.729,-7312.8279,680.5,486.4,0.714769,0.0,177d0ba24c5db6ed804228232707c6aba4c55e840067588076d22a13b69eb031,d9c13d23181121057358f1fb58eb60ce183253ece831208dbc9140b44ec75582,23fcf66a68fbe39dafb9eb6c15c66690357906c0eaf030783e8c0b8010702147
2024-01-09,2024-01-08,retrospective_reconstruction,settled,4122.742,4403.142,18313.471,-3190.0859,701.0,563.8,0.80428,0.0,be692981b4839cd8412e4aff032fcf30765e361212c4c492b286a6e81abc6050,aafb048baa8eabb0903cf34b241f56edd8f5984e5c5db9db8c83b29e4902d5f1,c82f7099424817a8dad890954eab729325623d134f3413f8d48e7d6529406176
2024-01-10,2024-01-09,retrospective_reconstruction,settled,-368.76,-87.56,17944.711,-3558.8459,703.0,534.6,0.760455,0.0,a57019060519257a0aa0d3d96ef01efaac53057018ff9e1684611a098ddf4926,c5bf7c832f8a1a0a518e2062f50f93f5e560c33bd486df331b96a9decbdf2d33,4a9515de9ea69e33057eb795825b48f9de78fa78b7a301dae3521beddb03e4e0
2024-01-11,2024-01-10,retrospective_reconstruction,settled,2056.7295,2337.5295,20001.4405,-1502.1164,702.0,426.2,0.607123,0.0,b56d5eb83dfbe10926e11f7f65df1ac7e3749ea15dfb6f9cef262e0026d56c1d,ed0107744ec47032adfb6a9e3986d734ab5df36d5d45dd6373818cc60695bb18,0dc1b088d826c818e976b346c9b2eb8861237d4d3d74ebb8483a04fe9be688ad
2024-01-12,2024-01-11,retrospective_reconstruction,settled,524.985,577.385,20526.4255,-977.1314,131.0,93.0,0.709924,0.0,7e3e435eeabad054098eff57b740a6ca48186ebca8bc1412d5396be5db3f0a8c,83046c6a4847beab833f9f3a7177982b58b7649dd1e8062011183e98954f42ad,54e779795f1a593787e40d7cdc2b9fa19d06b847008f2ca3b10fb80dc2a7e8a4
2024-01-13,2024-01-12,retrospective_reconstruction,settled,5256.883,5546.283,25783.3085,0.0,723.5,615.2,0.850311,0.0,9f9c3144965eb66cc93a84d7a20cc6cc7d1921446cd98d47d48afa36d27dad54,4cb74c420786e716491b6a305e5286c68c6d5122da711220b8ae1ab0ba6083a7,f5026b41e81d1e41930ae1fd19f2a40264171f30047fee9fbda1960681f08a98
2024-01-14,2024-01-13,retrospective_reconstruction,settled,-1214.74,-1160.74,24568.5685,-1214.74,135.0,100.0,0.740741,0.0,1d3002b1416e924139fa966283133459e1a3f25a86a280f146c3614ff79ba5a6,e585d47e9f871d7255b3a7a9206874c924ef4c44e89690311a1402d1c5af2b6a,43c67b68337e11d310f7a59e902537a23cf9bc82cbea7ef1b8952d21981b8998
2024-01-15,2024-01-14,retrospective_reconstruction,settled,5761.27,5797.27,30329.8385,0.0,90.0,64.0,0.711111,0.0,6410fe5f7344261e35dcbc9c26e13acdecda824363e46dfee72fff9f56dca59c,9d43b1110d93a2253e2843ff96e50898fa80018a2fdfa143732a085ce0fb0f2a,6399c6cc794e319f1c0e215bcb6b8ec002f23ec3b1df5df463f31255c8e8c851
2024-01-16,2024-01-15,retrospective_reconstruction,settled,42861.7868,43059.9868,73191.6253,0.0,495.5,333.2,0.672452,0.0,aa097043f1a6c37bd07fa650a55c631a9230cf9626737f80974d31bf6625b2e9,0396ff70371584eaeb9ee8c1d334306f64513b6c7863e85b07fec1f233c88ad2,3121483906374edfb6e77b86cfebd60d0bc9d6a70f83e01e7cf18bc8298f9496
2024-01-17,2024-01-16,retrospective_reconstruction,settled,-383.56,-347.16,72808.0653,-383.56,91.0,68.0,0.747253,0.0,150b9aafffa435e96cc94f601423db1f00d7ac4478592dfa6a59183d3a2a714a,cc7cc12f86e402bf0d1119c5871dd09bcf187caab460b3e608a4f2c40ecf467d,8bcfe12997b2bdfc50dc8c5d035e045a08ab3163ab767c7d16a07c5fd515ffc7
2024-01-18,2024-01-17,retrospective_reconstruction,settled,840.2375,871.0375,73648.3028,0.0,77.0,59.0,0.766234,0.0,6a401768a32cb8df291f5a146177401bc9bbf36a09fee346d0bf95015b4b27e8,884157b3fd142592881845f0d6ae147a81412b429d7e676f1269f6286dd7e31e,da47f4763fce4d7b8eeb493d4c01c50069930e3e6e9294f9827ff85655954f21
2024-01-19,2024-01-18,retrospective_reconstruction,settled,496.1625,530.1625,74144.4653,0.0,85.0,61.0,0.717647,0.0,d11bd6b5f5c76d1da762e34f7eb46045fcdf741f859add6498057eede32b7313,c0467208d1215dd6bba35c9a527f394f4617269e6d801efad32ce718f32a04ca,2223bfa767ae4737e53d9a5c6535f7938d305a316de42c4c7b47c95feddbc32b
2024-01-20,2024-01-19,retrospective_reconstruction,settled,4900.9525,5097.7525,79045.4178,0.0,492.0,413.0,0.839431,0.0,38d1b0d3fb52ad0446ad46de815194d5439bea2a4f23abf94f766c13989e7261,b7af08f9737e0a38f4bb54254ec72481bcff5e91c229f9c5ad8559d5965fab33,adbddd38dc2ea4abfa080080dc489f1765a59e3a3b1c87dcac26327ca258d0bd
2024-01-21,2024-01-20,retrospective_reconstruction,settled,2782.1325,2974.1325,81827.5503,0.0,480.0,411.0,0.85625,0.0,be022beaf4c0490be9add712899c8e038c73ea7dd8f961fc53bfaf906306bc67,5c6990068eb14ea03e626e22c37515b1c35b10ad8b165e367b7b6d10ffe58395,d23a8c90df1349e1fb70f601a3e3e4e332050e040767054aee02b04fca44ce41
2024-01-22,2024-01-21,retrospective_reconstruction,settled,511.2475,707.6475,82338.7978,0.0,491.0,414.0,0.843177,0.0,893249f2919109906a1a863c7045d3effc26690c54b816055bdd49e49caf02ea,8337a213bc2b74b05add8c72983f5488a6b41b4be4fb809eaef680ed7b815beb,95d6ca18481cc1d24fb6ef9c2d44a539c5558ec4ef83aff13997de23075329d0
2024-01-23,2024-01-22,retrospective_reconstruction,settled,1473.86,1509.06,83812.6578,0.0,88.0,62.0,0.704545,0.0,afac625fe70149eb5d5937d48f2a8dab6a6a6aca854a039bbf325fbc3d3bb997,c71951ac6f4074a17b535bce7edaa14774b38140de5b97158634331be2045155,82273be29d032443f9ea0631b4a034b78889cb8756e3847f1ca43651f667776b
2024-01-24,2024-01-23,retrospective_reconstruction,settled,3359.2825,3563.2825,87171.9403,0.0,510.0,401.0,0.786275,0.0,d2376d33bf548805bb590d9fa9b32a360716bc52545e926fd1049bdcf69c41d6,7ac0b82bf0987f5dfb229b8670f2f47d9865aa5a8778d3f2b054c82d30afe6da,18b61bc178fff4c64fd4af81c17964a28448c34182571d56757a7a0504221690
2024-01-25,2024-01-24,retrospective_reconstruction,settled,-20.925,173.475,87151.0153,-20.925,486.0,434.0,0.893004,0.0,0305033e7a173f3fd93a3a31b5e1fb0f95e65f6429fe5dab86e4359874f328c5,2fa99e67b6525b602409233ee408af14dc290f869afdad4897084972bd3783b3,e2201047f0498f9d0f982663d8b3f7fee3d38ccf261163a6252e548b0cbc0cb6
2024-01-26,2024-01-25,retrospective_reconstruction,settled,-3940.5575,-3731.7575,83210.4578,-3961.4825,522.0,444.0,0.850575,0.0,0f495557e1e96c6c0db8367b521cf030d8f838c62f0099813d30bbe030a2a07b,5c9a94fd5acd7602b4009db23d5ca5dd7da686411b031bd7c52ce4e5df664063,b56775d78cf749e4aca34177da3b304f6b79e247cf4b12b71e4fcdea6d664e56
2024-01-27,2024-01-26,retrospective_reconstruction,settled,304.415,516.015,83514.8728,-3657.0675,529.0,433.0,0.818526,0.0,6200ddb21a109baca98dd6c2f61534c39a856bff531364b7df67d2a0c0822ec1,3335f0a90168c9c0c79c1fada5ab1143f8912beee2c8dee9b8149ea831adcdb0,3dc4be025192b6930048648e37e576ce16564680d97276ab97434d4067c20727
2024-01-28,2024-01-27,retrospective_reconstruction,settled,4152.875,4364.875,87667.7478,0.0,530.0,464.0,0.875472,0.0,167b781280029c11ee22e890a5ec66e06284d1c80647752fdbe661bf125b14ed,11701e8f41325b699a2bd2a04a69ddbd43cc6907aca416264b0e5435f40612c4,d871a642d60fa20818cafded0b130a130afc38c349f8260609a75d7011dfceb9
2024-01-29,2024-01-28,retrospective_reconstruction,settled,3286.5825,3500.9825,90954.3303,0.0,536.0,454.0,0.847015,0.0,0257a7f384fe37e75ffc90fb6ae695fdbe9deb92aacc932d177356df7bd36081,b39df1c56ec21cd5140345ed715e51240f093d0c85a7cc3fc351639531790aed,28219ff14b915169e604577b616b9b59c4491153040a8e7b0e2717c3a1b1425f
2024-01-30,2024-01-29,retrospective_reconstruction,settled,4071.685,4286.885,95026.0153,0.0,538.0,454.0,0.843866,0.0,7a97f4a0d750125f8131fdb65843a031aa0474e474a3b74e79224106f7b98eeb,e3e3d38be7a0d5259556942dcb224e927de871532af4d5a3df6d774d53d1ebe7,62c29aa514bd78c42467cdf6d0ccfe8b11600feeb6aa5668925c86658b4bc6cd
2024-01-31,2024-01-30,retrospective_reconstruction,settled,3142.7075,3361.5075,98168.7228,0.0,547.0,506.0,0.925046,0.0,9a54dc4227b16125ba24b227aaa68cebcd9b663a32887c5c60660505db5d94c8,6c6d773109f5cd782004f7c277189d0058fc4ef676fd4a994fd1c01310854048,0c1861d902fced6f9da0bfbe62e285b98ffea31b27f74b58b54256c21764a74b
2024-02-01,2024-01-31,retrospective_reconstruction,settled,471.31,691.31,98640.0328,0.0,550.0,389.0,0.707273,0.0,bfc2c263bcf221bed01b5b68333a180a3f90d9e3d918b7f2e533127beecc034d,a920aa0c15067f56494053b2cd3cfe8e5b6312da3c5ffd3d43bcbfec4b41da30,b35cf504260274cb58b69492bd1eaa75db385bf24aac1607a1701911cadc6bae
2024-02-02,2024-02-01,retrospective_reconstruction,settled,3454.95,3675.35,102094.9828,0.0,551.0,470.0,0.852995,0.0,0627ceaa8b74c5502857e4ae06a8b0667228362e803b643360b77d530490997e,9cf0d780c97ec4063758e6912896c2f40d1c2c7b5b7a5611bf439d0eb515c637,6f6cdfe72d6ac8abc95234a7b50a776d7487b836eda39dc2b281ed3f54459238
2024-02-03,2024-02-02,retrospective_reconstruction,settled,-1038.8675,-817.2675,101056.1153,-1038.8675,554.0,318.0,0.574007,0.0,ab46c2d518163c2880c30dde2911a41ca7a151bf47ac661d3a6fedb0b7a7bc52,d0627cb5c1981300c8eb6657934786294e12e4d34ad5ef239770f89911e543d8,37a73d4db25f2812adb5191070b811b0b0236f577fd0b336a7642a500bd58e2f
2024-02-04,2024-02-03,retrospective_reconstruction,settled,-333.51,-111.91,100722.6053,-1372.3775,554.0,427.0,0.770758,0.0,9d1a763799ae787c25c00ca9782fc1911e2efc2de20278ffbbfd55865a03858c,746f73d86183eb6618b4379c17a0eb721273b016fec07892c0af856d0086ed7b,e8f12f31b8be18fc18e8529d02161f190fc4e8c53fd9492fc0fdabbdcfae576a
2024-02-05,2024-02-04,retrospective_reconstruction,settled,-754.9325,-530.5325,99967.6728,-2127.31,561.0,472.0,0.841355,0.0,7719449d09c45c0015963b86555403beefdfa4191c0556487c77d9de7f6bf825,43cb0538fba8410fc5d1b764dda6acc3923d563d260da29e1d4a0842698f26ca,a40de64d15f0ec585407274a346181505dab34f664afb9403eb8f4e3ff0cdabf
2024-02-06,2024-02-05,retrospective_reconstruction,settled,2397.9175,2624.7175,102365.5903,0.0,567.0,373.0,0.657848,0.0,484d17b5fb1c187c3c78a1fb4592caedda160e4a76cbcf7dc7788103142b3d9b,7d69946a86b3e2001d17ebd405a2f58bf503b44769ef7dd375193b0e7dd7c6da,18f1ada2b66dec51e5348db9510eca4bcb0b3d6b6a8824dd8d7f5edd0ac05f61
2024-02-07,2024-02-06,retrospective_reconstruction,settled,-4401.71,-4171.31,97963.8803,-4401.71,576.0,410.0,0.711806,0.0,1497d8b8f5f948bff38bb3526ff6ae1a604a79168e12b34e9919c39732284180,6e9943ad12710dea604bde4fad4e7b8d89ad0caab40da2d706fefd10c0edb3fa,288485cba97f466a7c2d6a6b780558b56ad298a6a11f21e610175ca1bda9a608
2024-02-08,2024-02-07,retrospective_reconstruction,settled,770.9275,1004.5275,98734.8078,-3630.7825,584.0,404.0,0.691781,0.0,c5dfead49761a9a06d8d8617aaa2afabab544c25f7007ce3442e54f52daf474a,5c297bd46a4f3ee8ada10e397823f924a4e077d7cfeb320a902b8f9247803b35,9e8487e8c83c6dbeb7e4c717789309b913e9f89187b617b2d5a429f4d5d3c0b6
2024-02-09,2024-02-08,retrospective_reconstruction,settled,483.8325,717.8325,99218.6403,-3146.95,585.0,511.0,0.873504,0.0,c8c4cc75a7e171169e9839b2a7ca32ff4fdd22b34878187813876ca3acf8de2f,996145c401a04d611152a08e2427464c85ebf2f568d9c88482793ee67c1f80f9,f6ebd12ed96435d01437b7303fbac8856ba49e6c1843a71476508c1c66f84032
2024-02-10,2024-02-09,retrospective_reconstruction,settled,353.275,588.475,99571.9153,-2793.675,588.0,555.0,0.943878,0.0,05e5038e973d337f7d35bca99c8ec4ff883a5732a6a5620f753177350abb2861,2d6bcaf7df006dd13e3616ca3c4d9219caa5e996b4e5c7a5d807af71a4d3bd0f,8c7c84d2054a1bf1ed5f2157846d1201fa1b7d57987ba4556eee0b43b58f0fe8
2024-02-11,2024-02-10,retrospective_reconstruction,settled,194.64,431.44,99766.5553,-2599.035,592.0,514.0,0.868243,0.0,1cdc37986c021c148bb3a0e19e86147b0bf8b9333bd51ca74fc6a614808e62d2,9d5ad4980ad15ab910aefb91a79f40433bed16ecfa7e735404da8017e4a3c0ce,092be51ee8778eb331f3497008df507420c4ab26ed78dbb496db3803d5593543
2024-02-12,2024-02-11,retrospective_reconstruction,settled,148.43,191.23,99914.9853,-2450.605,107.0,91.0,0.850467,0.0,7967b689663684cdd785a2c2306a491e75708ab77c89fdd907bfa79134fceadf,4783fbf65f3365d4d4a2f5e41c3cc1d0899a3b907db00aebf71ef5ef44bacacb,b84185cef70259432b1c4e82e4e8b8173f48c982dec149c62a6bc7b6c8cd9ffb
2024-02-13,2024-02-12,retrospective_reconstruction,settled,3162.7,3404.3,103077.6853,0.0,604.0,446.0,0.738411,0.0,1264176dc299cc03b5a6212dc8a4b31880328673795c01569d754eae20c8d8c6,402e6a3bf57e60dd79af76d63a97869492564d1d0a89db442c4e1d9a4ccf0ad8,211f6c9815e0b7640541512cd602b916ae6f3c0f9b80c44d5109aba35123628d
2024-02-14,2024-02-13,retrospective_reconstruction,settled,1856.8,2099.2,104934.4853,0.0,606.0,536.0,0.884488,0.0,8b32b866025a33f38d31af7388b1a64c2e8ea4ff8cd40695288a005a5fa35464,a4373e72cd89c41c46a6c9f0cf24c6058e5fd766d1bdd752bad58bc6ae436ebf,3706da4109e09bf1600cb17852e1dc3d9bf8a3297fd436e76c3b49c8cf86516c
2024-02-15,2024-02-14,retrospective_reconstruction,settled,2085.38,2330.18,107019.8653,0.0,612.0,570.0,0.931373,0.0,65a1c85378d02ec27067b0de021d5f082a9de7459525dfd7025eefbd9a5e4834,f7d55ad1262d2b5f2a136f8939f25cc4883dad910fe1ab44fca983eb7bc27d36,2d438abb70dd330e4aaa3a1d4c2c2898711d1f31a69852311af4f6caa57bcad9
2024-02-16,2024-02-15,retrospective_reconstruction,settled,1136.85,1382.85,108156.7153,0.0,615.0,362.0,0.588618,0.0,3f7b839146a7980babffe72b53d28ea598021e82132e5d49e9f65596cc4e19a4,df3cb42fa956c6c59766ea9f8daa5565b6841c3542a0882e774354f0d078dc27,9b4d373ab9a0a0f51946ef5881ec88c8603b36388f637ad6ad5110fe05cee34e
2024-02-17,2024-02-16,retrospective_reconstruction,settled,896.43,941.63,109053.1453,0.0,113.0,102.0,0.902655,0.0,ddd6cd0d56423379ebaba390355c66e97de56dd6d33d084502ca8a0ee1f1c249,67b522fb4facbf3f461a494fb02bb702a612c54b078d50802398d43e1dff45a0,53fa47004a634307a636b2d7cc7034aa9e78187a7ef1a7a59b42ff3460cc79c3
2024-02-18,2024-02-17,retrospective_reconstruction,settled,6397.6245,6656.2245,115450.7698,0.0,646.5,551.5,0.853055,0.0,0190e69311513923b77cf5f61d80fc8e4a8c5cde699ea1a1360883ebd7bdb48d,1ac4014662e2b7bb8dd23b8b0c71057a83cf2480f762a6939ea48ad3440a680f,09d3684462079364b7dc0ccd8adc09b24514b31b9b252911d85df1c75b81d7ea
2024-02-19,2024-02-18,retrospective_reconstruction,settled,1747.4515,2008.4515,117198.2213,0.0,652.5,459.1,0.703602,0.0,6a005d29ecb88bd9779eb5c926112521ecb42f531399182bad49721f1190cee6,9f19dd2ee75747e4aff76d75f144299b705f9295b09f5f2808b273aa37ae0ae6,eab4ba0077ff4bf9128f09a2ceb4748dcdb432810a02f9ac9f3d9df8bd3ad3a7
2024-02-20,2024-02-19,retrospective_reconstruction,settled,1013.673,1275.073,118211.8943,0.0,653.5,588.5,0.900536,0.0,d230d7838de002c4af2b01e8114e763ee7ec6f27c295d84e67fcc7e3ca551b84,6a412a2ffffd7cc6ac7ef676fb7590129e12cfe20d71846fca71a9b66dedce06,f453f8949ca9c98ff3535984eb7344b39a1b369de40e550ec0458f7cacf6d4b1
2024-02-21,2024-02-20,retrospective_reconstruction,settled,-2400.6098,-2138.0098,115811.2845,-2400.6098,656.5,568.3,0.865651,0.0,abea83a8fb0bcf73f6a616181742e305409f8db2787aa358d190287dd7e24b29,6c717803bea1cefef12a289cd13609246b3f2dad82105b95435904949e953dc4,dae2d03d401daf97b5a2706109972eecf3bf9ff4c62ad8c82a077c58c1067611
2024-02-22,2024-02-21,retrospective_reconstruction,settled,-6206.3553,-5938.5553,109604.9292,-8606.9651,669.5,426.8,0.637491,0.0,0d2b1df4f1932a47e291f58c06dc53d6d6aa78e6a3c629058e8db5ebdbce7ee8,1ef0eb12eb6ff7175d93bd287066908a4388ed819ad2e3cae189d2733b532747,243df8cfc1572e45f44c847d622560146ebde220f8fa8f5af6ffaf8b33e15baf
2024-02-23,2024-02-22,retrospective_reconstruction,settled,3467.1085,3736.1085,113072.0377,-5139.8566,672.5,600.0,0.892193,0.0,6eb8ce92d2e601ca3b00ae583f4400c40cf8bd9e0ad2b797f5f66c638adc71b5,143badee7922f36513d3ad9636ae685b3e7c5997111a2cf6851427192369d5b9,373f9b121d5a58ac1f32f85cf8ae98f2ba332e558ad4d280165140c47e2cd91c
2024-02-24,2024-02-23,retrospective_reconstruction,settled,1346.335,1614.935,114418.3727,-3793.5216,671.5,401.7,0.598213,0.0,0eb2195f21752fb75a83be4f79da6c0851ea5da564ae6a43b3cabb1a7bb2c325,5b87b0615d7926902bbf540faa1c2c2584acea4148e4847474e4eddb5efa4faa,96abfeab534e3ca6b965f2df664e7dde6e420e5ff127db48ae167a7cfa4cd061
2024-02-25,2024-02-24,retrospective_reconstruction,settled,155.2892,422.6892,114573.6619,-3638.2324,668.5,619.5,0.926702,0.0,9147d40eace22208f5afd6ed60c8d34a747575145c5efddb2703c2dc375f0537,63fbb4468dfe63db0b16713e7ffd593c620a48d43b957e44c8b969a29ce376c8,7ea8b011144bc4b5122a74523b48cf5daa27c15aedb184892f7767f416f0fc43
2024-02-26,2024-02-25,retrospective_reconstruction,settled,1142.6622,1412.0623,115716.3241,-2495.5702,673.5,621.3,0.922494,0.0,cd91b2abf1991903ed3bfe808df646a211e2cd1e4f56393ab9bf1dd2d33735db,db528046a18f2ff364c345222ce62719f3cc8379e4006a789b6b3832b040fc75,2e721349106d3761eac4d067e34b30ec89041767c9006c2872320a8399d87cb3
2024-02-27,2024-02-26,retrospective_reconstruction,settled,817.0695,1092.0695,116533.3936,-1678.5007,687.5,540.0,0.785455,0.0,95f0c6e20b8dfbd3a5d04241565b6a439c94ceb4b5886d7455e5822de3c28b78,4ecc017622fe0c70e3c62fb79213822af61f7b8ae6e24cc062f21e7199ba575a,73e36fa3d21ad1b245a541ceb7bb94963a8d43566c5f035c0f3306d3969e2e62
2024-02-28,2024-02-27,retrospective_reconstruction,settled,771.817,1055.017,117305.2106,-906.6837,708.0,496.4,0.70113,0.0,45ad095c3dc65d838190672c7581f83836085137bbb387a09694de935a359239,809732ec3ba4c40007f3ed0816766cbab6a3369c3ec7c3c252f88ca329de9f17,dc8d3009612bdcf5acfe408c3e41f17c74b0e51c1493d2490429db9521d6b1d2
2024-02-29,2024-02-28,retrospective_reconstruction,settled,6977.95,7261.55,124283.1606,0.0,709.0,657.8,0.927786,0.0,7ff501d498f517190fd380bd230be8189ac49dbaf8c2a00cd7708178589c868c,1d2d42e2a46553c66c340ee724b187347b70493e76b78559fe2d064d76be4084,f4195c806212210d9a0fc0de7a1f6966cd3634c248cf730f6e112a50ffc29a9d
2024-03-01,2024-02-29,retrospective_reconstruction,settled,2455.405,2739.805,126738.5656,0.0,711.0,393.0,0.552743,0.0,b1dff51770c6569797e19bd54145073a9b81bfac407e795a5a0043d823671c78,41da80c26d7ed14d67f90439232b4acc69452e1264c2aa71bdc12c90542a32f6,d1772dcac848180052db1e06c6d1e6892e6439260327a4f78b56a3f6d5c25034
2024-03-02,2024-03-01,retrospective_reconstruction,settled,3807.396,4089.396,130545.9616,0.0,705.0,414.0,0.587234,0.0,2f632419f3233a725831d45d1a9c6fc8962d067721e8b92a76858c5af328f1bd,692908bd1386d2cc03c8196f2106473125ada9e5a4a3dca4f812bca3fe3c2da9,4bf853e58d03c0dfe6dc13154a67400153988b9d20668cf02b0c43fafd462f0b
2024-03-03,2024-03-02,retrospective_reconstruction,settled,1518.6755,1802.6755,132064.6371,0.0,710.0,452.2,0.636901,0.0,1d4c30b3892d98d6d4993107b41bba0465b780e2d805c5bfe0f8d5248e1728df,eb984ee32d84e611bd2e9e04fefe0bc1a51eb5f4ffdb0e575d3a8e2b79db17dd,2a806ed8cba645f4a78396b2e58f432d67333872caef788b0606331d7acfb2be
2024-03-04,2024-03-03,retrospective_reconstruction,settled,-3255.127,-2966.727,128809.5101,-3255.127,721.0,625.0,0.866852,0.0,9ee63ce0e73f6776c9feb0d101434d0c65c390207e310a74385660e102584f00,3f9705e2b9029722b2f443b3a0fc0248a601a622d04ba3d21c6d505c173b8b94,535d87e75c2d8dc09684833ece4f512b62d90ce0445e84733a48cfab4d93de91
2024-03-05,2024-03-04,retrospective_reconstruction,settled,-11.222,229.778,128798.2881,-3266.349,602.5,486.6,0.807635,0.0,2b690bcc0393f83d36d988415571b52e1f1d0ff49048a897e6b46f559450d896,78a1ab0af69cd2d17455909310b3c8b909d73008a893814c362ed329abb8c6e0,07aa6f8c413d293abc12b992af6e0250e6a4c64ab410dc6d48c17aadc88348c1
2024-03-06,2024-03-05,retrospective_reconstruction,settled,5634.518,5888.318,134432.8061,0.0,634.5,584.9,0.921828,0.0,fd28234efc25631654e17c44c49346031881308e24d6eaf66d80399c4416323c,4f69ce42e01c3064db73f481d0d8f5e48639553ad165d2a8995d867af2d8fb6d,22525a2bc517601821e47d62bb3c141c7d14b95d7854e35c7cf61f4a5565b7c6
2024-03-07,2024-03-06,retrospective_reconstruction,settled,-11275.0187,-10982.8187,123157.7874,-11275.0187,730.5,695.3,0.951814,0.0,8debeca61973bf8bd3716b764d14b1ea965504b11fa29422114aaeb686329e24,198bae093a6e1dadccc255278887d5d91eb4bb4cfc933a578d61740f596e6aa6,0dff69c3254fc22a81a282cefaa29a959ace6106faf7eb370adfda3aa699f356
2024-03-08,2024-03-07,retrospective_reconstruction,settled,4378.4658,4673.0658,127536.2532,-6896.5529,736.5,490.4,0.665852,0.0,25e458f2de876a2ca79305232a6691111511804cf1f6dd6c98ae75ca7af97692,7467fef8a1c2bc179f18d11f02620d886f46c7b28c0ceb7cef7ff3ad5d0ee633,c4aea7ed941d3f241f2325e48f716c878f06f955dafaf31fe3cd2cf0fe88ea55
2024-03-09,2024-03-08,retrospective_reconstruction,settled,8552.2555,8834.2555,136088.5087,0.0,705.0,686.0,0.97305,0.0,50f9b47d14ced9a6009f5740b00c1575de24b71ee0800a2ea813dcecc161330b,b4f0c39fef75bb41e19ec8f938ebf461d49370edef29fd783ffbaae2b1bc6ec9,afd83ab3982cf806fdb66038274de1b18c7a19e13c41d981ff1cd2f17d421ee6
2024-03-10,2024-03-09,retrospective_reconstruction,settled,8872.7525,9154.7525,144961.2612,0.0,705.0,583.0,0.82695,0.0,4c13100ffe235cc71443caad98522f0205a718b3dab975cbdbe0253516dd0c07,ea58c85c5ec925c5edfa1a023b2343882637e17ede06d3e5363ef4ba9543e1b8,924fc7ffb9b6ff61f4b14aa14f69a0b3e3c6ac24319a2b09ed731a187395ffd1
2024-03-11,2024-03-10,retrospective_reconstruction,settled,4952.8273,5219.8273,149914.0885,0.0,667.5,490.2,0.734382,0.0,6c94707b135d242c0c2e78bb947402459d0d1fb0b2cd795886592dedbab4d6ee,6828160ba136b3156325ce1a7cccd4bdaa234b7897f5891d768be791e018a208,c44876704ebe7d2e6716911a2e975d9e8417f9a779aa0ce770fcfff8aee1990f
2024-03-12,2024-03-11,retrospective_reconstruction,settled,1379.6302,1648.6303,151293.7187,0.0,672.5,470.9,0.700223,0.0,5b256e75da53173689aa7a5c95f29f90cdb79b5b17eadccead89ecc58ef3e382,580556b64e95ab82c4fbe1695f7a67574cedbdd9e9063c4115ef1dfa36e03dca,e6e9c952896526ec1b9fc05f7e4adee059a7649676e27649dcc367941ac3e998
2024-03-13,2024-03-12,retrospective_reconstruction,settled,7010.077,7279.477,158303.7957,0.0,673.5,586.6,0.870973,0.0,32e5abd42a75fa1a0bd98ff18554946f6534cfe26dcca71bfa4ec21fffe9ab42,a386f8a53a41d0cf897ecd5dfe480cb8167792e7c2e9ab3d1ec46af6c31acc71,39e48c0eb291947f43b733d233a4187859d9cceaad6554ca2531820262ec6e89
2024-03-14,2024-03-13,retrospective_reconstruction,settled,-878.6198,-604.8198,157425.1759,-878.6198,684.5,644.4,0.941417,0.0,4d485d8e0666931dafd0fea6ab9c692502e02549c52eb15960ebcb5f23a43318,a9ec1106c08d90ec630edf3603a14ba520fcc151f2038379c367e005bb1e9ea7,77c5acd0d1b3390e4277c2a5997b76eb79b8325fd578874aff4c6becaf3b86e8
2024-03-15,2024-03-14,retrospective_reconstruction,settled,-3399.0418,-3164.6418,154026.1341,-4277.6616,586.0,446.3,0.761604,0.0,b3c36fe61beeeaf9c1363101725536b89bb79a824061aa7275f2737664a05992,d53e63f2543458b2d4c0b3564f1dfba43608eb917b006f2d76163b6e4d3a323e,6ef8be55220f8eb2926ee6918d18183f207b13ce7a9229647ee15b31337d342f
2024-03-16,2024-03-15,retrospective_reconstruction,settled,-34475.2497,-34203.0497,119550.8844,-38752.9113,680.5,598.2,0.87906,0.0,9f5a99d3576f583c607e7b61040679fe3c2b1dc668ddc73faac8684be044cf28,13d9424765e2263accc1fe886115311e6e4dfc74188ea3cd12a4cd022a2be263,ee24ce2f418ccd355a9b6eb9dfabbf4e38b56e9452745abe8b619ce84bc11ec7
2024-03-17,2024-03-16,retrospective_reconstruction,settled,6747.455,6952.055,126298.3394,-32005.4563,511.5,435.2,0.850831,0.0,d845cb2a6d9ca82a5df51d76afe5e2334d37b72cc2a11d7f1631457347f32f7d,b6698680f12a28baadd5bd6618eec6d912b80f02b59854a16e4f847f5e444644,e25abc1ec38769ff1cd3f1c12a6b777722fe2ac22fe98713560d603609fb2b05
2024-03-18,2024-03-17,retrospective_reconstruction,settled,13725.6975,13921.2975,140024.0369,-18279.7588,489.0,416.0,0.850716,0.0,d3532b05c514d2207185c3f1621f256f5c1479714cffd2afceb0de2f1fe49f1f,27d2cbe068bb152be5eb31e6f3b347235d3a56ab19367bfd7cda0ca68cb7425d,ba541bd52065e00b226387fdf98b73adf839c8447f9e083b4c309da20a8c3f65
2024-03-19,2024-03-18,retrospective_reconstruction,settled,-3916.56,-3722.16,136107.4769,-22196.3188,486.0,376.0,0.773663,0.0,3a07d33e94c99d5abea374ab42f48208d4a85a138b3419911a3d9b7acfec66d1,6164446d9f454ee30538cafcd2ea4cc22a66621efbb05c2f4a534a472b3d05c2,6b6ae35161681b94547a1084a029baf6cae3b6188fd780b1dc28e74ccdc29168
2024-03-20,2024-03-19,retrospective_reconstruction,settled,6662.2625,6849.8625,142769.7394,-15534.0563,469.0,412.0,0.878465,0.0,78205c3bc1f16cc1594d827f336b45aa830a857c648a5f07a20c14b027307304,4f679e0f789c54fa23d7b20b2bdd83a89d476a286cf3271cef1fb425529791af,8264f603c2c38ce1ad655249626c3e2bd9eeab16c753c1c31fc045382f0070d4
2024-03-21,2024-03-20,retrospective_reconstruction,settled,6181.87,6369.87,148951.6094,-9352.1863,470.0,327.0,0.695745,0.0,9fd64c656495c9edc77bf64642bcebb93d5f7addf6d4cf62360341cbf645b364,7b4fa9ccba34c4982c0661ac4544740b83d22ea25235393a2c97a75a1c700210,888639fbc44d5f824ae1ed602b3431d27a994f8fd5bb49a77e0532889129715e
2024-03-22,2024-03-21,retrospective_reconstruction,settled,-7764.3125,-7603.1125,141187.2969,-17116.4988,403.0,346.0,0.858561,0.0,21632b8abb895a6e2095aa98a16a6508211c690ebff9cd3271b840ffcb6864f1,6818c6a730d8e1998763170b46c3861b0a97af96a73a12bf79df4eaf543eabfe,274aebcc9b2bb53eb351d646f31ce376e84d95d82202564ea4bb3ecbb3131aa1
2024-03-23,2024-03-22,retrospective_reconstruction,settled,9713.2,9900.4,150900.4969,-7403.2988,468.0,299.0,0.638889,0.0,d8e95bde3a4426648f865b16d8bb49e460ecf801dccf9a467bbca5c48111ed76,5f3d75cc3b8c5df3597737415d6843024953ff9909ad8de02f9a0b53842cf2d4,e71cd45478e31120f7a3286891739d74b5df795c82f27677981030ff2e472ae5
2024-03-24,2024-03-23,retrospective_reconstruction,settled,2733.065,2920.665,153633.5619,-4670.2338,469.0,410.0,0.8742,0.0,965b7e3ccba825f90d0ef86889c1c9bbcf7673cad2812448da4718ac40368346,374c60b1673f192e8e0125fe441346ea9fab53fbd9d74889d19cb98c20d54c47,a966b64e4f1be35f438f3e1896fefa69504690caf529ad12a06a0e457d274723
2024-03-25,2024-03-24,retrospective_reconstruction,settled,49.645,236.045,153683.2069,-4620.5888,466.0,286.0,0.613734,0.0,ec1846013f4e6a97a00211dfa5fdfcc3a9a058a56fc23a53bfd069a3522e2078,732588dca9bd357fa555cda88992808afbfdcd7ee6bf7836e586dbedf4ce0682,1f018603350c1bf121e7a521bca4ededdb2f0633be33793293e2e92d0fc2b3e8
2024-03-26,2024-03-25,retrospective_reconstruction,settled,6043.5,6230.7,159726.7069,0.0,468.0,432.0,0.923077,0.0,6a8dbfacc841e5554aeef4f56b0d341095f9786b67c9a275e066a72703ccbd9d,879ac86a2e29154f738f16cd81ab7cb26ea65f5afa7387f9fcecfc91d7e27324,caaf81280ce612312c702586cb39637430eb45ae0f771b6ae3526171bb769606
2024-03-27,2024-03-26,retrospective_reconstruction,settled,4768.8575,4952.8575,164495.5644,0.0,460.0,278.0,0.604348,0.0,776c145f9ac8cc62470b021fdcc8fa0d38cb2f1304adac12bcf1d3198df9b168,2359db9abc65a61d11e9a247e0d42935ac7583b46a37045b28f2b4a7c62cc1bb,6eefc58f7b12afc35718e276bfa158db4e94af7b0906ce07d5a7c2ec8169545b
2024-03-28,2024-03-27,retrospective_reconstruction,settled,12955.1575,13142.7575,177450.7219,0.0,469.0,317.0,0.675906,0.0,415a3c2a4e0ff1c06c723d6935def27e01be67a839dad81f22b757094eb9eeff,272a190f6651db26088d5aefb0690fd0e59ab039f6ae61513b965d7b84fb72fa,ae01d27367825fb72d9cd5455790dae6b2847cb0a402ab44c6249f3c1d985a43
2024-03-29,2024-03-28,retrospective_reconstruction,settled,769.7975,955.3975,178220.5194,0.0,464.0,435.0,0.9375,0.0,1fd31ad841d7a219a93b8983482cdd77ac69ae523fb1b7a1fda1bd8308546dbb,441392019d936bc77b6c2cdae3f62e08f1f27fb9d02bbb9cd4358465a9ba4745,fc122768641c4a7a04c15f71dda53f27d493e7c777f60331c92099eaf7844f70
2024-03-30,2024-03-29,retrospective_reconstruction,settled,2747.725,2928.125,180968.2444,0.0,451.0,426.0,0.944568,0.0,0f7327d0e3b395419e2499671a4025e22ad848fe6ae27718302ac6611a95622e,b3c0f20c183bdea2605e015348ec3b5e804190722e363a4ccdce970d07722b54,38e905825b14962771b3a8762ec217c734da85462b920106e4b11819137d630d
2024-03-31,2024-03-30,retrospective_reconstruction,settled,-923.0425,-734.6425,180045.2019,-923.0425,471.0,433.0,0.919321,0.0,2d7c073ed55a4b735bb183d2ab408d09b9a00dc7a358d8608826001f40a57b52,c623d753b0d293f1ea4493a5cbedbcc32f68fdfaf01679a1c62ebe3a1c01efca,fc296e60f41a2aae36a77851c9ec7b5c032f7f6bc735378dc51a89d8fa1a35aa
2024-04-01,2024-03-31,retrospective_reconstruction,settled,7222.315,7409.515,187267.5169,0.0,468.0,436.0,0.931624,0.0,9cbca9beaffaace420eb2b11bf5a3645389196cbe5269f28e207c519c479fd2c,09354789184a412cd92e92892688ba3d47f4fe53169c8c348c4ac49e07824551,1ae521986a63f58fbae734d9ae858650646dd80ba727846355357f5813a69177
2024-04-02,2024-04-01,retrospective_reconstruction,settled,3668.09,3808.09,190935.6069,0.0,350.0,263.0,0.751429,0.0,1d6e3303d90c29cb7c6ba6941a227f9fe25b673a4431e93b5e7338083eddc363,6fac47b31abea0cf3e53a7d2ca29906e77acb907827f4f5670b0ed6d6aa83bf4,f7e1a2d159d172a5521912ffe42f4267993adcd85f143271950465efefbbfc70
2024-04-03,2024-04-02,retrospective_reconstruction,settled,3925.89,4113.89,194861.4969,0.0,470.0,336.0,0.714894,0.0,f98ac78ea364d083c81769099a8f7acf3116b4ced1dea922ff33e2c21e0a763a,4a36355b6a213be0776dd27c56203b36f6adde3404119d9b10320ac4d936ce69,aa0bff079a1f463936402affe47629fa741d2aac3f8ea42a682270c3eebe441e
2024-04-04,2024-04-03,retrospective_reconstruction,settled,1019.7775,1208.1775,195881.2744,0.0,471.0,347.0,0.73673,0.0,0e359b3b61b92c156de2f11a947db1dbfdadb10bf69e2da74a2badd23bfbd5a5,65ac549c3b4bb3342db97975b16aa473447d587727085a8d6968b84855255408,2492a379104f593a0f13177509d75f0e7456ec5369fa5e024468c012904afe48
2024-04-05,2024-04-04,retrospective_reconstruction,settled,-1278.9975,-1085.3975,194602.2769,-1278.9975,484.0,370.0,0.764463,0.0,a2b6cc5e1adf36004f835e784d0c168c967c929e8a7823f81a4b90db4122e83c,a825a37286e1e61b6e5dbf5a204c9bd1641edd04ebaa63a19bd7d53685ced0cd,c98b2c4473c55a1f148647c46548927745de309c5e97818d2d7a5890db234f2d
2024-04-06,2024-04-05,retrospective_reconstruction,settled,-20.145,175.055,194582.1319,-1299.1425,488.0,433.0,0.887295,0.0,0fff39836013261e3c5e00b9034dae2e0b8e7a241292bea8519ac937dca805f8,d090e41f4c454a7b3075035663dc0a2355e8e974eb439044da7b778c45c7067c,2ec132cf0e2fb5dc84d013e497398d19065dcc19822e6e5e7d88e015fb5a999c
2024-04-07,2024-04-06,retrospective_reconstruction,settled,-3882.6375,-3687.0375,190699.4944,-5181.78,489.0,310.0,0.633947,0.0,1a9ca0f7007107ea7aac4b0a3f6c43e7a264d4de99f504ad7609cdcf88799220,df66462de9c3fd7c857e2d3dec752940731dc6f99c6bc49a2b9b496b0f1e71d9,bc870efaef37f7e2b5b782997168c34719667f08f29ebd643a5dfa8309abbb55
2024-04-08,2024-04-07,retrospective_reconstruction,settled,5836.1975,6031.7975,196535.6919,0.0,489.0,458.0,0.936605,0.0,8b64045b91db555dee4d25dda5c26c7cb878266b641ad49fd2a8cdd56f857c1c,cbfdd21e003451b6b64cb7158aa271c1e4eda04c7d36aa9b0fdeaf7edea69c8d,712a2f5ff7ba59222aafaa2d61954320323d239099138969dac42cdbb338f297
2024-04-09,2024-04-08,retrospective_reconstruction,settled,2996.3375,3169.5375,199532.0294,0.0,433.0,398.0,0.919169,0.0,b4dcdb687ff48105363472113ebcf17379395fbec430611c709cf5cb0626acc3,3c6af23f531f77c414048f0fc76c382f26d7fc758e3634b7dbad60f0b54b9449,79152edd0f5090758d84814a29bd7ac5fd0faa083e9740e29c5f657dafd3d144
2024-04-10,2024-04-09,retrospective_reconstruction,settled,-6329.7525,-6133.7525,193202.2769,-6329.7525,490.0,452.0,0.922449,0.0,59815dc6ec33cd8b32711597f6998d6c27bfb86720813168f2ddb6e165434933,f21b3df0738ad81d0c851981a7edd64f185fa88d16666466c20b9ae341ff86f8,91df9e8caf3d2af9e37095e70a0836da102e91cbaa53aafe3d3e14db08fb2c2a
2024-04-11,2024-04-10,retrospective_reconstruction,settled,3500.3075,3701.1075,196702.5844,-2829.445,502.0,342.0,0.681275,0.0,3fe8d8c2a3f3390f8629c85e75d96b206da0e8adcc857f9fd18899370f65ab3d,18587f1fdbfee2cd7091ccdd21fdb662ccdf0e88c6c20db40f776472a825c14f,2a8a23fc97d41e322e31a1d33a1aef23351d15724a6ae5c16d26a937e4573727
2024-04-12,2024-04-11,retrospective_reconstruction,settled,2347.2375,2548.0375,199049.8219,-482.2075,502.0,317.0,0.631474,0.0,afbdf30701c6f92c6ffd095e6868d0084976ba21817948c033c010fdf556f5ea,a5394ca2ab9a8e060012dbe54bedd8744e9ca1ff4f2c64dabcdfea481de42e91,01936f536220d55bb15ab4e9a35b23ffa697b2f0023c220586d63d2200580e35
2024-04-13,2024-04-12,retrospective_reconstruction,settled,622.275,824.275,199672.0969,0.0,505.0,324.0,0.641584,0.0,aa0c80ed9e8c0a720e3dc178175960953a7b770cc9a7316ed1bd854df00fef5d,5940a1045910c3aff5fb2317756e7e70c7e988dc2611a9d433517612727ee6e6,49bc1c05f19ecf728309e28f77ff5d1e92c7f00925976efd17e11dcd56b0ddd0
2024-04-14,2024-04-13,retrospective_reconstruction,settled,-1656.7725,-1453.9725,198015.3244,-1656.7725,507.0,486.0,0.95858,0.0,4869a0a0e51ae434e8a401a14bb10e977e70ccd2d5b18273b0b0cd8cac393cf6,07cc31ccf301e3121d54bfacb846c23ec7b912d48338faf439b06127886a9971,a3acbc683c6a1db335890bc505548e91bb03364a6e4f1880803aca298df576d9
2024-04-15,2024-04-14,retrospective_reconstruction,settled,195.805,399.805,198211.1294,-1460.9675,510.0,493.0,0.966667,0.0,6575dd22c2516eebe1cdd56900dcd035c25b693938ea8d325d3740c90327a440,8792d92753e594494973872701520b0109b669156edc4fc6c7480a967da33797,c1ba01d8f84d2bce3175b04e90520178ad8ef9070549de59f89551044e27c04a
2024-04-16,2024-04-15,retrospective_reconstruction,settled,-3037.7025,-2828.5025,195173.4269,-4498.67,523.0,475.0,0.908222,0.0,3ea66d0c511569126428afd8de5130387aafcd179f437da2688cfaf00d37fdbc,999224003fc1dbf3cd7319cfabcbba5624733e812fa228f07eaa00af2d1cad9b,923de8076261af466785b7287ee927f527866c87b41fe2ea94d17a5c68e1a54b
2024-04-17,2024-04-16,retrospective_reconstruction,settled,11388.94,11598.14,206562.3669,0.0,523.0,480.0,0.917782,0.0,ede02921e1b06de7d24776fc3f62101d59faf2b43bbf4fcf906a1cfadb9c847e,bb2b747ab0b3dbcccf57c2995ba06db3c0a7df0364bae29e00c10756f6fd29ff,264f0138f05e8aa7760d1012fd2ebcdad868a7a6d04f9b6f8b625af1d0a7ad3c
2024-04-18,2024-04-17,retrospective_reconstruction,settled,5292.795,5448.795,211855.1619,0.0,390.0,325.0,0.833333,0.0,c0f51f2eb62d86c8aa4d13fcf34d39a0c9c2abb3c8b31f967c51c0d40f120d66,796394e97dd02d4bbe5a9ca9efe8ffb20db8684c2157fba51d072425ce91e57c,8bc82903e1f1879300c602cfd9e8fe151c25e8a161f196374cf2fa1a3029c1ce
2024-04-19,2024-04-18,retrospective_reconstruction,settled,949.185,981.585,212804.3469,0.0,81.0,77.0,0.950617,0.0,dadacfff16303ef9b7d0bd929dadfd04394faf79ee5530d29ffc657867cdb9d7,65fb0de1af66c18db15aafc3eb1f0f375ec9259d1b6e128f974810e1a9e5e8de,218459bfb82193885b1ebff8cde4c81be535b851f7bab7184dc341add6a5f2a7
2024-04-20,2024-04-19,retrospective_reconstruction,settled,713.275,908.475,213517.6219,0.0,488.0,406.0,0.831967,0.0,e1ded10ac8cd36284f72d9468f10185599116ef1d45ba8e6af253defa763a1a2,0ade1581bbe38862c715c249ed59310021b53d1f943eff1c06569b75bcbd6f0b,1e13eb7771b0e71cf546564d06e22d02d54fcbc9ef64640029bea50c02628eb4
2024-04-21,2024-04-20,retrospective_reconstruction,settled,1592.025,1628.025,215109.6469,0.0,90.0,90.0,1.0,0.0,515aef6ffc768ac74c387b7c07a1076bb337e835368b34492fa511997e343188,bff03c0e12c1b5dd9212363b3d3bb7b3a5ca303c6bdace34015af5037302ab67,f39add310194d5806bd8159684aa3189fd7d7db628178fec835aecc53383fcd5
2024-04-22,2024-04-21,retrospective_reconstruction,settled,3666.2375,3875.8375,218775.8844,0.0,524.0,321.0,0.612595,0.0,fe66590efd59f0ddaace8e176078f1d751d5c937e8132b990b6613b8bf8197c2,5dc3b13c3e588903562ab33f9093466bb89de809bddfdc8cd5cb9266c2b03e89,7f95a2ad8cbba940824557f23e3d65cbf29888e1d33df1f1fb1f3cbb1b8cfac1
2024-04-23,2024-04-22,retrospective_reconstruction,settled,1202.5725,1410.5725,219978.4569,0.0,520.0,344.0,0.661538,0.0,ffb6ee9fa95afc35e99810b4e5e4699ca474f3451059497e49aac575c723d00b,b8e03685ad5c4f21e80cabb265bc1a47432dfb28448fc3311afd0da120056e02,6fb40c0a8e40a291dfb30d3f49eb6efe39d65cc919ab4b3970d5b24efeae7db1
2024-04-24,2024-04-23,retrospective_reconstruction,settled,2728.7425,2942.3425,222707.1994,0.0,534.0,494.0,0.925094,0.0,184086d75a3f8fc167a3dff722592d24ae86a870a3599ffd9753e5431a568867,b1bdd0773de0bdb6deb19eda49d96d381caef2446c941cd34589d63b6cda543f,2b05b8cf927ee8e3e38679e74886324b387b4103b031d1be21994e62a0d62c2c
2024-04-25,2024-04-24,retrospective_reconstruction,settled,1380.105,1549.705,224087.3044,0.0,424.0,362.0,0.853774,0.0,3669696910da94a69e2eee2c00e157781827c816d9121b7966eda63eae9b01aa,8697ce7db354448320b310e82f4deab414aca7cd3837e17cc15bec6a18e96ecb,16a138f5dfd774b9755e478be07c22391ab5ff18f5972ec57f3f545da8fff8f0
2024-04-26,2024-04-25,retrospective_reconstruction,settled,1470.0525,1687.6525,225557.3569,0.0,544.0,508.0,0.933824,0.0,d5d8f19f7c69aa49e0dea39a6f88489f228846e565c9111a13deea5a8940a032,c2b5d9d32e90b0896fbd54ad22576caad91ea52c337f96bf901ba4666a22ab2f,a0683b0438fd6eefffde281547c25d4d1767d285fd9392a3e8d493d1edc55401
2024-04-27,2024-04-26,retrospective_reconstruction,settled,3468.2275,3687.4275,229025.5844,0.0,548.0,506.0,0.923358,0.0,61a79159dbd7386c956008c7d4f369d72aa2c5c14b3ea085de564863394ae56b,d84f2401ed530e13e37fc93e3d892689ff07880739ae3528be6cfcb481030565,7b9edf59296ad703c37939dec7002fad7a55d6373fd70489fcd5514b5b94c2e4
2024-04-28,2024-04-27,retrospective_reconstruction,settled,-2010.5475,-1790.9475,227015.0369,-2010.5475,549.0,491.0,0.894353,0.0,9496bdb4b89f8410384626a40518a64fe3b3c65b852ee3dee858ae6a8ecaed5b,16de63741f0dc293266cd73a925825a3634ca7f4400ca82279cf907937405c0d,de3948fc76ef95c23cc6097d3e697033c66e95136cf90846bee08e128a6a61d8
2024-04-29,2024-04-28,retrospective_reconstruction,settled,-2877.7775,-2675.7775,224137.2594,-4888.325,505.0,375.0,0.742574,0.0,6b7643fa87f40b8771dbeaf53ec2ad1ea0794a7986c1d9c11e65fb05393178ae,62111c8e21ff678ead754d2d841c5ec67018ef03cf6b121dd3a8b2752bad17ab,5052d2675006acc03f1827014936ad89884b6b275d97d2755a56117b05fca578
2024-04-30,2024-04-29,retrospective_reconstruction,settled,2765.28,2960.48,226902.5394,-2123.045,488.0,310.0,0.635246,0.0,fb52e47da90ceab470d4c11c1db09696975f2c568c0192a4dcea82d34265cf43,16c94697101ee36f416232e682f0dcebef99d3b2c6d48963665a592b9d6f7e96,e3ae88558cf5e13653af3e63469cc3892a002a21e25642fa0fa8b08ee9a4b3f8
2024-05-01,2024-04-30,retrospective_reconstruction,settled,2998.9575,3224.5575,229901.4969,0.0,564.0,461.0,0.817376,0.0,b180f0300078798da7dca9a7c2751e07739029ddaabf8eddd5cccf0defe69ed5,8c7ffc695ec48008cda22e2ca038a86e367e3120cd34c0d7c072f9265d03c20b,529693928c3172b9c6832dcd1fd298c7026b2d9b29c0c14a9bd84ddf68b787d0
2024-05-02,2024-05-01,retrospective_reconstruction,settled,10889.0925,11117.4925,240790.5894,0.0,571.0,534.0,0.935201,0.0,602bef27c7dc2ab52055bb1114e4fff7c4713a1d401ff135f0ba2dd0ffd635cc,ba2398d0dca943345778b9a06e7a435c1b6d61eb9f4ee49bcf7a7ce617615653,183a734564306a9e4affa697e6e1b55ddd2bc7f67046338262d86af904e863f4
2024-05-03,2024-05-02,retrospective_reconstruction,settled,7093.2825,7296.0825,247883.8719,0.0,507.0,495.0,0.976331,0.0,eb548369271778c0d88fa9cd504ed4b54f67e1075d4a5602103e6d0a415721e0,f2548a4915722c7a0ec6556ec675e4e2d961c83c4a58eab03626b7d3e8f15243,6403b168457589c938906bdb949b1763a3571b9fc32eebcc72ec7e14cb61f606
2024-05-04,2024-05-03,retrospective_reconstruction,settled,4571.06,4739.46,252454.9319,0.0,421.0,381.0,0.904988,0.0,947b2cdfe5585d64504e9142a58d12650c4aaf4c40fb496886875fe818239371,a7a9887e08a09c6ce1fd95bcce1934cf530cfb84a2407eba27267252450774cc,1d49919fae174f3467d2334e6b7327d41e50c1609a9e9df5c44f16baec418128
2024-05-05,2024-05-04,retrospective_reconstruction,settled,-2645.585,-2426.385,249809.3469,-2645.585,548.0,518.0,0.945255,0.0,a2b0e369acb09a4a8320475fa0e0f1e392f8b88a1b3d9bb267e77cb114e6ebbb,aea1ebfa8d9df674a7c3c9e7821893b0c9e9c7fd0b0a7364266cef55c7454a45,a4c3435ec4f3be4264eed6090c8b909c2bed2a5254631705652f20f0b0422ffb
2024-05-06,2024-05-05,retrospective_reconstruction,settled,494.7325,532.3325,250304.0794,-2150.8525,94.0,78.0,0.829787,0.0,c4b17cc2499dc4c8e00ecb748f560a1437b04937b74bbb5eacc80f735f5bf788,82e14ec13029190d7b9eeda3afeb123f4c0c483c9dff187323f24246a042a67b,3eb8173cafc5003c160723f77dd57928bdf6e4a4ca1ff0ed4e2119c367c95b74
2024-05-07,2024-05-06,retrospective_reconstruction,settled,-678.8075,-459.2075,249625.2719,-2829.66,549.0,497.0,0.905282,0.0,c491ebe73dcbed9a3734b44631bd96c6dc06fd9ce8337b60f213a9c208513c12,6e7f875f68299e771b3a80fe296a5c995a2808b406cccce24cf45a89089962e8,22da4feda0d829875f063263d2d26f7e4a80de6cafe8debcf9236c6af17dfc64
2024-05-08,2024-05-07,retrospective_reconstruction,settled,3999.705,4176.105,253624.9769,0.0,441.0,395.0,0.895692,0.0,503d0dba14f2dc6134592df569f6df7df91368573784f0a9554c07170b7dfaa9,4ef0f45d21d5c7ff61ab30f28eb9edd3f8f2f8836178f789b6a64e163518b60d,5391c73c7dd6df595aa8bb1526ff33920699e42928826b0230a412b2f2073035
2024-05-09,2024-05-08,retrospective_reconstruction,settled,-41657.595,-41469.995,211967.3819,-41657.595,469.0,335.0,0.714286,0.0,fe533178957d47dbe6bb6c98224b93c66769fbd2b92073cac66a67f8e014f118,ece4be56a803b4add8aa3f9e0f0c08f19f64904ede044398a59a94cfe2980c57,cfb95802485b6c247854312753daf30060713092528ac89dfa883c59c2698a81
2024-05-10,2024-05-09,retrospective_reconstruction,settled,4560.47,4758.07,216527.8519,-37097.125,494.0,457.0,0.925101,0.0,acddd8ec7aa249ad834ef86d29178b83087b0bf82203b61057e046a545857647,8fc88bbcd0dce2d3c809760fc7921377a5ff606b8a94cda6eac674310b840e02,eac850809e7e9b5a841736299edf2e2365852cb08e7a9894aa5aacd5c9cc545d
2024-05-11,2024-05-10,retrospective_reconstruction,settled,2416.84,2560.44,218944.6919,-34680.285,359.0,351.0,0.977716,0.0,7afef9af752e8ca9a6869340c908fbbb5787c3129842fb38488fde1b3336b177,1e555b5484eff50676fcfc400e04d495534c93b951f4b8604eb47a844d7ad2f7,3245f35b94a7b378290d7f0e61f59d30c5a4e32120f8c3c1fa7e35b22228ceba
2024-05-12,2024-05-11,retrospective_reconstruction,settled,1738.0875,1881.6875,220682.7794,-32942.1975,359.0,331.0,0.922006,0.0,445068f5ea931d5710486c70f742b2c2825c81e33e8e06f593203c43f8e087ad,37bc12c4410063343c2a2e2156d941fb197db455f58048d6fba75562a567d5c2,545239fbceeb65ee856d3c25c8e6b3e974166f27195018a86013570d55b76211
2024-05-13,2024-05-12,retrospective_reconstruction,settled,4952.38,5098.38,225635.1594,-27989.8175,365.0,240.0,0.657534,0.0,4e9724b97d8d54d22093c73e5cab155a8a2329cc21477616de2115777da67910,5e90bc83325057aad41fd3d93230fd7756b28ef4bed79a4c223b6e65841f1385,3256a659342e8173e958828a7b65d3f00173ff1345f73208ec38176237ebcf57
2024-05-14,2024-05-13,retrospective_reconstruction,settled,3740.975,3893.375,229376.1344,-24248.8425,381.0,246.0,0.645669,0.0,0ac51221b388d8a1204db97b070ad60a31693bd651ef69a2405efb319c104b4e,5ccc8ed019c811f3af41f31e070bc85b4a0c2ee5e72e0e1908760bd87a5b50d1,ea073291348863a0f2d1814dde60bbc4798e537a50c33265b8581bc7dcb0ef5c
2024-05-15,2024-05-14,retrospective_reconstruction,settled,2326.1075,2451.3075,231702.2419,-21922.735,313.0,178.0,0.56869,0.0,0e01497c7b9bf3bc96e7d4e096118752a14b5fc88412ae6e83b68be434b0b49b,54da516a10f93262605056a5abf71a2a8ac3957e84bb32eda0b4197093850c12,5f48b07fb2c541bb9da9f2ad99c32113d4434208340c68adad84e41a791afb90
2024-05-16,2024-05-15,retrospective_reconstruction,settled,4182.3125,4336.3125,235884.5544,-17740.4225,385.0,351.0,0.911688,0.0,b6562ae7e7f2f0d272ebf3ac3b18a69a388122c7905e3d1d2ad707c8a6a4842c,a762a059cfcc3eb8018d3cbdbef5651969a489a82afe0d46fd1fc8fe9eaef191,a7579e79eb79533c943dd71f2351a08873bfab7513aeaac430770cf6d3cc73ba
2024-05-17,2024-05-16,retrospective_reconstruction,settled,-2772.4975,-2631.6975,233112.0569,-20512.92,352.0,268.0,0.761364,0.0,6cef0add432b0799ff6918a7402b340f1709a7bba8b82b272eefc639395516ec,a83b21a02dbd0ef9d8a3a70485b16916db262147be043e1e31824ae07e791305,91c7ab1ce48a2404004753bb098072f3f13955452b8794168b718057af1f95a0
2024-05-18,2024-05-17,retrospective_reconstruction,settled,-2056.955,-1952.955,231055.1019,-22569.875,260.0,208.0,0.8,0.0,e4ea4fea99c79a89abf0c9dc8cc9fa73b1f323911e8e1bd31b2ab583521bc373,e535d4a75625270aee72f5bc29ea108d3fdfacd7edc56483d4dc0d5db0db6541,34b7e14d41f1b84d638eee8b852e856f3c5e45c16252e2ec371e2f498380411a
2024-05-19,2024-05-18,retrospective_reconstruction,settled,760.9475,894.5475,231816.0494,-21808.9275,334.0,154.0,0.461078,0.0,9a938c638eda1653c67be130bece5e814f6971b3995d456f29af11de26a366ca,0d072d81238db700f2ce687495b9ec53751850c0ad005907a083f4bc3e06327c,ae7023cabce834e3ec8900bd79e7e372fcf8d1670549553a4b1a25d1b9511fab
2024-05-20,2024-05-19,retrospective_reconstruction,settled,-2771.1425,-2615.9425,229044.9069,-24580.07,388.0,222.0,0.572165,0.0,95019c9bfdb27f1713445bf0402e237f10f6146ec18a22a809d1760dcc6d272b,5925f353094358d16563275bc63beacaeb5804bd729f1d0b4b1f7d9500347ed4,6e64d65b5f3359ca4ad9c492674325eb80d5bb800c2a5fe06802cd9981abc985
2024-05-21,2024-05-20,retrospective_reconstruction,settled,-9570.19,-9442.19,219474.7169,-34150.26,320.0,304.0,0.95,0.0,c9df7e31c7547a155e0126568cfa025d024fc166c594504a94d1e5f7c3e2422f,4de41e9e0a178b43cbde1356df845a6e1fe5ae1461ede2bc830e87fe200fe57b,8feac70a08228697567d92bdd7a4bd460eaafa96c3b2052183cd7aace8091116
2024-05-22,2024-05-21,retrospective_reconstruction,settled,-3124.59,-2982.59,216350.1269,-37274.85,355.0,347.0,0.977465,0.0,0c5f1b1a8af4f699e4e8af6fd6bf3c91db62d01863074870587853e4aadc5be6,c3da3006135d952c0cc7d4dd2b5a3cda24d554c6b92cf74b5a363bb1dadd9cc9,5f0d67df27b5a52cc5fd9b426921080912b1dccebd47a51c2c07016dbfdcd84a
2024-05-23,2024-05-22,retrospective_reconstruction,settled,4815.5375,4968.3375,221165.6644,-32459.3125,382.0,347.0,0.908377,0.0,a761f42046336a892fd01a66dc599792972a5371db465a08a6707a0f609e9af5,d68b6e34f2416eccc9294756a329b876ceaa23f1ae65e57c72d820eb373e5b3b,f12b8e6bb33c5eed998e58040b283c63d042e3d63511c898c7822c2efbb1f2b3
2024-05-24,2024-05-23,retrospective_reconstruction,settled,10994.2825,11147.0825,232159.9469,-21465.03,382.0,354.0,0.926702,0.0,071ea6baa4266b189636d46172d919e23a956d070f46c1780332f50295fbe046,32ba988c8775f9615c777d6a93c02b57a73f45576ac8fde2359a1bd1aedcf5de,3c32c0af907e5ce8396d75f99ba1b70aa83cba686a208e508bcfb893284998d8
2024-05-25,2024-05-24,retrospective_reconstruction,settled,-13993.2025,-13866.0025,218166.7444,-35458.2325,318.0,270.0,0.849057,0.0,f6f0a2761e24c77de667c93c40ff21caad4315aa91a2593550fda7bec8211f89,0e3e1eaee7f6f4fc4e6bfb073aeb7f79c4759062623fd55c657b5b794981d10b,7f26cf59a081a8e3cdae57e7d4cc78f8fdc74402569b6e7291db22960490431d
2024-05-26,2024-05-25,retrospective_reconstruction,settled,7694.705,7845.905,225861.4494,-27763.5275,378.0,324.0,0.857143,0.0,f61f3902708d8ea0f6c363c1e5dee122dc141621d075a7154adf722b2e7d1ae7,b3ea512c85c6e33377f994f15b00e23430ddb903a20c6b4fcf7d4ffab8ad2404,2da7b244d00d1d907a51d66b4d3badf84edd8b2c438b09dc473f334c5c2d1ba0
2024-05-27,2024-05-26,retrospective_reconstruction,settled,-1792.4175,-1690.4175,224069.0319,-29555.945,255.0,216.0,0.847059,0.0,5e2d919892f0667841296ef37198000f4040a00944562fc652bcf25c3e52141f,aaf386fa8c87b45ec83add28431f8357f9a590eb4b436ef874b817fe2d7e37fc,6508cf71a8852641ec2b0161489130382d2286a104320194029abe08971eb7d0
2024-05-28,2024-05-27,retrospective_reconstruction,settled,257.745,345.745,224326.7769,-29298.2,220.0,165.0,0.75,0.0,00cca79a9c3982635d08343efa3e486fc27a1adbbe9e24e1391fbf73c469cca1,2fd667fe2d26c5cdec5a420ab0f4eabeba53834deca1599ac100743df306f665,3c26f36470286fd7da5f9c244f1f6b0d1fe697eafba807fdb5e58b5ee73e6ca6
2024-05-29,2024-05-28,retrospective_reconstruction,settled,5454.8775,5567.2775,229781.6544,-23843.3225,281.0,258.0,0.918149,0.0,8936c6932ceb51f2b43afac84622e7605e860244eb94838d2c2f0074c2100d70,71deb8d6b3087427f585a9cd978ae296d0e684efa0005fe8ac7b57fa2da4770d,675fd9b60cb5023ea02d7d8e4b21383b5bfce784863c83c2ee89fcfab433d81d
2024-05-30,2024-05-29,retrospective_reconstruction,settled,213.72,327.72,229995.3744,-23629.6025,285.0,263.0,0.922807,0.0,965fed598b5d6611079f5ce8957e6eabb8258c93cae084cb7b389b8105a64e81,05045f5ec365ac506aeaa257ad5a446dca0f2a5464cad955dfa008db5fff3496,bede2728978542dfe1bd92b1e77c4874612f32c7ff7d21122ce8468aed5c6114
2024-05-31,2024-05-30,retrospective_reconstruction,settled,2848.34,2963.14,232843.7144,-20781.2625,287.0,246.0,0.857143,0.0,0d38bcc42c340ab251ef40c313b38e7c6aac8a5ba0f203dad25a7aa54b3d02c1,b889193d33d45cc0d88d7cb67fb510eda226499dec60089971d5a15bf12e466a,e5614e0516f70bc285bd8d7173c5b0da2e890a1a41c4ef20f643d05621f3eec9
2024-06-01,2024-05-31,retrospective_reconstruction,settled,3254.54,3371.34,236098.2544,-17526.7225,292.0,259.0,0.886986,0.0,e91aad3e04a34e22986bba29948f0d760709260d7030556347724cf817a6417c,f3ea652118f2e77febb3e3918468af7d21a596def14302731a6899367e3d5761,a7d7860c11c16398641a7342f9b2cc3ba3b679b0cd9b4a19fd0192bf0449213f
2024-06-02,2024-06-01,retrospective_reconstruction,settled,3417.67,3537.67,239515.9244,-14109.0525,300.0,269.0,0.896667,0.0,a57c5562479f90977d2ead78ae6cfb49f72a69f93c2e40459128a0d5dfdbcc0f,9ac8e5df1e9741586aed05f8901fbfcb6a364e8edfe39d327f0a95a1e48cf1e4,cf4e75a02764928411f91a8fb9167fe00f3ed7f994f89a6d9efcd1f418ec6dfb
2024-06-03,2024-06-02,retrospective_reconstruction,settled,-30.385,91.615,239485.5394,-14139.4375,305.0,253.0,0.829508,0.0,60d6526c1ad62598d8b9cc37576548f5c1e589a83d166bc63f4a5fd3c22030ba,743fd3c7f27f3715bd5c79a2b3c2c34f62be7853d4a816a7c9e1ea6f2a732018,50330feda30e6224c87cb219fc9e78d886980fa3d2c4c581c3ce6930bd10f2be
2024-06-04,2024-06-03,retrospective_reconstruction,settled,-12741.3175,-12619.3175,226744.2219,-26880.755,305.0,279.0,0.914754,0.0,7e765bfd389ac60237a6f7ee19ba7c1b3f74e64e311e2d6db1b1cf54c4dc6ee4,f46e9e36c639c2976304d0f8718b794fc02afff6ab8b158438273b3c5d1b2919,fe0d88c10d006565cbef682932576bb667681a30bd1930c91e27227d82e497d9
2024-06-05,2024-06-04,retrospective_reconstruction,settled,4153.9275,4279.1275,230898.1494,-22726.8275,313.0,290.0,0.926518,0.0,60e00e243acd73c445c91bc4fcd0344e45b65e4a3cb8d9fcf27805a67f47739c,dc110e43bc18f51d6fdbd5ddce6b73238cf10f84be1d1c13fdbe1d98675c4b56,73ed8f4a6334bd5db5e7894c9dbe466fc4338d295cdc081df968e8206f7ff9ef
2024-06-06,2024-06-05,retrospective_reconstruction,settled,3483.845,3595.845,234381.9944,-19242.9825,280.0,230.0,0.821429,0.0,491a1a9323688ee1c32d98a4f54119bac8f42ed36e9b7c6a0c7e913f5b83d931,fc9ea023e695232447c17477b7a540f38ee5c0a63d39a6c089e55125a1c60cff,e355e77305c2b2757ba21a10b70e74fd84ac134f2d317c0e1aff8acbf98b851f
2024-06-07,2024-06-06,retrospective_reconstruction,settled,2750.1275,2850.9275,237132.1219,-16492.855,252.0,193.0,0.765873,0.0,7ab22b0e61bd6df4ee174697b8c9d6d9ce966bff414f6f5d8d19565b1db603be,3297b95de15e5aa41499aabda05431dcbd1fbda5d007266369df49fc5f90ee53,b874eaf24987f27122650bbbf2a45fa6027a262287aeedd99572bbe6e44d321f
2024-06-08,2024-06-07,retrospective_reconstruction,settled,2000.4825,2123.2825,239132.6044,-14492.3725,307.0,231.0,0.752443,0.0,5b874df5046144f7c007d6900ea35f45375135442040078de7a379ae68416eeb,1b31233b07c2d311e3d430f2710b152222d54fc8ca6bfebc158067ed1f1afc76,21cbaef6d33827c906e23ef850d952edcdbefbdb62d8f158a583efc4e21b82d3
2024-06-09,2024-06-08,retrospective_reconstruction,settled,1456.435,1579.635,240589.0394,-13035.9375,308.0,293.0,0.951299,0.0,3068f53d59d8655a3e848edc0bb15ef8d6fde42aeaf22978bc08c613328c0f9c,48bceb01285c7a65f0b24101dd59e9406ba5c4e72f46fe1aab6151e098e95b0c,891343018ffc5ebc1476dab45c08b5fd74f1027d7906468e2f4c9063a51e0f4a
2024-06-10,2024-06-09,retrospective_reconstruction,settled,5392.1175,5519.3175,245981.1569,-7643.82,318.0,269.0,0.845912,0.0,8ef583c1b22b9fcb25d044e0a6faf9f04e14e0a8f713d9853e0703850f8f7b1c,f807b12155809a3a0eb49daa77d3fe85eeb34ff2a9ee690b1faa71abf8c3e7f0,9362c8070caa0bef7021b6d86aa3410e0827b0470afb6b0bb2de2debf5190faa
2024-06-11,2024-06-10,retrospective_reconstruction,settled,-11880.38,-11768.38,234100.7769,-19524.2,280.0,238.0,0.85,0.0,7116c891b18c5636a2be533fbeaf7bd3ba299c7bbebbf2f175e795a61a64d191,6037a0b4056fda46bf7dbe1958e31d80c0f095648efc8a78ab36a1a574949dad,cd13f93a32e48003a773708f502783da94044381248c3ec339742288a31d08d4
2024-06-12,2024-06-11,retrospective_reconstruction,settled,-16697.265,-16584.465,217403.5119,-36221.465,282.0,233.0,0.826241,0.0,226927e963db7e049ae14e088f5803ef57fff3b3e50d973a841960cfadf83df2,f0686fa8a0f8fa35149656628d2bd97695b45d1bebc83a27204ddeac087dc219,8ca3edc6029540ebe7559c67dfb0f4cfaf89bcd14e49f2d6df8da8eba43f83d2
2024-06-13,2024-06-12,retrospective_reconstruction,settled,-3130.0375,-3034.0375,214273.4744,-39351.5025,240.0,215.0,0.895833,0.0,165c26cf668a1c198e21679af47ebc14108644523d5a3e38cbfc4327834ffa26,5c6a16e2f0c4c05df4f9e4a6a3c0edbc409b264a41660ec5bd7f8b02b7f48480,26e661d158b7f1f4d9b3f844dce01d190e5b60569652bf585aab463f8f7067cb
2024-06-14,2024-06-13,retrospective_reconstruction,settled,1586.6325,1676.6325,215860.1069,-37764.87,225.0,198.0,0.88,0.0,f0ab944a3a546a43ea02794508ca2b9b28139f35e9359872f3db872aaa676760,1a9cce765608009673418f776dd968560a6a95ee7531c202b1aa24d5706bcffe,1dcc75d5c414db551425a4732f81c397641b72e337fd84301939d0796e35be46
2024-06-15,2024-06-14,retrospective_reconstruction,settled,5278.755,5371.555,221138.8619,-32486.115,232.0,214.0,0.922414,0.0,a4d093736945d652f91c7a5abc980fb037719391794e1b8505e0e7bc6fc4118b,a0e62c71c79024b1176590e67b204f5c3875162ddff6c555ab6c339cbec08957,d76860f3549785d07d2cba88b99ca5401d004ee37e70f168e441385e6621f73c
2024-06-16,2024-06-15,retrospective_reconstruction,settled,3873.49,3995.09,225012.3519,-28612.625,304.0,237.0,0.779605,0.0,0064d5beed5fa3f4ca3610cf2ffd8562f5c720540991aa49d877dcae8da71c98,0d6adcf71a88bedba8a9bfab03cd9b85d62e9b1badb0371b14c15e76ca8a2c45,18497078ca8a95a8153869068d3fefcedd51f76baed59f3d8191361b2b250cf0
2024-06-17,2024-06-16,retrospective_reconstruction,settled,1666.4625,1788.0625,226678.8144,-26946.1625,304.0,227.0,0.746711,0.0,94b75be3ab0d748fba0fb184079e85e0fdfc097017e72537a4ecb9cdfb995509,3b5fb31073aec4890888116b974442c6e94c0567bbfe2ce31114713127ab5655,1cb1f6bcdaf95b856b77933c32e186fc1756233fa40959ceac0d93830e5ec220
2024-06-18,2024-06-17,retrospective_reconstruction,settled,762.7075,886.3075,227441.5219,-26183.455,309.0,237.0,0.76699,0.0,c7a2945b8de7ee068d995446b8e0d29d83a7129d85164c0aaec7e65d72c768c1,9935d78158b67123dbda955628ad092cfc9bf744cc2b475573e260ed80f56708,81c92759c5d30d6d7da566e15c50359543c7838e25b670a3f679ad717535d4cd
2024-06-19,2024-06-18,retrospective_reconstruction,settled,866.985,887.385,228308.5069,-25316.47,51.0,47.0,0.921569,0.0,94cabe07701e085966a0c88743ab0c14329b5c27659f838860a91d104eaf20a7,aeaa0fb6209f4f81e77b19b579fea2f303d7ab753688b6491b1ee73335151433,268141a04075cd6b9a090647cb88e43ea3432af542773c5d856478808c919fbc
2024-06-20,2024-06-19,retrospective_reconstruction,settled,952.0325,1080.4325,229260.5394,-24364.4375,321.0,250.0,0.778816,0.0,744e7a3e9dead672d342bf2ed5098ac5a9865be06651f27f07c42622406d2cee,3e75bac6f7d8c49fee05fc98c671412350c99a444b711e2d8785664abfd28d97,4ff00a44db7007c5dfcc8567512d2b8f50fff9952c5dca724d642ddc801d7dfc
2024-06-21,2024-06-20,retrospective_reconstruction,settled,4243.665,4372.465,233504.2044,-20120.7725,322.0,287.0,0.891304,0.0,9375471173922fcd686f4e0a762e287550eb793fda443d014e1afa4ea085ff65,7634cb79cdc2c35d60844723741fa46402739b57e33415439da70f2653d89b75,3ad6a7b3953ece82075ccfd82d84a7f324effc45236858e7d38dc927cc7076c3
2024-06-22,2024-06-21,retrospective_reconstruction,settled,4312.6625,4441.0625,237816.8669,-15808.11,321.0,313.0,0.975078,0.0,df50c2023d75f79362bb04b0e33617093c2bedab6d713ce59d5e8d50c3f662e5,372212a0d9b2fcecdc8e49a1ba64dd703bc96ec5ed0102c133bb89006122a79d,5527e5d01046987d4fffef6d335fdb947c7def48da14d28db9df7d74a14f81f1
2024-06-23,2024-06-22,retrospective_reconstruction,settled,2120.9425,2249.3425,239937.8094,-13687.1675,321.0,306.0,0.953271,0.0,2f4f339b4249873cf1058409cc2d6a97586e8c00b5d615297664a1e2c90fb782,3e74088bdb4c34c41777d6ff64040180cc110c3f15b18fa819be326e4bd36b0c,eb1eb53de9b739c701c4f339f9c09ed03e24eec8017befcf4449178acb1cca40
2024-06-24,2024-06-23,retrospective_reconstruction,settled,6553.7425,6682.5425,246491.5519,-7133.425,322.0,296.0,0.919255,0.0,63c581f2ad732d3fa9de15c2c1019f03470fe7ce61665007c206f9f0167bb359,604f0a171f5433aedf7109d2a8746397ed336a68fd85a49c6df2264ae72a90c0,20f9989c91b9441005673d117274dabe64cceff7c504a7718afd50b461fde65e
2024-06-25,2024-06-24,retrospective_reconstruction,settled,5612.6,5742.2,252104.1519,-1520.825,324.0,310.0,0.95679,0.0,0e6d38d888d5f8cc5276c03a84db3f46f193df0c181132b0d5b3eaa6f19e6596,432ccfee45c65dccf5e25df747739bc133f4359a4158e00fe1da074b1695ccf0,eb9dde3fc017c152713091199255a07df157be366fd43296baf9d24b36671d71
2024-06-26,2024-06-25,retrospective_reconstruction,settled,4190.585,4320.585,256294.7369,0.0,325.0,324.0,0.996923,0.0,36740259e0d98c23a7bc73fc3aa257a678a73e2f21904c3ff622809af9e009ef,b1aede2ed2d701cb37a456c21bc094c338e92335cbd3e6d315358ceeca795e7c,8c17869fe9c80aeb731bc63a9fd6900cac839308aa56ab00e5cb72000d0c2297
2024-06-27,2024-06-26,retrospective_reconstruction,settled,-4473.9925,-4359.5925,251820.7444,-4473.9925,286.0,263.0,0.91958,0.0,9116364b37b7f0eae73e49ecbc6cf79bd78c319d52f1c8599164acf9892a0d2b,ead5558b158327442218594dafe7afa97d4db7f3e01f3514a98c38d33c798178,55a315af6dfa686aeb53419055c50c351ada01409c59433946855530b8f97644
2024-06-28,2024-06-27,retrospective_reconstruction,settled,1992.815,2112.815,253813.5594,-2481.1775,300.0,261.0,0.87,0.0,500556b18a231c8ddbe9057c54f7bbe2f03478fb4d58e7dbd5bd79aade1fac63,ad1d83b10d7c67c34c5f80bbb760aec64240a3930ec3539c4811cd166f1203d0,f5238553bcb9411400e9a576cdaf46033226062ff471191cb270d3131fb30e98
2024-06-29,2024-06-28,retrospective_reconstruction,settled,4090.905,4221.705,257904.4644,0.0,327.0,293.0,0.896024,0.0,bce0155f462c110e33f87833e2c42d26a7f195082f07a3c872996070666fe441,927f28f531fdefcfbfad26c7b6c3720b36a6f4c95daa1caa43d258c621e94783,83dc9578325b217df579f66e26adaccbce23017d0507ecb21c88b61cbe4a085d
2024-06-30,2024-06-29,retrospective_reconstruction,settled,2681.0525,2811.8525,260585.5169,0.0,327.0,288.0,0.880734,0.0,68c27984799899eaa96f324c3f16fa6aadc8ded521a3548cb549f15eda2f5254,c6fd8a57bccfea59cac83b507606224cfd05ade80b73c5467436bf2097ea50a6,7d72ce9899982bddf2fc28d7ca8f6b267f2c8802924e85cb649692d5f0afaadd
2024-07-01,2024-06-30,retrospective_reconstruction,settled,-408.63,-277.43,260176.8869,-408.63,328.0,287.0,0.875,0.0,e780b62005eb15f633dc27371c5cba0e1e29a6b802913d70081efdb0821ad3ce,3435bba4fac99e1d849ee77c1eaac2e0049fa4fb0c3b578b67dcde2ec71804b9,10cd1118b72fae3bccf639acbb3cb59e20ca053d7be9ffe14b4925ee0bd5d4c4
2024-07-02,2024-07-01,retrospective_reconstruction,settled,3328.88,3460.88,263505.7669,0.0,330.0,277.0,0.839394,0.0,62aef62def1c680464a41ae19873f6fba45e2656350175ce72573c647e3e376d,fb0123f61d2bf99f70d9aa8ad88bcf0e1d09960df20d0aa94299b69a73c0cd8e,e8e0dfa6cfd73fbc442fdb0c788e8754c3bb3e446cf3acb764f64fc11d15ea8a
2024-07-03,2024-07-02,retrospective_reconstruction,settled,2881.1975,3017.9975,266386.9644,0.0,342.0,282.0,0.824561,0.0,7baf88d5c5e005688f8c89b2e0d8e43e5f58c1ce592e9507aba7ee7780e03eab,4970c012f2f72b4103b0223a7a8ebcf5dee48f2cd2a001fa38c377c38a198426,fa8acf635efb0028185321d017ff8d41eb1436b64c946c80da263a069930cc95
2024-07-04,2024-07-03,retrospective_reconstruction,settled,5220.0775,5357.2775,271607.0419,0.0,343.0,316.0,0.921283,0.0,7ffcb60854074ce4f1867b14811a5fce11cc842efcf7448e6346d696035cb9fb,fe7f81376b112457f136812ba02d976454e0b9d0584a504c4750f97c51328f2e,b7c693f8c01a8e355438cd3b1deaf2a271968e6462ed2d788e9268666c573792
2024-07-05,2024-07-04,retrospective_reconstruction,settled,-1454.925,-1317.725,270152.1169,-1454.925,343.0,310.0,0.90379,0.0,8997908500b161cdfde4f89e24d7d0397db17eda1809b4d08fa44aaccacdb923,96580d502b13eb7cc6f53b7e1923e3d5225858456534e63f97c774ef2926afd8,0c00e1f24ef709a101a08ff81bfb209b766c0e7db8961413cdb5c20b68873ae4
2024-07-06,2024-07-05,retrospective_reconstruction,settled,-9370.5275,-9233.3275,260781.5894,-10825.4525,343.0,265.0,0.772595,0.0,0fe66927905d416fb6888719fdc43e88363a949168b9a8a402bd826130253e3d,0d67cc5e830e4ac7486996b22be254896e55ebd374b5c18ad2d5a7c4200e9405,7c7e58757d9089eeb0e00d071262e35f8da8f352489b75ffd38564477c876f75
2024-07-07,2024-07-06,retrospective_reconstruction,settled,8879.53,9020.73,269661.1194,-1945.9225,353.0,347.0,0.983003,0.0,0f943bd617be845c20f9c8f3982bdf88eefa2cee892a9915577f5ea95de0d1ba,acbdf84bbe2a9a40d30295fd9b427193212898e7d674e2a6380c3beef002e8f4,0db7b6118c5e8577213284f2e80ccf7b0a13c8f70a9a3d661292c2b32c2f6a53
2024-07-08,2024-07-07,retrospective_reconstruction,settled,1616.24,1746.64,271277.3594,-329.6825,326.0,245.0,0.751534,0.0,b73c12e57e513699f0555612673f6642a6071a53486ff3852f10984c9d7d4c38,d01eb0eeacc0aaa5bc187ed370512c8d447ef3ba4c38e52b68fb601171947f42,082cf74d9fe03b4af7313f5dd03705d66d1da09ad6b68346d05eab4237db9ecc
2024-07-09,2024-07-08,retrospective_reconstruction,settled,576.3925,705.1925,271853.7519,0.0,322.0,240.0,0.745342,0.0,6ac033cd60f80a8cc4a42b32d27d1c957d4e5cdbd84f32187d38487d688ffa3d,a1069947a28cbace6b73de3a21ab2e857ecd2e80595bfe6e1af98d22ef93ad73,891f6fb339e3a41eae0618828920cffc33f3023a9a363af74483acacb6f1d679
2024-07-10,2024-07-09,retrospective_reconstruction,settled,-795.315,-664.915,271058.4369,-795.315,326.0,251.0,0.769939,0.0,121201cdacb0db1b82e16bb4136f9957372e77f6d69e36671823eec1b7a66254,c48806fef3be66f286cbf719be6ee88c043a5bf061aaa7bc0841bb64a551de76,789fbdd94dc8634503e1ae151eb82cbe109834ee03638255a8fe83128d67544e
2024-07-11,2024-07-10,retrospective_reconstruction,settled,-663.71,-532.91,270394.7269,-1459.025,327.0,234.0,0.715596,0.0,f58cfa89c49d2112ede20cbb7622bcd68a04e08bdbdf2cbb54ff0380ab6848fe,34666407818ac673140d27d5123f17e5c6e3bbd752ad7155aa3432e9e9c0eabe,d638cf736813ba8a6ef0647f4e72834bfa0c8d9eed01d51822af75e0ae90d3c4
2024-07-12,2024-07-11,retrospective_reconstruction,settled,-540.0525,-408.4525,269854.6744,-1999.0775,329.0,267.0,0.81155,0.0,7425cc538bf19f1b4ad578fcb1d465225e343ec89ef74699dd61df1a52f9dae4,944f77def82aec3d514c782336d75cac699b7bdb4a48fb0b513d4c50777b7324,c70e5ae1355ec5b3e016474056339f681c8dea702e62d7e3510b7b3b1a5293fd
2024-07-13,2024-07-12,retrospective_reconstruction,settled,1031.1875,1163.5875,270885.8619,-967.89,331.0,316.0,0.954683,0.0,7eb4d104795608817855add8420e9a66be43879d435b3c857a968b48734b062a,47c89ff31bc6d2d5903f69cfba8d0a60259378bc0a30d2e7daccb817ea8c245e,b23fb36d43b4b538586c973ec7a50c7c5eec37c2d285b1cf21d80a1d5e209197
2024-07-14,2024-07-13,retrospective_reconstruction,settled,442.21,579.41,271328.0719,-525.68,343.0,304.0,0.886297,0.0,687d11bb80af9350616c5be5c2dbd69c1d3c514fc92780dfbb32474cdd3ef5db,83cf11a638c43fec1b35ae9aca364a0fb71989dc1176c9014263de3548e26cd6,18f65ac587715da57678e2b769d2ea6524a583b667d2dd1832c46e04f9822e08
2024-07-15,2024-07-14,retrospective_reconstruction,settled,643.2,780.4,271971.2719,0.0,343.0,321.0,0.93586,0.0,cff7db42b5ef194e0d86328f1913981002057fb0568b7be6bb21407466421395,1848192467d5d462e6efc3f54ef749afa5eb82ed6ca2e2e56b7537e7b8f75582,a24a520671164c76b7d22ecd44b04545780747aa2c71e24ba3685a2491fb0b01
2024-07-16,2024-07-15,retrospective_reconstruction,settled,1460.8,1602.0,273432.0719,0.0,353.0,334.0,0.946176,0.0,90f1c38177dea37a60ec2eec720ae765c5602cc86e0d5ca71d45144140121902,0a7adc7e68cd56a6ba1827e031cf5fcfd91932a9ad8c878bdfa8c298aad6d6ec,973fb7a5e0c9dad5e3dcb524a23b1135d22ebadfe8a89c7831b0e7adb581cbaf
2024-07-17,2024-07-16,retrospective_reconstruction,settled,787.4125,929.4125,274219.4844,0.0,355.0,302.0,0.850704,0.0,210f42ad9648b838d75db559e06df2145a7ec67ebc0ece6e53183f6bca803696,54ec153552204223f58f7a2c5f190e6fff357438b652d8998f2027a2824f399e,e57ac687e6ff27694cbe57478454582876d9fcdd02ac57cba9f485b48559d295
2024-07-18,2024-07-17,retrospective_reconstruction,settled,-4542.5525,-4398.9525,269676.9319,-4542.5525,359.0,253.0,0.704735,0.0,e7683c16768702329c43ea091e620f8e19a1029dd5f2ca27445a8efcbe9b33d5,aea38916c734e9d9bb8b348004b453189e83c6fa1a109454e87bf43d42777ff3,420509cd295bb460efb1fac365d1b0701b9490a9ae24cf42d9d694fdcabb4371
2024-07-19,2024-07-18,retrospective_reconstruction,settled,-603.0875,-458.6875,269073.8444,-5145.64,361.0,250.0,0.692521,0.0,7067a2ae0f81537002d7f1e87370f1c8279c3a34e8a59ef8d2765b5a18e36036,afcc3b3d040a1d5cb6fac4143f167521ad752b62d73d29863f2510c8b41f45b4,7bc21b31eff92a0be2c9fc14f7d435aab65c1ee889febeeec68a9ccda666f036
2024-07-20,2024-07-19,retrospective_reconstruction,settled,3181.6125,3326.4125,272255.4569,-1964.0275,362.0,272.0,0.751381,0.0,6c021f376db70e6e410ee68e62c21ea6c1d574256c722db4a6b918856c576b99,bb466534b115280dcc035a64e46c1ceebc9627228d28d420f8f676196cc96924,9dd24a8117de8d377387e553721f79a147fda7a28300b429c8ac9eeecf203d85
2024-07-21,2024-07-20,retrospective_reconstruction,settled,1516.84,1662.84,273772.2969,-447.1875,365.0,312.0,0.854795,0.0,3d1cec821708cccdab3b5550922c438181d07892754b5a0631e81562438ea0ed,2a4fd17c2b03ddbc19f2cd4097d8389afc0750b388194a4384f34ede870db825,1a2db9054529870b467b785d09e28e3868a0f43d73702c1709343ce0d58ac260
2024-07-22,2024-07-21,retrospective_reconstruction,settled,3374.7,3521.9,277146.9969,0.0,368.0,291.0,0.790761,0.0,b86353734c87c1501b56cde9b8fd556aac98588dac0a2c9608d43e3ac783109d,5ca83301c4016f3398a760660657ed6f92d4a180c796dc15f2863359917ef501,8d02e2fdb972962f83e45bcbc16819e897c236418cdeb0b8bcaa272c0b1da8f9
2024-07-23,2024-07-22,retrospective_reconstruction,settled,3186.37,3334.37,280333.3669,0.0,370.0,293.0,0.791892,0.0,09fde11fba0e242c4b09a78bae12ffcc606f18db059fbdb7e719493c06dd2c13,5f152c85d4e0ff86f6331632283a864a2bd2afc44faa84b94f592a79adc71b01,0df94ffd11864562b1ebe2fd61025e4e183ab1f5fe9d1ac903a8477e5db5373a
2024-07-24,2024-07-23,retrospective_reconstruction,settled,539.8375,694.2375,280873.2044,0.0,386.0,283.0,0.733161,0.0,4bac9e7bd1fea917352aec9ce746b50516b64041018a3d2371d0fbb94cd5e7af,6f6eda88a67b3cfcff235b15bdd99333591af1095e15b431b3d04e014499b1c1,410d2def365380ec4e98781c7ff9a6c8f9c18024fe68bad7ff6b530e2d00df65
2024-07-25,2024-07-24,retrospective_reconstruction,settled,1525.6,1681.6,282398.8044,0.0,390.0,294.0,0.753846,0.0,e6a646574fa7413e01128b7a525824d72438d17ac7e7b556f733cb09ee47ff7b,c2cada3df5331a8c9b4b71964f6d0a3ac7df7e494d99bc304d57a5643484c44c,437b27174961394141775157068816fd80044710054e13c1189655759c2c1b2d
2024-07-26,2024-07-25,retrospective_reconstruction,settled,1155.3575,1312.1575,283554.1619,0.0,392.0,298.0,0.760204,0.0,cc92bed126b48ff7bcf38efad89243080fee02cc5fb33794e29849a61cda1b00,d0800ff1e9ac05934412827b6e65119746a2a35e28bdb3718b4a52feb646b8f4,6c75a0cdf2f8eb98b2360850cc3fc3cb66c2619a0029b0b28c3a7a58fb6c60ad
2024-07-27,2024-07-26,retrospective_reconstruction,settled,829.965,986.765,284384.1269,0.0,392.0,314.0,0.80102,0.0,851110e69dbc4f483f033236950124a7a4468600a756ac1176aa44f8b4fb6917,216b5b99ffbf5486f498a9878782968a1956c18eb6ac711a04d99c19a3a54c75,dabe540d57032c55e34948942499f13229e9c10f436f94beba7e980fabecd172
2024-07-28,2024-07-27,retrospective_reconstruction,settled,1796.7175,1954.7175,286180.8444,0.0,395.0,351.0,0.888608,0.0,99ccff152d001a66c9bb4c57fb0d02610be8129efdf85ba5f8a00024e1e783ff,fd3cfdcdfac3dcc5114d08c78afd1a6692be145ab4312e88fd6b885815580e2e,f829d10c1e2fa3862f471b7ab6bf7dd46fea29cea3bd21582105de3ec2d77928
2024-07-29,2024-07-28,retrospective_reconstruction,settled,737.585,766.785,286918.4294,0.0,73.0,62.0,0.849315,0.0,4a3b1c23c114893d71893d6f86209e2591e1e8b7e4eaa7f21339d506d5995fe6,4f2e614e94da2a05094fb22fe1763f7c9df610826fa35f087341086aad20977f,521a6feb6583366534a8800cef9112e0478cae78e28ebfd37e9d0d3d5e86ba9a
2024-07-30,2024-07-29,retrospective_reconstruction,settled,4438.61,4598.21,291357.0394,0.0,399.0,316.0,0.79198,0.0,4d1c02475305af98bbb9464b1611b57decd1e2cc6209b4edc5c127ca39660229,26a08411212ae8083bd7c54beb07af933e9d6f95dbcee49dcfd5b453b03006af,4188779806d4643310f0f645f2f07a5412254ea37307d013ec29624f785f2f9d
2024-07-31,2024-07-30,retrospective_reconstruction,settled,6230.9025,6393.3025,297587.9419,0.0,406.0,311.0,0.76601,0.0,74c89350649c4bc452a512460a2430dd5b6a606046c265cc9c6545306571e4d5,c280ea3a6679af207653c94fc797acab69bce01907fefb7fa13f24aed85974cb,6bad7502b9b7cbdbf0ad048d9770e361f349724f320bbff6216697ee221c97db
2024-08-01,2024-07-31,retrospective_reconstruction,settled,1572.845,1735.645,299160.7869,0.0,407.0,349.0,0.857494,0.0,97654effc3795eae7ee664f598169dafbaa085c52c573fcb2a2cdc57d8fd4e33,30ecbad572cbbba8b1d886c1683210d5c4cc38a585d1b1a583ad2a384ff60876,b1273ac88d86dedb643ccdeaae41c2a26f9698dbb111e51e609ede7b710bf7f6
2024-08-02,2024-08-01,retrospective_reconstruction,settled,1545.6475,1708.0475,300706.4344,0.0,406.0,310.0,0.763547,0.0,97c21dfefb87bc79f2ce5f2bce32159852c9a20ca6e7798ae04c4c7bde579e78,7ff2ef01cc330342757b77b0f4761080b2b77f1375a06f1599751fdbe7518a9c,0a0ecb15fa098df8b8cdba8dc07d19de05e1ebb14fdd4bd1f198467925193249
2024-08-03,2024-08-02,retrospective_reconstruction,settled,3380.11,3524.91,304086.5444,0.0,362.0,283.0,0.781768,0.0,581060f7dd6854e50be04911a30f0dfe9773c5af0390a45af38efedfffd3421f,202a65b2d66e289a84031914254778c202824d60b289ff390c7ce268ce9bf868,b21fdd1397db96b10eca79b9672bcf9edcd19252f145588b62ffedcfdb8f0e1b
2024-08-04,2024-08-03,retrospective_reconstruction,settled,167.98,339.58,304254.5244,0.0,429.0,334.0,0.778555,0.0,8e7610cb3fe9f14c84893d58d8c54a91e772af0680b15a4da59fe4781eac040a,8f0ecea7fe9dd243e457a388f54cf44971713e5ccac553a3fe766aa1cbab9a1b,1c0e404ecd0213f43b384e6c4224d1b66cc3b292b658982f21d69da147367922
2024-08-05,2024-08-04,retrospective_reconstruction,settled,2765.9725,2938.3725,307020.4969,0.0,431.0,351.0,0.814385,0.0,55fb3686ace3ae331915ffd33c88621fb4f90ad9223b1a917fb09bf667927eff,1d9428fd42ac3034ecaa9891553dc931ab193dbb8fe944dfe91b89220df1dd27,b3802f03070578e0a15d34134d683022970a7b6c0d9e7e18dba1d679863b2a25
2024-08-06,2024-08-05,retrospective_reconstruction,settled,738.7025,912.7025,307759.1994,0.0,435.0,369.0,0.848276,0.0,e627ed703693e4aaf2e8dd36cfbcc67d72794c42a47c3fb7a604dd0d4ff916e8,270df9dac99259444507903f8bad0fedb031fd8d1bf704fb57c2907115333336,495fe529922b7d36a2d98312341a8b24769388176a8a9046018d2812c76d28f1
2024-08-07,2024-08-06,retrospective_reconstruction,settled,-9744.8975,-9600.4975,298014.3019,-9744.8975,361.0,304.0,0.842105,0.0,5d6b142259fd250d9b10ce40ee4f40a0d10561813fba6d6d2378128eb2d3cc97,22553f4601af67f8b4342d039dee0583a12a8ec945d08051a6630769f32ca742,a65e6819ad71cbf134be0f99385f2d05e06365a714ab354b814a599f18c2cdad
2024-08-08,2024-08-07,retrospective_reconstruction,settled,-2817.8225,-2660.6225,295196.4794,-12562.72,393.0,336.0,0.854962,0.0,66c3b89e10f8209638779ae286ad99ede788e2b56944b6d2937200492838cbee,727804387d7458d9b907c275bafe5073b41c2d7fa9ed0aaa103177273048d7a6,38974ad14ade01661fd8bd6023ad18e6336efb30dfe93ae5675b0e9bb5976511
2024-08-09,2024-08-08,retrospective_reconstruction,settled,473.24,647.24,295669.7194,-12089.48,435.0,331.0,0.76092,0.0,894de0f941b21e659453b7f67bf67803958e94060b6de09667625a6d5ed54d1b,72d31e3652bf8c52d05631decd035c64c751392f2e273c511ee8498da4909121,9af900ab1ee79e6a305ccadbc4230ae3173ab20cae40d56a4e246f627a13ee68
2024-08-10,2024-08-09,retrospective_reconstruction,settled,2952.74,3127.54,298622.4594,-9136.74,437.0,326.0,0.745995,0.0,6bbe628b956822ae3fbcc3dabd851771efc5367085760e3b0c830032ef7e0161,d8371069cf17b53083e8a36cb6d3074ed9acd57b1c85e165c27dba39ccaf700c,62e7e7b973f35823f1f88245febd495bd3f282f02166b6fa7bc56f9c1409d501
2024-08-11,2024-08-10,retrospective_reconstruction,settled,3156.915,3336.915,301779.3744,-5979.825,450.0,384.0,0.853333,0.0,1a50f7adfb12ddba26bc7b4337e1594bb92d068ca71f9efd5c195e42d1ff1602,76e655d391fb273e29473764984063ea4f6424386b6e16239fd937aea68d4d5b,d08e914a3cec6652ba9edd1877358ca02f3a484baec8b84860f0493b7981c46b
2024-08-12,2024-08-11,retrospective_reconstruction,settled,881.465,1063.065,302660.8394,-5098.36,454.0,394.0,0.867841,0.0,eb2858f68bce9aea6c1ab38e0da6e3e1f156cf287a0d20ad149c38b9ec0d7a0c,cd27a5d9c7d3786cf122c94c035c97ec25c67efd66110061fc9c2156e55ac944,8d72fa108c9377f476caf1dba39ef1535292acee9013f4851c8c04feac1da780
2024-08-13,2024-08-12,retrospective_reconstruction,settled,1721.785,1903.385,304382.6244,-3376.575,454.0,382.0,0.84141,0.0,8be82ec46783cd0123af4f93cfdf4899df09fac05436c2945b32154c8f99b69f,662b4e4706d7a3dc054e33df023113cfe7be99bfabbb860cec6ce21e57ee5e47,a98e51f3d8d430cc40e570c8f841daa33223c0c1083a2e7dd0ca604fa8731d9e
2024-08-14,2024-08-13,retrospective_reconstruction,settled,1703.185,1888.385,306085.8094,-1673.39,463.0,395.0,0.853132,0.0,02da6859ff8b1550cf1c3ed441d19efc5adcbe114f08a7715982a9d94fecb4ff,7b52f1e0439103e75b6434262ce6081100354bda10ac4ff510cf9ece0a19c08e,9d9a26fe2f6078ce2a066d9473998217f454418709953e3c0e36daef3c44f516
2024-08-15,2024-08-14,retrospective_reconstruction,settled,3250.88,3442.48,309336.6894,0.0,479.0,420.0,0.876827,0.0,7989e65ad2acae4b2e2d7522acface9a51f430621a3d44404a924dcc1cbb3117,982f9f49b7d3309f4f5665fdc80be986c5b126f4c8f2b327ae84869a3ae6e755,249dac7834337af7892e15887f14f4077e6174840aefb430a048e4f420482ae4
2024-08-16,2024-08-15,retrospective_reconstruction,settled,2903.575,3095.975,312240.2644,0.0,481.0,457.0,0.950104,0.0,0665f95bd4d6556de67224379ac9d8235edd3b654edcf62da7687c79a80d59b6,06386fea8e3f98527e095ec459a7f56dc61b6ae995e0551c7acb7fc2c88f8f1f,dea85c92c9d98c89bdfe794c5575c2ad579441cec50b9df2bede07b9752fdd60
2024-08-17,2024-08-16,retrospective_reconstruction,settled,-159.4425,16.9575,312080.8219,-159.4425,441.0,426.0,0.965986,0.0,b53c36d9fea17fe02980fe2fc8dcaa653c23838f6a650e772644e4681f091fa2,0636acd9a8ffe632a75b605a69f4d7d57582403c10dcdc674034d97f4fde784f,0089b3b4365180759df7966dc0e91503fb0f7b39d471de712552004194d321ca
2024-08-18,2024-08-17,retrospective_reconstruction,settled,518.48,711.28,312599.3019,0.0,482.0,462.0,0.958506,0.0,9a21fbca3e567a2c25a0c93220f7963a232d52afd6835023d1ca51f592f86aa4,70b1854748d4a5a332e9a56507eaa4f5a0ff6e16e8606ef7e5da9c6253f7b5f7,40f516b1cbdc06007f855b22a47f430beb34d3f9c92f97a866adaf7213b09bc0
2024-08-19,2024-08-18,retrospective_reconstruction,settled,2425.9325,2624.3325,315025.2344,0.0,496.0,460.0,0.927419,0.0,89734a40c83edcebadc4d9edc7df9991c4e60264987ad1c3b0001afaffc9ba07,de7c9eb293b166c73cc2046dc302b7da0b82d6c5ce3bce58c9a9e17822051c2c,2c62420b3c1cc0aa34e31254303703f3dff1cb93cffc60f71ae8f3650594758f
2024-08-20,2024-08-19,retrospective_reconstruction,settled,-696.0875,-519.2875,314329.1469,-696.0875,442.0,393.0,0.88914,0.0,abeb7104cd5460f425463833af41780e8f39ed3681e5ee31a2bff9a20664fb22,18193b44e4ebf4624eaa6b8d4686c805c0c67e1bdda7237f3dcebaee9e47548d,70dedd35e34b1e77193d0e72326af95b489de4a4bdc8f1adb532d801f9dbbc2a
2024-08-21,2024-08-20,retrospective_reconstruction,settled,-20218.8475,-20040.8475,294110.2994,-20914.935,445.0,400.0,0.898876,0.0,69bfdd3a912500591eb2ef8f9f322cf140bbb727d0a6a9f5378bb5ab895bdd9b,834d8a500a74779afa4814b505724e85cf39da74d83588bc0e7d83b94cdb3466,1149e26aca986b4c493d50088978b95b88f5ba8e77994c88faf8e06155f3d6f7
2024-08-22,2024-08-21,retrospective_reconstruction,settled,-8909.455,-8707.455,285200.8444,-29824.39,505.0,486.0,0.962376,0.0,f559456eaf9eacd96a1af949bb51f946894c8701c48037afd8a87b4c3d110367,f43356eee7005c53167aaba26eface076801d8d76ccc059ef5389d59dc3e9b06,651ae01a21472d21840c415ab8f5247001a1a0b7de46bc82364fc2e25705d290
2024-08-23,2024-08-22,retrospective_reconstruction,settled,2679.14,2858.74,287879.9844,-27145.25,449.0,407.0,0.906459,0.0,757fc843bd058248a51e400652fc23eb56d4290898258c4cf0572322bbd1e0f2,0b2179749f0954669bba302654ba46d5d86b1aeb5ef79665ff91054d058bf4d5,c88b5850d6eac695dfcaa3be57f83a4cb1ba319c57e61e896dfefdd39d8c0b38
2024-08-24,2024-08-23,retrospective_reconstruction,settled,3922.3975,4096.3975,291802.3819,-23222.8525,435.0,391.0,0.898851,0.0,37a78237a81e9a33eaef48362fb38fb22c07f38feeaa02b0ce12abece3620cbc,25a7f16db7df4f2518cf3b657b377074f580abe204856bbe6d86a9b7abdca5a4,bd80a6e1b9f5cb7288eccc50db81c3bbf4e923a270e3fa3e8de5a38a1e19e5e0
2024-08-25,2024-08-24,retrospective_reconstruction,settled,1914.4375,2089.2375,293716.8194,-21308.415,437.0,398.0,0.910755,0.0,b35738b5446ac4a59951801a821e0a4b2afe9bc4be8a6b0b5209c6d547c05943,01e94ca33653134578852b1358b58a2a5c69d2ab2ebe9d482fe2fa4dd9de0561,23f7f395df8aafc9e13a82e32cd8f41186f5b0d121df22a9c280aea1df1915ee
2024-08-26,2024-08-25,retrospective_reconstruction,settled,2455.3425,2635.3425,296172.1619,-18853.0725,450.0,371.0,0.824444,0.0,8afa2cd048288564cdd9ba4334f24a5ec041464a7e376264db3cf2552e5141ce,245ebe7814b56751fb0772e8e0aed7710f4c3ed1fa3f3a7e623d02e0787bf055,102e597c86de490fc431b7fecd32e9c7897d370e9cd1b315238fc9ece5fab1b2
2024-08-27,2024-08-26,retrospective_reconstruction,settled,3300.265,3481.865,299472.4269,-15552.8075,454.0,409.0,0.900881,0.0,7c6f1fabac539a7c91fe807644bd82313449a24b2bc91a5339ba5d7dcc070b1f,6df59cc26eeedba0e5293bfba5b689cea28b0dea8ce8f1550ba78696c5d75b53,1b7157d923f7d6547dbaf48f17ed33193458027d09578543180b4578aa77f4ed
2024-08-28,2024-08-27,retrospective_reconstruction,settled,-158.5125,23.0875,299313.9144,-15711.32,454.0,396.0,0.872247,0.0,51946ac75f6a79f10c5c9e6dc863e962e9cfd2cfb322331b49b6f0d8d42cb091,0b83611ce6f451c9518d26d9dcb7cef8a6c477a31a2df5d7e6b406c400e61dca,83744ff1837505669bfc0c920a7048db67bdeb724a0e0a54e62eefeacfe5c58f
2024-08-29,2024-08-28,retrospective_reconstruction,settled,3621.36,3803.36,302935.2744,-12089.96,455.0,396.0,0.87033,0.0,8f8bf98fe4dee9ff4b205e51e273aeaebbf808e08b2f02c30d0495c4d08312d1,a42a35ff54474ee1e5647959651a961d6e8cec4d064e3c18dd3bc092d29a9201,5b2535264a927495d7cb1bde3b04b27f0ac7c553fecff7e65ff7c086178fab4b
2024-08-30,2024-08-29,retrospective_reconstruction,settled,298.82,490.42,303234.0944,-11791.14,479.0,408.0,0.851775,0.0,fdea5a7aae3fd5dd0dedd7491440c7b312a38038be69a401412fc1efe0330178,763e682e5b96282b9f38c6bdcc6cfe3dc933d96daae99bfc667ddd873ff3b89c,5241915f97be4cd4036b20d71fc6559da4f3d095268fa27f043e805eb75d2562
2024-08-31,2024-08-30,retrospective_reconstruction,settled,6415.7175,6608.1175,309649.8119,-5375.4225,481.0,379.0,0.787942,0.0,d2234f57a401907473997495bbc79ecb5e7a4a62fde0b4a1c8cefe6485106d0e,feb28dc66182ff4df9fc9d43b64354c253551c5a8656e83011e63a4574bebe03,d03ef288934ef4d708e352d38a0287b90eb7ad7f917bc8d6c7d8fb43772fe940
2024-09-01,2024-08-31,retrospective_reconstruction,settled,2499.4125,2691.8125,312149.2244,-2876.01,481.0,372.0,0.773389,0.0,e3d6ca3fdf7105cdd19cd60118eb26ce697713fcf3898464bfdfdc92b11d7f43,d7eae9cd122fffc587750263d6969028b40bc46e5e09fc35cc13ad6704420657,bd11dc2c2f24339ea879203e2b3d1bd056579a80c020bad4458ecb84c0e57174
2024-09-02,2024-09-01,retrospective_reconstruction,settled,743.3775,935.7775,312892.6019,-2132.6325,481.0,374.0,0.777547,0.0,55c43d3e33ca17d57aac6bed528f906c46fef6256c2dabf83e3a2eb945c0fa8e,815c1e7406d56dba82248d1a17121a1f09dd72f1ec938686f03d058ce4445eb3,2b61f7371b2af2cdad76bd8ccaa467c4a763f23ca1755e7b466d101e5792a7e8
2024-09-03,2024-09-02,retrospective_reconstruction,settled,7911.34,8104.14,320803.9419,0.0,482.0,388.0,0.804979,0.0,a363825d8df751edd203946d16d9266047015285e66f6b7b0b4c8546e2e0ae77,55ac977462d3519071067dc474454fc7f8962d36f1d20e61c85336c280f50dd5,8d73b5cfaf68c01d7cf9cf86ff65c627e5f9909c20d6d6bb168bef26f9f1bdda
2024-09-04,2024-09-03,retrospective_reconstruction,settled,5990.65,6189.05,326794.5919,0.0,496.0,399.0,0.804435,0.0,41d218c1a693f013b440877cf06c9a157a53f91443102620bbfce1a4034b20ef,33be89f569709136fe87162e0366f0cb4ae7f1c775e02adde64aa6fb2f8725f3,fe4d8b0a9e7560d033777813a022d131ef8d948a17eeb31b8d860668869a3535
2024-09-05,2024-09-04,retrospective_reconstruction,settled,8561.515,8754.315,335356.1069,0.0,482.0,334.0,0.692946,0.0,1167a47f6f83b04e49faa90973d82b786e8a4380055a77125159c5ff1cbc8503,87293dc5d5ba0c0a13d913014c00d141c9bf9dfb600f95e61e118c4f349f57d4,38ef9876c8b80ac9317d38a4b765b2672a04bef7a49c3f80eafda067d254d51b
2024-09-06,2024-09-05,retrospective_reconstruction,settled,2913.18,3105.98,338269.2869,0.0,482.0,325.0,0.674274,0.0,c3f4ec5dc9490a6f3a61f385b39e34db66b2f5577b447e0970a4f98246cdbae4,9a3e05899d78035dff514656c5d45930644d9987891445316e072f21000d6f02,2b06e201a611b3a748a414430e03057a99136cf2225dd2b6c1d9107ced50c946
2024-09-07,2024-09-06,retrospective_reconstruction,settled,-5003.6925,-4811.2925,333265.5944,-5003.6925,481.0,335.0,0.696466,0.0,ee266910228d15503be6b96cdec9ff46f0a1dfabe312ce788b517364cdd4cf0a,7fd55f401c1259ff9ae7961a1c587c2d5b75b213a7030df928753914ab614643,918f03c1cbcb2ba2f70229db97cdee7140ceb71b2699db9402f812220be51e61
2024-09-08,2024-09-07,retrospective_reconstruction,settled,3038.4075,3231.2075,336304.0019,-1965.285,482.0,320.0,0.6639,0.0,8e48d23203b95d6318afd4a6d05de4171e884640806ad3e7ce2430bc8c6e3c96,2aa6240f6e8ef7c0eb7e9dbfed3da372017d41d4be22a0ef3e5ffa70193a73f1,2b5275f8f9800f6d472e3f03898409bb01206f1dc96609d96c71270dd5aa897f
2024-09-09,2024-09-08,retrospective_reconstruction,settled,3106.7125,3299.5125,339410.7144,0.0,482.0,319.0,0.661826,0.0,1cf1b43ea1420e1d50e7c07e232de82808f4f596ed506865b4aa6fbdfa4d34f8,f45d6d9d54f8a509bfeafd5e6df3e9878eeac23e85afb63d5a95bf352bd63844,030470ec79cb3551284a5b5375c45d96d4125f08b375071cda4478867fe7a15b
2024-09-10,2024-09-09,retrospective_reconstruction,settled,4275.97,4473.97,343686.6844,0.0,495.0,313.0,0.632323,0.0,96dac26dd8ec9a55b53a556ca648a590af762a5c6698fa8a89ae80cdee3e3194,ed5d74ae5ee40b25cc694058353566a6270384c0abc9d46272bf51e9d0eb27ee,876c823bd8f5daf106d43fe1497b2fb838b78ed3404f63f3a48b015b353d0a53
2024-09-11,2024-09-10,retrospective_reconstruction,settled,4075.545,4275.145,347762.2294,0.0,499.0,382.0,0.765531,0.0,a77578ffdf36db369e968e222a6aede95bd1d5d0258b3221d340dc318c597788,304f148fb142864d56576c6454df2926976d257a0bdd2a81e226e1e4d254c466,3053918e2c5bea5e58ff8a16d509a4bc04e096201796b7bdb04120c64eefd074
2024-09-12,2024-09-11,retrospective_reconstruction,settled,2813.4875,3012.6875,350575.7169,0.0,498.0,400.0,0.803213,0.0,3d6f8d24922879196a8de686a182a0d048ccd67c05eca3ac61050b1769b09210,702c475881b32a03ddfc4d4aab76de9d294da22526af42557f25e8744593705e,6a697798702eba008161c40f95e7f51950938e59dcb817e126950d3d373f02e3
2024-09-13,2024-09-12,retrospective_reconstruction,settled,3131.5025,3332.3025,353707.2194,0.0,502.0,399.0,0.794821,0.0,c6870d74c3e06f85798438aa126e2f794cad8c4833f1ca6dae242c648034bd42,234e9a292b9ac03c4a5f96e4a0278822896ad89b92be08059a4ce5151094760c,fb622ae5d5597d4867de7f1e55bd2acbb24e01ea579e9cea82169e3ee3ad47f7
2024-09-14,2024-09-13,retrospective_reconstruction,settled,446.835,648.835,354154.0544,0.0,505.0,481.0,0.952475,0.0,146d50fb337926407793716dc382a3704516bd738ce5fa40c87dc1463a75bb7c,03582ffa6900c6b5348a0e30a4e9a6c1f1f26d9f3372adabc756f52cbac1e646,96d70cbafe81152381f5d1a06a676daed79ad9ca7f34e3c6975d7b349a417863
2024-09-15,2024-09-14,retrospective_reconstruction,settled,-4690.065,-4488.065,349463.9894,-4690.065,505.0,451.0,0.893069,0.0,e34461c6f9d2fd901988141000e0a6088bc02cfa97c199051a08c99f7cb79c05,8149c2c5099ae575f09781da6fe196f6fa613e555185074ff87c1bb296ce5f53,6a65f82bcbd772af6b35ac813b23df0e04f2c7e6c5e8ace278964845431874fc
2024-09-16,2024-09-15,retrospective_reconstruction,settled,-1291.02,-1082.62,348172.9694,-5981.085,521.0,441.0,0.846449,0.0,bb37552b1985613ec26be4e94dea69da9486ae60d682eb0d38fa042dd9a1090e,d41725f752ebbcfd91b03ee6d5d0606c024d410b3a9b4e149ae935c488ecdbf2,bc7911992aca768d906b101735f1072716fec7060ec452ce3e2eeaba5cd20df3
2024-09-17,2024-09-16,retrospective_reconstruction,settled,5915.75,6122.95,354088.7194,-65.335,518.0,424.0,0.818533,0.0,fb8ca5406b3a61e0b82785841f1615466a6149d698945ea63a6908af324903d3,1bb2e08e958b41b69434a5d8feb2234e00f7c2b7358b07ec9c7fb29d55524f52,029154740d21a9c00d5bcf77c6e036ab8acd4c6e5e3e0f59cd07fc602b630a95
2024-09-18,2024-09-17,retrospective_reconstruction,settled,2452.47,2662.07,356541.1894,0.0,524.0,425.0,0.811069,0.0,6a7878e82778cf31f19954dbf2f992bd1f615cfbc1f641f211aa657f8e1e1888,15e5131aa52f195ed36189844ce0216c4434f0f2cd45278ff512be3b6eae6897,582fbf4656750f579c16faf1bec47431b67a443c6a837dc523e85bb3531fae6a
2024-09-19,2024-09-18,retrospective_reconstruction,settled,2412.5525,2622.1525,358953.7419,0.0,524.0,442.0,0.843511,0.0,1afd34d3f24267d376e97218dcc4cfd6cc2773ae5f53c2eef77c8dfa533fa8c8,8822c009f5132ac8265c2d5b0889b8331091cc399c168d2a14dc887f12bfa4f9,6f2fd702899a9fc1f1b072b71b9bdf13cb0dc53a5a6ae5e02de453df89048748
2024-09-20,2024-09-19,retrospective_reconstruction,settled,380.185,590.585,359333.9269,0.0,526.0,428.0,0.813688,0.0,3f1d246a1b902d8cf971806533aef31e7d15fe0620cc3b698fc2b4130fffb63b,2d1ed417a0e6ba5b2aede71f2de3eb1b3a7ddede6f8068cc4680834301042548,3eac3f7fddfad3c6e7c037cf414d26829870fe635c3b6ffac5333a09d5a05e50
2024-09-21,2024-09-20,retrospective_reconstruction,settled,1762.8925,1976.4925,361096.8194,0.0,534.0,393.0,0.735955,0.0,28b3d0b446a938976cdaa9278ae7a2cfc4d6aa27964373dca0b8d579d7eea0d8,7d099252d5a48c274f5e0226528daac6c431ae2cdc7dbd630a8e64fd7c1460f8,6ffc3ecc6883baee35085b0c8808570e9bbc0aaaa1ce9cc4a2df259951efc8e8
2024-09-22,2024-09-21,retrospective_reconstruction,settled,1110.255,1325.855,362207.0744,0.0,539.0,442.0,0.820037,0.0,1760cf1d50ee49f5eadaa90ab4ee1f2862b8a32bb31b1d0c809b0ac1239617dd,2133cbf3816649795077703be35bb86405077040e2e1b9ba5b2d68899a48c1ae,114637c70cf32125059d3e6e160cdbda6c7e844a3519a793f4e0744956f421cc
2024-09-23,2024-09-22,retrospective_reconstruction,settled,6249.655,6465.255,368456.7294,0.0,539.0,456.0,0.846011,0.0,ed5e9becaa0a89ee483b413474275e64644a994b06530d8c8f5cfd11f35e23de,366137af442e5574368f562aeb70f5f5380e31ff713a57f1215ff23147066b2b,06b9b73b859403aaaf02dc9d0a5b2e75a47ff0d8c14b79c28fbe58ee4a2be344
2024-09-24,2024-09-23,retrospective_reconstruction,settled,3650.8975,3867.6975,372107.6269,0.0,542.0,480.0,0.885609,0.0,012b58dbfaf121934e23fba68de6dd8ea4858f56f6360337b8c2d3fd4c4bf367,78eee69212b19aae840674bcf5a577c6c5a3bc6deca9e73ca4007ac77979a7be,393b9b5f588d41b433ce0bfe9d333c44ab2608377740bde1707d132e2a05201b
2024-09-25,2024-09-24,retrospective_reconstruction,settled,1052.225,1271.025,373159.8519,0.0,547.0,457.0,0.835466,0.0,9c8600da793fbdd4f8fbf44aa32f0c62f1cb2a54f61fca8c189ef0d83ca2e9c5,d271db830ee770b66bdfc950eca758ec4b3e243ebf686b50a29124e52d67db91,fee64b8df02a7c8b5caa6981939dbdf69ff1e899c83691779d689d1c1e065702
2024-09-26,2024-09-25,retrospective_reconstruction,settled,-13556.9425,-13334.5425,359602.9094,-13556.9425,556.0,331.0,0.595324,0.0,5767c82d958b6e76563642c39f90e3207ad6da56b7a1249a7f67731bc2193c4f,675a2b96d3bcfe73c8f254d0f4a17bbbc88d183b56ebc1e975770900fef23016,1012774f89254ec4a0a8dc71cc00d6fd3b19eddf1eb6b9f85f2a41073f99f6ac
2024-09-27,2024-09-26,retrospective_reconstruction,settled,-480.4325,-256.8325,359122.4769,-14037.375,559.0,461.0,0.824687,0.0,edb936563dd73f694448cb0b3a00406eb3e438d287fb8e55aa9008c28ce567d6,d29ad7e1dab952a34d62cc6f82e92ae1bb06f446f2617d63a54f901264916207,41584c6c8c18b12fb65a53bcec6e7864f089b249d9853392bfcddac0984cb956
2024-09-28,2024-09-27,retrospective_reconstruction,settled,-929.67,-716.07,358192.8069,-14967.045,534.0,440.0,0.82397,0.0,dbd6e1da02175b962c5351aac53696abe29abccb259fe385e6b721f740e382c7,0654547cdcc162c3bc7bf2d4704a9480d0d126a204a149f6f15ed7661c7ee8f3,a581674c4297e980270629bdcccf5afc766f5817634d4e8214049a54a5881a2f
2024-09-29,2024-09-28,retrospective_reconstruction,settled,-6030.4075,-5814.8075,352162.3994,-20997.4525,539.0,417.0,0.773655,0.0,194ec5edca82229705c6f75c6a800dcca1fc1968bbc5bba2bb10f0275a4b960e,d52743b7f0884da32e68843dd6124e07f37c8157fe3206c6e08a48a0c3d0baf8,3bbd7bde8cf6e7477b7be45b08bb6c218b380be7d34f4349fa6847e0e5b28477
2024-09-30,2024-09-29,retrospective_reconstruction,settled,6907.0125,7123.8125,359069.4119,-14090.44,542.0,426.0,0.785978,0.0,3329b3b88502e19773cadafa20ec66404188d99a25f550d61f2fa8e37c821212,b9a6288348bf91d0ce85f86c96cc54db9c41b0a047a628f8866eaac3cf697c7d,dd38c274406db0550d7819929faea468ad4ab480d97af2601523ccfb0342393d
2024-10-01,2024-09-30,retrospective_reconstruction,settled,7710.9225,7926.9225,366780.3344,-6379.5175,540.0,473.0,0.875926,0.0,b360a085df90b4c27a0d99f2d7cd28220eedccce229760d6913103daa9d8c4f9,3bdf6d1f5678a77d5b983820003ac8f7f450f37cf8f688015113c64738782656,e68b6eeb00d1a38bd7b4691e61634fb405d3cfdfd75a0fd7f044a1d240e41b12
2024-10-02,2024-10-01,retrospective_reconstruction,settled,4345.3025,4560.1025,371125.6369,-2034.215,537.0,431.0,0.802607,0.0,90ef3c686bee996a870e125e34eacf52324eda0945474ea25701e09b34f1f3b4,12545068ee1464b4d78be88a49a603c3ba0305bce0a06bb3ed57ef6daaea3efc,cf0f0ddbaeaf86c58f1f01b340d1e2f456f8edb75620a2f84548215afef751f7
2024-10-03,2024-10-02,retrospective_reconstruction,settled,2116.2725,2330.2725,373241.9094,0.0,535.0,381.0,0.71215,0.0,f09d8d91751a892a8a8a679fd884318047144461d5d0d5479cefd896f3440a8a,76a20eaef7ac96b1f2f6028bf0045ad3f7682d20d6be64b118a508f696c28677,1f493109185bc1c055e85720a7bfb212a968acfeca32a7b981eb77a2f7458d1d
2024-10-04,2024-10-03,retrospective_reconstruction,settled,15474.28,15689.88,388716.1894,0.0,539.0,391.0,0.725417,0.0,e03f394944e9970adfd1ef421e3f191c97f0c56aaac9e626aa5cc68e8d61331e,e757619a92c7fb2be39ecda6bb7b22c3721f0686420d4d986438f150cad91797,6801b473e81767d360a58186a7b64eead3582a6d7ae4d8f989fe5a25993a4a0d
2024-10-05,2024-10-04,retrospective_reconstruction,settled,3754.49,3968.49,392470.6794,0.0,535.0,449.0,0.839252,0.0,fd92c99a57a7324b6a3a1b9951a6973f15e283e0d2296cfaf48633ef8a0e52e3,1730f54329623f9cf5b092dc3080e3c43622acdf5c209ba8fe0d8301f50a2baf,b08d1b6ecb0f551b54712d10e0d831c2b849075c527b9a280e68b31df5b3ecad
2024-10-06,2024-10-05,retrospective_reconstruction,settled,787.21,992.41,393257.8894,0.0,513.0,389.0,0.758285,0.0,aef881cca55496d839144045a444ee7d843b477c660b53d9ba88d46cdd9e3f2a,2f7769a94cd25cfb99eb732fff97cad61da64a3fcbab40b03450dc9a7745a373,8f2476b30fe2c8974a55a2145323a60721a71fd60c8a6926422b314eeea13bb6
2024-10-07,2024-10-06,retrospective_reconstruction,settled,10528.8775,10737.2775,403786.7669,0.0,521.0,409.0,0.785029,0.0,e7eddd2106aa725889ce75a95abf838abc47a1b0504e59f6804fed7ea58c01d9,abf96844287476b8c63df5bdbe318ca8ebf8a8dc3c719c48ee135e506c276dbe,4196f26d97e97109f7fd30c542b98f5a68fe6ba3151429bc881d42acba904816
2024-10-08,2024-10-07,retrospective_reconstruction,settled,8776.2625,8984.2625,412563.0294,0.0,520.0,453.0,0.871154,0.0,84baaf77cf6f728fded8fdec92b82efd41ae8c8bf27477b3c1491c6467448e0b,c8d887a7c4ad23bef134d8b9cf335e94ad186c4fb41d28169d106a091ec15185,6b622b21f79b6c98f3bc450e5da0fb4c33e7aecc1fa83d15a47332469f3fb79e
2024-10-09,2024-10-08,retrospective_reconstruction,settled,2052.335,2254.335,414615.3644,0.0,505.0,417.0,0.825743,0.0,90018b68865bd5713c71331f2314581bb912bc533f00dba6fafdf7becc48eff6,094ee3e386659ffe1a8c2f0b9f758ec2a5f60bafc7f38ab2152f21a5859f4a94,b0a3ba1a22f4b84cae31767adf21ea073208fee7bbc4aa1c9415a69d0593082b
2024-10-10,2024-10-09,retrospective_reconstruction,settled,2273.5875,2475.5875,416888.9519,0.0,505.0,408.0,0.807921,0.0,764c51da97d8927f0f5bbd8d8b9e853cb2338aaace0e8c38cc33e92df0539567,59415d7b1321b1480eee3088b55b12e277f10470b18c5a97a3ae0256bb1ed51e,8d335df4443bf2ab5fcb49533bc5caf0b28e42ba39f41c3214fd6ad4bf7383cb
2024-10-11,2024-10-10,retrospective_reconstruction,settled,588.405,790.405,417477.3569,0.0,505.0,354.0,0.70099,0.0,8ac104e1a72c427589d9e607e6132f869d3a35a097a130f3444293279d75d5b2,ad2771dbefaade9c3afb8e0888d9a2aed01af8967dd227073c7f8121abe48c0e,b7f6e9c93868524e2465ae96239c7198eb0d3dd05c61e795ff9be483016770f9
2024-10-12,2024-10-11,retrospective_reconstruction,settled,-1585.8775,-1377.4775,415891.4794,-1585.8775,521.0,368.0,0.706334,0.0,60880d17de35300329eeeee36b5adb8de3036ef9afb11f403a3e94f6c5db93af,0eb1e51aae273752280c5156407f185a662963df8d1a33870d6137ec64964b06,d4ae9e45e71055bb4bd7613d87c5cf0d777272ff7ab6b70811055b63be2d3185
2024-10-13,2024-10-12,retrospective_reconstruction,settled,-120.7225,88.4775,415770.7569,-1706.6,523.0,394.0,0.753346,0.0,ec0678835d2742beed9c8806013495da04864960bc6c5d1cd443539a3b7aa595,bb7e17f6c5d3d52307f37a09a7ac31ff2580abdfb64f52958b4acbbf922b73b8,81bdf95a8e4d9757009608f71dfb10430899c6627c086453d6fb43c2a8ee9344
2024-10-14,2024-10-13,retrospective_reconstruction,settled,2198.9,2408.9,417969.6569,0.0,525.0,466.0,0.887619,0.0,cd3b1065f9aa440ed5e50083b074d4f51b9686a059a18b06eadc4ebb54a28f82,01fe51f8335a3f122be95e0b62fc3892538c83f262432182decfc5a3aec80c61,46c6f0de5f1d87d55c7360c683aaf254bec7967f2acb572455bdbb2d41689102
2024-10-15,2024-10-14,retrospective_reconstruction,settled,519.7225,730.5225,418489.3794,0.0,527.0,418.0,0.793169,0.0,91e1a34d8598d60b703af892d3661c05c97266e721c2661641f574f93cbeb795,71143be722ce6fc4b779aa2c8463ea33813cce82267f1b0221611a0f6bf69399,001b92ee5c80c5478741ae2bfd609eb2ed1a486ebd8625e76b0a0fb895e87cb2
2024-10-16,2024-10-15,retrospective_reconstruction,settled,573.6525,610.0525,419063.0319,0.0,91.0,73.0,0.802198,0.0,146910a6c60c99c6779eec04a8f986e83ba07b9b518fbed3ce113c17a198896d,5da57ec81f68cec283a50df3f2646d320ad6159efb7955437e99f8b307b020db,07bc9c42535e0a6ca418df86a7edf167e7cfba6fde5efae3a5f118b6a96ccb35
2024-10-17,2024-10-16,retrospective_reconstruction,settled,1533.2175,1748.8175,420596.2494,0.0,539.0,386.0,0.716141,0.0,64379b1995fab09068bbac94c2150ff9c6cd05f5d84388604099f57bd07a349a,590e380990a4e6456d2c23b99b6cf2e53ea134d7366532f2344e8c8ca889f870,34b18b3e1d27fef4af18bf2106de8a7c4c929b0e01cf0da69106c294bcee483e
2024-10-18,2024-10-17,retrospective_reconstruction,settled,45.935,264.735,420642.1844,0.0,547.0,365.0,0.667276,0.0,7c940519840c3cbb09b9728c5cccd05ede6e76f73063822e5f0d9c625e361bb3,7a8240ec699d2ed6277b31a5caca966091dc3dd5c90beb47b3e4da13fe5d3b7f,747b56f22886296fa26f2880edde0005a3c7a9ec2225b997cff833f30e2ad2c8
2024-10-19,2024-10-18,retrospective_reconstruction,settled,218.165,440.165,420860.3494,0.0,555.0,378.0,0.681081,0.0,f504006730af21d062f8e0f312ffc104282d0332912497d961a36ff63a5e86cf,35eaf2e3b4b54c8d2298e2a026927bb775bbbe3a11ebb7a9d917cdb984a9930f,65988e91e4738e4c28897bb5c12ab878407c5f9eaaf3f2a2e4666c0bfec5aa3b
2024-10-20,2024-10-19,retrospective_reconstruction,settled,-509.48,-284.28,420350.8694,-509.48,563.0,479.0,0.850799,0.0,41ced0ce5fc9cfed52f03e08de51f03b7c46556e4d09226b441d64862c5e73bb,191d85face46ac084b5d33bae307477f10922d9d76b7b8c36afb1a269df0a80c,08519d11a0e8a07b8ee882e71667d2f52d2169b7a9ec27b7e94a775525ab43c3
2024-10-21,2024-10-20,retrospective_reconstruction,settled,-3746.2225,-3520.6225,416604.6469,-4255.7025,564.0,376.0,0.666667,0.0,7e9882bc7b97c0ee3f163abb4fd065002d039434f806055a86b3dd971720a168,b7a129ae5a161229158f4fd51001e6aa56403c53367291ed7f71ea006c646a36,1c77e45b528cfcdf90028cf3c9eb206e80fc033eebe0c60268bb0c1b904ebf3e
2024-10-22,2024-10-21,retrospective_reconstruction,settled,-76.5975,149.8025,416528.0494,-4332.3,566.0,490.0,0.865724,0.0,8f507c818b5c74ff4bf59ad3a5e36d9d3104ebbd57019f2240a5b37299b82d83,fbc7b47e64d229ac2e043a4adcc2b1e88069e142ea7549f67040f697bf047edb,5bf21ef8541a2bddcd4d89782df725e83f10b91c9c7153372a60783411d30a21
2024-10-23,2024-10-22,retrospective_reconstruction,settled,6187.99,6416.39,422716.0394,0.0,571.0,489.0,0.856392,0.0,c0005bf3371f0fbe812f7e2c9a5c852f27e88359a45c1460431d6128b23153d3,3dd20b99e6102418796cd2ba3a222a2d08a1820cccc1f4c15055026c1acc00ed,884c6b05a97e33fa0effb3c731f1a5ef2a58d736dac235eb4746fef41687d066
2024-10-24,2024-10-23,retrospective_reconstruction,settled,2552.1425,2784.1425,425268.1819,0.0,580.0,382.0,0.658621,0.0,899c783a167df29b8415652130c3f0774654271bf19d0a8e0ebe45aee6c1645f,44140000b35d6a8d04e63ad99fd83d5d5df0acb88c2c1523e227d91cd99ceac8,51c01ecba7042352287c4f64bcce79ac0d51c19db8c1c878001b59775f2017fa
2024-10-25,2024-10-24,retrospective_reconstruction,settled,1242.335,1470.735,426510.5169,0.0,571.0,402.0,0.704028,0.0,636889e686c6034368e0de03f90aadab7d1943df66853fb4c0a920a2d4adcba0,524c5f134a4514e45cc3d29e69a83f7a8e34599f10420c7145a6d2131a37405a,a61edf023ed87a1b7750659b69f884f31eea6b464c173e752870ffbbdded4e3d
2024-10-26,2024-10-25,retrospective_reconstruction,settled,-644.5475,-412.5475,425865.9694,-644.5475,580.0,531.0,0.915517,0.0,c10cda34b8acd3da5b0f1c386e552bc7c282558b596dd22fb656f9cd7c8ca9cb,c033e6afa1d2797ae33c950ccca0a04c3a4c86f36c6bcc45793f9677b297a1fd,6781439a1cbac723b70f5b0555dc43b3c07248f4aed680bf5cd42672059e9bc3
2024-10-27,2024-10-26,retrospective_reconstruction,settled,-6840.9575,-6601.7575,419025.0119,-7485.505,598.0,515.0,0.861204,0.0,9277d2bcac04a68ae6ed40480987a811a93bc14c3745e62977141c8f82808ffa,26f4257a46b25bf2d16fb6b424b113d4f54e45be7c0bfe33a8c46dbd2a3916a5,7aad41e4ab172c2faf85647adcd0279a940e3f5587670fe26a7ceebae8ff95d9
2024-10-28,2024-10-27,retrospective_reconstruction,settled,-2828.0025,-2588.4025,416197.0094,-10313.5075,599.0,395.0,0.659432,0.0,cf81fcb8f412dd76e92aefd645fbbb68a1638eb22984a080ffdd9d0e361b019d,3fa44225a64d44de4099274d0607321e51d8515106863ae56e1899b36e9a2841,6ab91c854a8d51fd9ddb51bc7e51e7042e7d7a0104014cc74cdf37810554d923
2024-10-29,2024-10-28,retrospective_reconstruction,settled,2910.0375,3149.6375,419107.0469,-7403.47,599.0,358.0,0.597663,0.0,e669278bf1d3670a8cd59a73b7c451b6795825853f618f605bb0fb343d60c5e5,66d53f73352abdd6bcfd0ec9b7364a1decff70ad24932871214760f0a8aaee8c,57fbcfb18adb69048f6b1475bb371ab1e832f50b5112fc7ab89a5b48b7659d97
2024-10-30,2024-10-29,retrospective_reconstruction,settled,-2152.015,-1911.215,416955.0319,-9555.485,602.0,412.0,0.684385,0.0,48df0c926799f8a8336da15272dc6e2afb8978b4e9ceaed109fc867fc64c2a91,e44713bb5f02f00e521390f90e7a66730959e196d0c203d98da5d45d7438d381,7f6cc56cd80e3dbd6778c76d76611dc31d23ae2ea0b52b2b84d6c3b48dbcd5f2
2024-10-31,2024-10-30,retrospective_reconstruction,settled,5402.4625,5644.0625,422357.4944,-4153.0225,604.0,488.0,0.807947,0.0,a96e9f00d87365e01b5f0e99e9b76ecbf9bffef172055c1a2b204d556b1dda4a,ab92776686ddf7fef4b214895113cb891620c3210d57b5bab75153db9744d3f5,a954829f54b0c1fd4739496dd391d319c917b0dff3e638029c7aac6f962ef7dd
2024-11-01,2024-10-31,retrospective_reconstruction,settled,2719.6075,2959.2075,425077.1019,-1433.415,599.0,517.0,0.863105,0.0,ffaccd98308bfa745589d4442b778421ab9e11992b65f40ae2b7f8daed2366d7,70d67565d5408830362faf266f72dc5ab1062f60422bb068fd17900916d4bc6b,0402c2dcbdab2ae8e95095f5fdcf21834a54925b97f9f6934d0562b8b5839c3d
2024-11-02,2024-11-01,retrospective_reconstruction,settled,2127.975,2344.775,427205.0769,0.0,542.0,360.0,0.664207,0.0,0d5466fec8212c4aa254c19aaccb32e082799cd7d06557d60c9e881643822ff8,69896974073aebc443a63a4ce4cc272f92d2c1faabfaeb9d6a2295ab3a00a960,056264bd1686af96bf5564760a15fb1fb1750a4a990bc0231f1e35824c878c81
2024-11-03,2024-11-02,retrospective_reconstruction,settled,432.665,676.265,427637.7419,0.0,609.0,323.0,0.530378,0.0,a7150329bfd263a9a90879ee02fe257760b446b0b454908994368a01817fee7d,4318bddeb65970187715f2e5125167dec42418d769732beb62226e883ebb0722,facd558be3aa021f94ab7636f9c029eaa8d4c753ba52a9dbe3be57756a13df45
2024-11-04,2024-11-03,retrospective_reconstruction,settled,-1657.2725,-1410.4725,425980.4694,-1657.2725,617.0,449.0,0.727715,0.0,850449fb4723b991300dca27ce64f9792d587f7ae9cc5601c15655c2588d31af,202829e42c0ec351178776cd5299de12eb18c59ab58137a36131acbf5be4b62f,1da45ed21ef267eaf5ad92415282e716b4f8cd676494180817a2089e549564dc
2024-11-05,2024-11-04,retrospective_reconstruction,settled,-347.55,-302.75,425632.9194,-2004.8225,112.0,76.0,0.678571,0.0,bb1f091a50f09a59a84d949b2e0cd21e5ad1cfb2662ce675efc2cf3df5a218c1,e7df8469039b5e4f08c8fdf68a6025d59202fc75a73844cc07c1321c20a436c4,1640b170d18ada052f87f09197318bcd2d01d46184e214ad1fbc45551af0e54d
2024-11-06,2024-11-05,retrospective_reconstruction,settled,-2106.3575,-1855.9575,423526.5619,-4111.18,626.0,490.0,0.782748,0.0,51069d98b765cb87263186ce7620972f25acde752a6ef9e9276b1604ce26abb6,0a25c0b896923e10e295f4dd21e81cd33547d69669e12d024ba5dccac572858d,7eadbb084f1dbcd9e4f44f50882c2cd0128f9674228e25097a8bfc1a895decad
2024-11-07,2024-11-06,retrospective_reconstruction,settled,-527.325,-274.925,422999.2369,-4638.505,631.0,547.0,0.866878,0.0,1c157b50d344db7b3f4a157274ab38f5ba45d61abf1eeae82c52ddbe191e86b0,76ae6e41a13e10e5878157a7052e323cf8fa0bdc45fe87be3406ee985a24f366,7ed3b4fba98d82affbb7f99768e6d01e8a4b3bd221fab30112f6325226fb3ad5
2024-11-08,2024-11-07,retrospective_reconstruction,settled,2534.78,2792.98,425534.0169,-2103.725,645.5,502.4,0.778311,0.0,eb2de225e298cdb0f09b781d77a22e0878b37748f569f97b1e967fc1f11767e1,9d0474299a8cdab182ab1401ee6ecbcc0a43ac3478147553ecd5fe8914033217,fa337c8d64a2c07052b5b720e2297c6f28b222d030a084952c6beefe48654843
2024-11-09,2024-11-08,retrospective_reconstruction,settled,703.575,749.175,426237.5919,-1400.15,114.0,95.0,0.833333,0.0,9310bc17a74c12d820b7bc71f6b4a22120f47ed1857f81c1bcfea6d3244c2fcf,c1a3d16df45b667f585de1da2ba376ec00811b918799f61a36e16f79a31ec977,519edde8fdef5df90cffc8288305cfde6cb7a1d063e2cc3bdf6f09284fdc74fd
2024-11-10,2024-11-09,retrospective_reconstruction,settled,7231.677,7496.277,433469.2689,0.0,661.5,604.8,0.914286,0.0,9de9733ae794bb6e88e6d8ca7a578acc3e2d36bd49656c295ab9732ad9373019,4116444cf03864b552b003455217e120fd6c7a704479ac87277899280a9dae7f,d66e29069ae65ca1e6c731b693d89b78017a9374526d0c715ee1336d21f1351a
2024-11-11,2024-11-10,retrospective_reconstruction,settled,2615.9812,2882.9812,436085.2501,0.0,667.5,618.6,0.926742,0.0,77884c158d073dabb15cd3928ee6b2336666d18d73b051b1da3bf6b5a4887fa3,47a4f96ccdce932c305f0556c3c3ff0b22851ab01dd7d750e633eb287d94c59a,74e370f12b9ea54618b784b1234fbf53f51916f0a94aa19e7f252c0974b5edd9
2024-11-12,2024-11-11,retrospective_reconstruction,settled,836.121,1098.721,436921.3711,0.0,656.5,458.0,0.697639,0.0,4ac1832b8e11e57894456d35bd15b042f4df472495140ac6daaaf7dd2504b512,7fad3eb182343256cd2ce4269afc62129b3700a07a22137ce6244f69cecf3e55,ebfc60997ceb9bb78b3008f37e638504df8fe19ad28ce416d3592c83eae6bc85
2024-11-13,2024-11-12,retrospective_reconstruction,settled,-3523.377,-3255.577,433397.9941,-3523.377,669.5,489.5,0.731143,0.0,e9d88dd66e61c56e71c41f858cf49e7215981a9c7d999c211caaaf14885f512f,57799cef35667020a048a07d8b1b50946282d00b9905ac6a59b1d169f4bb6641,0f62ab8f815640013ee590e48ebe50e5bbb4925cb71d77bc168f09d8d8a4a5b3
2024-11-14,2024-11-13,retrospective_reconstruction,settled,2697.1472,2968.9473,436095.1413,-826.2298,679.5,595.5,0.87638,0.0,eb8eadb619b6f30033e9691b08f0a9ab80df4f180ed673bf054ced6299ad64c9,4b4aef11acfd2fb4f012dd1d2494f97d63129aafab10ede7af10c0b95b57f4fc,a48095800717f61109fbe020470c5694f1b795a1685e5e427055cc60702d496c
2024-11-15,2024-11-14,retrospective_reconstruction,settled,1417.2602,1689.0602,437512.4015,0.0,679.5,430.3,0.63326,0.0,76a53632e7424b7c2555de29f80e2c1a8cb789153ee674ded2de9cab891912de,4f43ddf3d59dccaa1cd99dc008a677dae3236c591853227a50bbda7007aeb522,45f02d95121b818af608efe3a9ee5afc26a772e94adcec103d9a037240eb66af
2024-11-16,2024-11-15,retrospective_reconstruction,settled,241.3317,514.3318,437753.7332,0.0,682.5,444.3,0.650989,0.0,a5fbb831fca239c69915c00da9b600d7ba84c51978a68b89d8f238f257570ce8,2f5dab556df7fe6f2b91ef303b0c1b6b30f20af002974b8d69ff5d186eabd7c5,1717094d7274afc519fef6d67a87e9e19d27e12a03eac4905ab1a85e8ad984b6
2024-11-17,2024-11-16,retrospective_reconstruction,settled,-8520.5437,-8246.3437,429233.1895,-8520.5437,685.5,464.3,0.677316,0.0,59308da9f9cc4006b80998dc5385cb931e5916c470c5c4211e17e1225863468e,0bcd70ddd82a8908e762f1f826aa6e5062822106591eeb353d2f8e4dae578352,0dcd9c87220efc1684822b1a3852e1002a22ac87116826dcb37837f3b2a960d8
2024-11-18,2024-11-17,retrospective_reconstruction,settled,2686.1462,2919.1462,431919.3357,-5834.3975,582.5,329.9,0.566352,0.0,222d79acb9937b5f1e88a9ca717cad42f60d3588bd04d6bbc8e2bdcfef45f327,2fff8a99ff713d7112e0775ef30790625f8758b98ca97dc886887525436856be,45901d5f326301573b6f2216d8ee9468304675128d18409c17474853cd71b981
2024-11-19,2024-11-18,retrospective_reconstruction,settled,4784.375,5056.175,436703.7107,-1050.0225,679.5,608.5,0.895511,0.0,3047500e1d4f6f51dc9e2b87aecba4ba2c9fa199b840c23e52f0f7d8cc1fc21b,6b350c5088f1d9ab4ca40c4f4516c0a8c52fc63e52a5903705f62cec36832ad3,f204060689554b91bed6334d950e76a79e21c9f056f0640f3f705d93d3e26514
2024-11-20,2024-11-19,retrospective_reconstruction,settled,197.5395,470.5395,436901.2502,-852.483,682.5,489.0,0.716484,0.0,39c4c44fac2175a41833a80238812ced542819ed624865c98ca32e32f2f7176e,047961851b60f530f014667cb901b02660f497cf8a4aa078ee850194842ce228,e458e4d18f928a323ff9473e38f5e11c5d3f7795ac0f9c950e39ee1e1125c30a
2024-11-21,2024-11-20,retrospective_reconstruction,settled,1729.785,2001.985,438631.0352,0.0,680.5,525.8,0.772667,0.0,2425b206412d647fdccbc82e915bff2d2ed5c651f10fe09f365367a592716644,d7b9ca171a16190d6bc3e651e3081efb2d604dcbecb883b135add8b9f03ef6f8,bb08d352c6fe0f8e342cede7f31a69a56b20d7c16f704801141d52a662ed07a4
2024-11-22,2024-11-21,retrospective_reconstruction,settled,2023.46,2294.86,440654.4952,0.0,678.5,512.0,0.754606,0.0,f6bded7a8b04afd52d1e8e790945f6fe5abd9ef913badc55a19027d03e79a97b,016c75199a1099e4576ef6bede898c930d1a6fab7f3ec8f4ba9b61889f426b3d,7e377bace09ed8f589e8281714c4671f19783ce91d053e003ac1b79ce2f5bcf2
2024-11-23,2024-11-22,retrospective_reconstruction,settled,-2109.7135,-1835.5135,438544.7817,-2109.7135,685.5,476.3,0.694821,0.0,fe07883c0bd96a4529e0d737b5bbe05dc8f61c098dddd794ad56ca6aebbc5345,fde9c6f6f50b608b7843d4a36c9bdb25d8d6c7d71b5e35a04f748be355615cd5,86db6eec41c0904d3d60697422f3a3572056488548e8a5afc31f79dde3514d85
2024-11-24,2024-11-23,retrospective_reconstruction,settled,-1462.024,-1174.024,437082.7577,-3571.7375,720.0,465.2,0.646111,0.0,09ab84c20ba9606280f1b7c84075f7bd360e1bc118e6c01c6ff528dbe0bf1084,45b453cfcfca767354ec06661baacdbcc939070041799d93a7d9acd9e3886095,acfbbfba0c74c90af3ca4b29f796b77416c17b7c5a64c6a5f90a8809af93c5b8
2024-11-25,2024-11-24,retrospective_reconstruction,settled,-3753.579,-3465.579,433329.1787,-7325.3165,720.0,527.8,0.733056,0.0,6cd4c6a83cd7991b003598a6564761bc5dd4b02bbe4d09c23b3e9d358d94b308,c8836c2ccd4b0a584eae903c1cd82be76fa02dcf26f468364c3669c11d0131ad,e9c130e3f856a48886e7f604a7669bdae2ec77dcf84bb66c89d1706b2c49252c
2024-11-26,2024-11-25,retrospective_reconstruction,settled,-2462.182,-2173.382,430866.9967,-9787.4985,722.0,520.2,0.720499,0.0,62f3b9c7dd2649e4012650d5b79b07591ae77fea58fe22a12634706dddd1a1a5,d240bed7b9e66b9558aa4bf9e0f30468715505ae1c5be657fe0eda7954c1c009,45e9ce6815242edf32fc44d3e7f7c4c103e9162a6de7dbed08bb6537d74fc72e
2024-11-27,2024-11-26,retrospective_reconstruction,settled,777.58,1062.38,431644.5767,-9009.9185,712.0,430.8,0.605056,0.0,96aac6bae25f7f89bc54ba12ff34a66fc7a1016d67e6b4028ad585dc00c3a986,80fa7a366bf8fbf63e2f7009b91e2fe84b969166ffb095f46a26da9d0e7ea024,c529fea0548de026e3cc1d42ae9eec3352c6df50e6f1e773f4a21d5cd5b9c760
2024-11-28,2024-11-27,retrospective_reconstruction,settled,1797.9403,2094.5403,433442.517,-7211.9782,741.5,492.6,0.664329,0.0,2a4547efac8ee42b8ba04cc7c6ad1d64ded811abdd7ce27fb876f8710b06cf2a,51fc5d77d9ba0d3d58a85ac34d78cf6bab129cd49f31c28ccba1c3c7636ecf91,066f3456c167ad6aa8c903157a777e16c8c828a4d10fc5f2751ff7c374962f6c
2024-11-29,2024-11-28,retrospective_reconstruction,settled,5223.1377,5520.5377,438665.6547,-1988.8405,743.5,521.1,0.700874,0.0,8ae7ac4a740b875ba0603bc4bf8109099c0670b0cde012ce2501053692c91ddc,e2f9b7eef053d7c4f4187c05a59c1a6c55473930b8bb69a0040f794c08e87015,2c12558d892670691d600ce4ddeebddcd4b5cf3cbec29d20a768c03440830843
2024-11-30,2024-11-29,retrospective_reconstruction,settled,1.36,281.96,438667.0147,-1987.4805,701.5,591.5,0.843193,0.0,da09323cc9772089a129f3bd4bcd1a1c25db4ea141e453ff6015b043c8043873,14b9b34b757573ebdc6d9691a7ab849d3351381cb0450edb74c1e9ece249212f,23d93c5131d089b31678516df0b6e5791ed2fce2c86c2eb88c4cc636e78943e1
2024-12-01,2024-11-30,retrospective_reconstruction,settled,2899.2387,3199.8387,441566.2534,0.0,751.5,618.1,0.822488,0.0,c3fb9509784d7b14d9dc730452f4c98a424e134d8098500bf88428ac1e0e3c96,b9880f4e6d3db63738f244855326ed684df0b23c81c9ae07a4ff87254055c523,bd62b2a1d0fd086f8b2c8f7cd707732b0aaa1af4c390b3a6ea0c22d5e71755fc
2024-12-02,2024-12-01,retrospective_reconstruction,settled,4560.6005,4857.6005,446126.8539,0.0,742.5,416.1,0.560404,0.0,7b5da0aee50512d71dcdffe2189961c7e8591b706083d8401ea90ffc792384a1,859962ce674c43f2c6696592f8167ecc8425071881f7f64c3f1b23baa16642c4,e1e899bc831b9280e41415739d7e41dec3be91b31084249487c8f14a79ff673b
2024-12-03,2024-12-02,retrospective_reconstruction,settled,2854.7498,3150.9498,448981.6037,0.0,740.5,504.7,0.681567,0.0,b53111b4e14da01bc05bf388f767fab72ae7d22f98a7eae36a13bf58f5313304,5d4c10e01ff93310f9785f45415835c063c27d86a8070aa6b726543303851cdd,5cf6e12c9be0bae8b8883fe13690f1ee9a4cdc5b82a5fdb996b216de3bf00117
2024-12-04,2024-12-03,retrospective_reconstruction,settled,3656.576,3939.976,452638.1797,0.0,708.5,449.1,0.633874,0.0,53f3d3a28d8d46b379618dba71fa59f012e06d3e76817406f145713558a22c5e,1ad7d4122285a0270f886a1c13228587648ecd5d768fb1b6fab7ac20c94b3808,554e26d89b1fd553a8c4ebcc5be294a50dfe884aed156e672fd2374663e6f7d6
2024-12-05,2024-12-04,retrospective_reconstruction,settled,2035.1545,2285.9545,454673.3342,0.0,627.0,446.4,0.711962,0.0,4bab9066a38e652a35c5c576cc2c9e637fc67c90b306ecfc8137901a8c7a1a36,9e296986151b15e1c0d9a1b2ced8281c4adc8eb74cb946b12dc7c20b6262c47a,09181859b74f34daa2f0611b755db26efa8f425ef04c5805600beabc07fef657
2024-12-06,2024-12-05,retrospective_reconstruction,settled,2309.8425,2365.0425,456983.1767,0.0,138.0,77.0,0.557971,0.0,3fadde74c2215dcfbd3d1840d277b33cd2449923ceb321fc012ab9da26b032b9,9bfef806a405aa85e38a1eaa8c487c7631c6610dd38590603198d17caf758fd7,ea8250f377ee22e248dcf77938c94df58bb1b7a6b117bd3416e8e5597ab00227
2024-12-07,2024-12-06,retrospective_reconstruction,settled,6106.4532,6358.8533,463089.6299,0.0,631.0,373.4,0.591759,0.0,ee5819a2cc2ab7553a5d268ecbb2aaf66fb353e8b7e7a5eca6ad3b5a230fa030,bd41e65e51021b89c69dd36cf33cd67c63353398819790513bcfa600bdf128a7,98058c4ca6cdd277bf4909e980d03ffef9d4d514e9fca77fe88f018f6c1cc59e
2024-12-08,2024-12-07,retrospective_reconstruction,settled,-198.795,-150.395,462890.8349,-198.795,121.0,81.0,0.669421,0.0,3601105c917b6eecb6bf9ea88343933a9cff7358348359e304dffd0f43ed6f68,0c7e233f48c71efb8284ae77c08035bb6580e4abae8e1d9993a7d5a3e4cd289a,1ce2246d3ff04a38e281947222cfb8f68eab308349620e89b815a7e8c7a3d05c
2024-12-09,2024-12-08,retrospective_reconstruction,settled,928.2975,1241.0975,463819.1324,0.0,782.0,587.1,0.750767,0.0,3415dba5161911ae05cf9b1dfb9e6244fb3cc1d2c74d8ad7f3e3821a87910de4,36e9dfd41ecbbacea00f7ea60f786c9bddc74f8ca366cdf44e7d665b164246f5,0a74b037ec4475a32a552832ae3ae7749452078ab3d530c087fe046f9c2c77f1
2024-12-10,2024-12-09,retrospective_reconstruction,settled,902.2933,1219.4933,464721.4257,0.0,793.0,409.5,0.516393,0.0,0e85fda739af8d2bcdd3b99142110e8ab88cde6959eb1fa2608c3f010c13cc86,bf2a3adb3450d40bec0d0508ef3101f882f1ddd6426e5df87018adf768fadc6d,1d56b57305e75b89130e661fef25a2a1c62d83eeb2f3ba05cdb66db6453b73d7
2024-12-11,2024-12-10,retrospective_reconstruction,settled,-3123.426,-2806.626,461597.9997,-3123.426,792.0,572.9,0.723359,0.0,455412527667e492c72d5f2f1cd0e46ff2e44fba62a8cd2a6ba14e804338ce49,963eff97bf692c79939e8604978d27cdf253aa72161939b9ce821900aa1d9fac,7d0fb441e8e73db1dceca279ec1746176a3e9427b161bbbd7585ca2f91f0eef9
2024-12-12,2024-12-11,retrospective_reconstruction,settled,-2180.5292,-1861.5292,459417.4705,-5303.9552,797.5,397.3,0.498182,0.0,a7e3d6cf2babe95504496d944f1083631047e313beadfb899849c3bc4e13406f,f81a98ab428101dc4310251b6e4dd58decb6523be88e1e7bbbc3e875ed9fecca,3e3830812aa1e6c06bed020a2ffbebad595eac21b0fac89c648739de4dbb4df3
2024-12-13,2024-12-12,retrospective_reconstruction,settled,-697.605,-636.805,458719.8655,-6001.5602,152.0,87.0,0.572368,0.0,a195988963c6914c4251db5b2d13a7c0db65ad729f409ef59d9e2dfb6f438eb1,36e88c213c0656fe73b4ee3d80be103d59311446bc22f81c72cc882431f08020,cabd9feedd3165bdc0174d14ea71684334bf7306ca0ab0c6f5b69b57b8bb1233
2024-12-14,2024-12-13,retrospective_reconstruction,settled,-230.4107,85.9893,458489.4548,-6231.9709,791.0,616.4,0.779267,0.0,7547453c3694fefb29639e7649534d1878c157fae5b5b8216cee2fc26456b2ee,eb9f1291e2a31851806894a0a6571926542d51f968d6b1dc20edde4c1c48dd72,29f3f63dc89fe196495eb84f0bb64fbcc3fb5fbb7e413d791e26f4f5b6ce6040
2024-12-15,2024-12-14,retrospective_reconstruction,settled,244.7472,559.9472,458734.202,-5987.2237,788.0,486.7,0.61764,0.0,2f002c3c4acabdcc59b76ff589bfe30fd9d4e0a94522a0c684c5e3b6a2de9ee0,8ae332107618d7595e4b3f2dfd6a7fe4fc4ee85d8a267d04a1dbea757a0bbf87,c41351bb0973f10c191f87e2450606f5b780a2701767b82c2a65f30f7d30f33f
2024-12-16,2024-12-15,retrospective_reconstruction,settled,-1008.905,-693.305,457725.297,-6996.1287,789.0,616.9,0.781876,0.0,0f2e2e4ffab81a8f979183a82378bdf9614570a49cbb0689bd74444480bddad3,1bdcb2104e4d10493fb281bc0900f1b58dbc932986be2d51ed8d763ff1ca0ae9,b20161f6e396dfa04128f6aa95b53c717d28c59b7d4687c59f07321cd293ac21
2024-12-17,2024-12-16,retrospective_reconstruction,settled,5678.0653,5993.6653,463403.3623,-1318.0634,789.0,609.0,0.771863,0.0,6f3eb7eefee65b02a9af15ed8f28c32d1a2273d8c779b2cacd4b9052b4e56859,4481a8115bb08b4481a0d5aef25b5eaf6535de1a6fe4f8d38f0f3076742d2439,4bce80f40ba014788a82b1af8b2f44efb58ec77eef115a96a901a07958e8e367
2024-12-18,2024-12-17,retrospective_reconstruction,settled,-4114.569,-3795.969,459288.7933,-5432.6324,796.5,657.6,0.825612,0.0,b0f1b3211da63ea51a7ba5ecfffe71d73a36f3f9b2a12f318091bdb712b3b9c4,e67b082e6654daba947b2089e8eb42b094d5d303c722fc4e1d896410b61414fa,304bb5e0099133474a77a9bbe5916b1e93ff02fba5f88c8b6a15a8e2c469c9f0
2024-12-19,2024-12-18,retrospective_reconstruction,settled,-7441.6023,-7125.6023,451847.191,-12874.2347,790.0,626.1,0.792532,0.0,3cd70a00f978784bd417db5e293517dcdb9fe5f11674b1f567b296890c938894,9668f97d7a5e6a3bf82efb467ff0561cf806081fb910a9834f871f7fe52cf19d,b074be4ddd600564b0cca9661f98610f79cc73e17829a2931bee505560f13a40
2024-12-20,2024-12-19,retrospective_reconstruction,settled,-365.5405,-49.9405,451481.6505,-13239.7752,789.0,675.3,0.855894,0.0,1b66987374ffc1995448c44b686cc20c4b60fd0f06aba2519f3187f7bae45a9c,01ac61dcaadb0675c0f39aea1fa357883d5e708ba812f70f9e77bc568f7c0ac5,bba9f793d197b482b02e7d69981ecd934f3748b3365958ed6226067d383e84cc
2024-12-21,2024-12-20,retrospective_reconstruction,settled,1132.68,1447.48,452614.3305,-12107.0952,787.0,699.9,0.889327,0.0,07e9338a4abb15783a62a2ffd3fccddca1e860134647707d9ea1b90479617176,0ea7c664ff7df81dad0a88584a6386198205ba91fc138d95b2c0eaf78ee0e780,e37af46ba2dd775ab9dd1b56b1714ee980ec9bfc72d002464f303693ec27cc0d
2024-12-22,2024-12-21,retrospective_reconstruction,settled,2975.088,3289.488,455589.4185,-9132.0072,786.0,637.4,0.810941,0.0,cd96dcd731fd235e3860ed3b6cfa9419fca466c547f9d876a91f02c474217c84,d4938a8559599972711e257674dd4b302f542d2343a707e313fd01f2ef8461bc,8424b07e24f8aafaee0b0f4fb3447a9472ca0751b2e234a08f08de5eb33c2d44
2024-12-23,2024-12-22,retrospective_reconstruction,settled,1062.1275,1124.5275,456651.546,-8069.8797,156.0,132.0,0.846154,0.0,b467555662e8e6b69f045161e35f4ab488a29586619fb781cec1f9a2da5ccd78,6daf5014fcde55a9a56d60c229becd13914c3994bfa0b05e1249c36aee905006,e150e8cb0c9027d4dfc6e644330c327ff70d00ccdeb81a95a50d351791bd25f9
2024-12-24,2024-12-23,retrospective_reconstruction,settled,2556.7828,2869.9827,459208.3288,-5513.0969,783.0,579.6,0.74023,0.0,1a4a485f757df80cda1a4881b3f1758b4e0d51362d9f10a0d85186e24f0b4bc1,1ba522d42e8444baacdd71754b612cb6534068dcc80aee11ad769069e97122a7,75c6db804782d23c099402e36ed7ce4b5651ecc9ca337d644e5fe3c09f8f6958
2024-12-25,2024-12-24,retrospective_reconstruction,settled,-5408.0293,-5095.2293,453800.2995,-10921.1262,782.0,624.5,0.798593,0.0,b2a8a7508a8d17b31073680188aec67590e67063dfab75bf47ce5574308fa800,3f77c88f690ec208f6b4a494ce418a584eaf664b9e701e240eeca7c40f28c087,8c7b515f326409b2b97fed712a37aff65fc49093a8c94cbddb2e3af46a434ae8
2024-12-26,2024-12-25,retrospective_reconstruction,settled,-4564.6555,-4251.8555,449235.644,-15485.7817,782.0,618.5,0.790921,0.0,bb920f34ec7b04811f16c4234e4a573d8869f9dcff8f2d34552170e2bdab0836,71abbc6c48130cb0b5abb18e82c355a0d27d9841c1991d0504b8434b6ba0461b,d044375964c4985fd2c393f2ecf1199d82d5968fd0cb512d79ee6de671277f74
2024-12-27,2024-12-26,retrospective_reconstruction,settled,8607.589,8921.189,457843.233,-6878.1927,784.0,722.4,0.921429,0.0,86ba3f2cf01883d7e4674c9464625ff7a64b618bfaaaf5521df70871ef11ac02,997c5e560840be3d2e043e31e06e0be558112c88fc28a5b3aec8987c1fd7c51a,7c5a2a6106ef706f25245087b22a77da2461f794e59cdccd955b9129aa36b0f0
2024-12-28,2024-12-27,retrospective_reconstruction,settled,4455.7412,4769.3412,462298.9742,-2422.4515,784.0,659.2,0.840816,0.0,c2a4339aef9c8e741a98431b4e353970d9d80b25a49a2aeab24c18f5891b1be2,2e60a6f65ec1b5f51b4b8f819bd5307a026e0b210a6dc6c600c51168f03efe01,1e28e2082db4e754dd11d245c38e8e10b40e9c4cbca19b9fecb152d22fc3c41b
2024-12-29,2024-12-28,retrospective_reconstruction,settled,5086.6415,5400.6415,467385.6157,0.0,785.0,715.9,0.911975,0.0,9e9bb1c0d38de9ad20b425d4877bf75ca3c513fcd30212201dc5fe5bd0774289,1da37ab03cdd1a067bd9620634f7c1aa164dce6338105e93fd210a7def8984e5,ddd6038a2e2759eaf99afeb68113de5cbd1fda831dee2bbff1da29679fe8955a
2024-12-30,2024-12-29,retrospective_reconstruction,settled,1847.9445,2161.9445,469233.5602,0.0,785.0,663.3,0.844968,0.0,85560e9e8ae5aa3753628a8d57cb832e8c782f3b4ca25050796b86d048046d75,f3e0fdbd1e2cc659499fc60198563eb22e4a3382dca5b9b01b84b05acd379b18,0a149c9d6267e2b0f68a47ff1158b0efd47673edc141b94e44fcdd24785b13bd
2024-12-31,2024-12-30,retrospective_reconstruction,settled,-7009.2,-6948.0,462224.3602,-7009.2,153.0,137.0,0.895425,0.0,610365eada1cd33909c201bbef2e54ffee619508bb98c74522228780302583fc,35451dc13d88c1c23bd238e0514d9f1f08485aa0e7701bdf9ae0d10c7f43b25d,62cf31ee521a514436a49c7a0bd59ac173788c5a6e313375fc5e3cfdf9cf272f
2025-01-01,2024-12-31,retrospective_reconstruction,settled,-2664.838,-2350.838,459559.5222,-9674.038,785.0,702.6,0.895032,0.0,49e2504413003c28d94a3b958716f49b442f5d047fef7ad9c865403e302416e5,40e49fa075633b95534c69c5f3aedf46a7a69c9b4c43844b83bb25bf40c01906,9e8a754eff03ee86bc8b0fcb62c6bcbb5ccd62702488097bd3d379cde861413e
2025-01-02,2025-01-01,retrospective_reconstruction,settled,605.84,667.04,460165.3622,-9068.198,153.0,139.0,0.908497,0.0,d3801d7e930c314dc556f182cb52c01268ea1d247b8b0da4a4522648f04c949d,329204a9de70731c2528421970e8dfc8bbf7899ee55cb36fcb318a363c98b8bc,2c1f28645024c4a0d559ff59cdb6a2fde928b5c9f64625bbb6019090bf63cbd0
2025-01-03,2025-01-02,retrospective_reconstruction,settled,9650.6625,9712.6625,469816.0247,0.0,155.0,135.0,0.870968,0.0,e7ea4ea5157baf7d1d1403d82bdd48a0496785e96780df4ec4773fc56958131a,14cda985eebd7dac17b0cb39dc488433a9b619594a1e24a26f2c4a75553f1440,63226df8ede57db0802fb0c47a90828b9ebdf8d2a847777590c958eede50d66a
2025-01-04,2025-01-03,retrospective_reconstruction,settled,634.7525,696.7525,470450.7772,0.0,155.0,123.0,0.793548,0.0,24ab9060da3a9eb9fb2a39a75992e21b8e622c3a5e504b21166c1ca2d7a0c310,de15b6177fdd7ca6250812a824a390e1ebc68abf6c21c80399b5b089bbb197bc,8c2862999434e8c9116f13b10252535369f36a7e5d5a89de9edb45483c784c52
2025-01-05,2025-01-04,retrospective_reconstruction,settled,-2848.8012,-2534.8012,467601.976,-2848.8012,785.0,649.6,0.827516,0.0,99e1a66f99a4b300d75bec122aca05e096cdb7c5263b2f7cb187d9074d02724f,afa18c1a5790b8ebdc9a2de457828acd052a0a0860722bd3468183f58f50606c,259d768e3c1ebaaac50738a7ebf1baa9b3fc75a136004ddc4dabfc09140acbda
2025-01-06,2025-01-05,retrospective_reconstruction,settled,-6062.8725,-6001.6725,461539.1035,-8911.6737,153.0,95.0,0.620915,0.0,243eefd6d23a5e11fa6eba2fca9d0eaf4446106d2a42f327a10d2a3e5389dbce,8be96a16d816334e57992d4ba515f99e785416ff5f2f0dbe336f94ac4a3e94d7,1a63fb74dca40e4850936e56acb97f76baf3f94b8b011d7f237eee47b66234fb
2025-01-07,2025-01-06,retrospective_reconstruction,settled,20858.4165,21172.6165,482397.52,0.0,785.5,561.2,0.714449,0.0,487b40748a2121c29ac67cf17bf1ccd591b56b4dcda1513bde14b1d670198505,a42cbad078bed8d9e4d17157b52949b509913763b101e73f1402d1a6b9c1481c,ef3c7eb7b87a7c85e30e31a6d9fe8c4ff009d621f4682a03742c9e2096b614bc
2025-01-08,2025-01-07,retrospective_reconstruction,settled,9554.9252,9868.7252,491952.4452,0.0,784.5,471.1,0.60051,0.0,a460e459936d1adb88c85c004a82ddf2185dddbbaf613ae9e7eaec5426cc73f3,d786a28f2613d3611eec890c72b8cc59a398bf72eefb6d7fdd7e245bce238ca3,b84896ad436de585f093145f9da33a6541d9e2df0ca3ae2f51e4dfedd94a716d
2025-01-09,2025-01-08,retrospective_reconstruction,settled,6150.0965,6395.4965,498102.5417,0.0,613.5,445.9,0.726813,0.0,bab4ac673d65a229c8e5acd435840c9120c0aa1ae9a5e490f37760d996ece2f3,c4d268cc8f93eaf0501116ec33d07cc8b9d70bbebfeab8f05afb83eb5dc5badd,3e480e5470623b7001d3531133ae07ff432d244157cd337dc03626c094535b54
2025-01-10,2025-01-09,retrospective_reconstruction,settled,10974.16,11159.36,509076.7017,0.0,463.0,348.0,0.75162,0.0,8fd307acc5a39cbed51130ea5ac3a7ee367bd9241310793190ff1e04d59912be,002fe8f6b60a271ff37e7005374f8d6cb625b5263a5e1ccd7148bb2f6f061c4a,abf71adba967f5fef36c1393461f8f097ae9d59ffaaeeaddff63f3b8183b41d3
2025-01-11,2025-01-10,retrospective_reconstruction,settled,2306.365,2354.365,511383.0667,0.0,120.0,112.0,0.933333,0.0,7547df2d15d8f07cf8d470a3991a224d28d641734ac0b34b4c6696f9ae30cb1b,5a86caa50eca32b3a4c7906efe7ab0cdccf433be3401154f57421e44705b336a,413b468e7a027c07dd5e810170b3e652cef957162de9c5030d2cbe0ac650982a
2025-01-12,2025-01-11,retrospective_reconstruction,settled,1101.9725,1147.5725,512485.0392,0.0,114.0,102.0,0.894737,0.0,9bf508397d688fc68b2eb679ca51a07cea66ecb1d8f635860177c8214975791c,9464a2e7a287ee70f4f7255bba9b24c9cec0737772e2b636b77e743497a7e541,b55e1200f33d5711582871c61144850a39de1c0df74d752f1e283e90396d6900
2025-01-13,2025-01-12,retrospective_reconstruction,settled,-5770.6257,-5506.0257,506714.4135,-5770.6257,661.5,488.2,0.73802,0.0,4186ecd1ba061557f226d2238f24535ad859b4bdfd51fe196a91f2a4808e9c5a,29ff27d0107eaab055864c8af216c10c3412ec25bd743f47aff715c90b744ab8,40b458981c1f7f17605613b222ee630ab39d9d532dd40f0ba72f5c8112546100
2025-01-14,2025-01-13,retrospective_reconstruction,settled,-6907.7345,-6647.5345,499806.679,-12678.3602,650.5,483.1,0.742659,0.0,f5446ea8fd80bfb1c779f30ca2e66c6a45c657cd1326484f1119d9166ea60a1d,b697655b6b388c6dff100e8e37eedf5281707d38c6dfa4d76d78c7608ec68d01,78eab6c54707605ad733034a94e5409b3a64f20d86984cc70679be19820ec933
2025-01-15,2025-01-14,retrospective_reconstruction,settled,-4187.1228,-3926.9228,495619.5562,-16865.483,650.5,351.2,0.539892,0.0,a2cc626195a6e62d2a38f1613b3617f21628c8694d3214785e191e323bfc0d71,88e72462080ea0427bdcf6a1336859c77475133c47131a8c01e303cc905c3244,4675efb4bf03a25af5e87b5aabed8935b301d7633447bf522fdc96f52480dd2d
2025-01-16,2025-01-15,retrospective_reconstruction,settled,13314.0665,13570.2665,508933.6227,-3551.4165,640.5,469.1,0.732397,0.0,deb32be925b78e7d4956221377f5e7c931d0b46a35e6040090cf4422d5a235c2,45aacdfa08719b9028a0b6cf9ffc06ac6056f36be8052a82386cddea5ae52da9,68cb65d61b8dbead9ce5601535c06b4ec4ac066d09bbb9af3d2648e50040a196
2025-01-17,2025-01-16,retrospective_reconstruction,settled,2489.113,2741.713,511422.7357,-1062.3035,631.5,447.4,0.708472,0.0,edebeb55f39b1ea45e83dc3fc4886258089c10cb791ac891858c9aa44441947d,1fe7b410a7e26290b60639aaa9d031dae603ab7daec571cc0bcf844444df0065,77cf5088dfa84c463456efd387e3e97b4bbd7664bd19179c407d7e1616d4874b
2025-01-18,2025-01-17,retrospective_reconstruction,settled,595.6775,638.8775,512018.4132,-466.626,108.0,88.0,0.814815,0.0,cedc3d95c0c4a9c3ee9e1062f5f89de6962d957e29763ee9cf90b50fe38df48c,c6cbeddebf34e6ce18b6bfbdef1d3e5e9b6add78e8fd1f2541d0991a206aff8f,a3282e2fc6ee4a5c1f2b86246e26aba247ce8c1dd3b554da9233b851203775e4
2025-01-19,2025-01-18,retrospective_reconstruction,settled,4495.8375,4539.0375,516514.2507,0.0,108.0,83.0,0.768519,0.0,8a1d0f585c02d3fa59fcd2b532de0c4509b9df380956a9b2ed41bf33f0d8cf77,851f116e5c29d33aea13e0da412981a95ee760b0b9a473b9c551ab85eb984f31,d869320ab3a4a7d6004035f4c802a494d039c42dd7ff37dfaaa86407d66355a6
2025-01-20,2025-01-19,retrospective_reconstruction,settled,2401.15,2443.95,518915.4007,0.0,107.0,105.0,0.981308,0.0,6e252a64615aad44d77399d3ead5fbb1eb87cf3c74a634b78264ab1080590f91,363553235347c0caab453f74bbabb42613c61a96497105c425b5de034322e722,fec81d2f738c433a49b93890f35607e63226424099986c71bb667c8dbe4bbfc2
2025-01-21,2025-01-20,retrospective_reconstruction,settled,14870.7762,15072.9762,533786.1769,0.0,505.5,341.0,0.67458,0.0,54f2c9424ff0fb64df4f12ebda020fab430b89ae3b9d05d87b02a977bfd441c0,cfb2778e732933656a8f1b0d9041337bcd276082ca1f65a2831c2fabd73174b6,9afb91710d42496d7b00da038c113d77082b0c010609eff4e6eb726727d90784
2025-01-22,2025-01-21,retrospective_reconstruction,settled,1307.55,1337.55,535093.7269,0.0,75.0,70.0,0.933333,0.0,2522be6746b20dc70423b3075b95441d10b8e40d823a6f6627002a0891c3bd8a,949829e27e095864fad0ddb4e5ff198b9ad0531cae74f189a1855e75a3945fe2,abfb060db97d1d5b0555af2db21fb0fd5238be64739604452c61b492c632dc8b
2025-01-23,2025-01-22,retrospective_reconstruction,settled,3181.415,3221.815,538275.1419,0.0,101.0,88.0,0.871287,0.0,6505301739760873902cef04273cd592c5e793818e258a1d1dbbe8524f19a090,e08ededb316345914afe4e955c8d874c3e880e0457d80ccd4c16d9399b2296df,99bdebb97c9ac58bdbb5c432a87ab0ac14966d67c4897b8adbe9c929e838a1c9
2025-01-24,2025-01-23,retrospective_reconstruction,settled,4739.165,4973.965,543014.3069,0.0,587.0,484.0,0.824532,0.0,fbb320f4c633bcd128c2e0e6efbcc0c758e155abaf8abb2889762fc8399e4a92,26e62d3c5870058898acc929634d0eea49241eab23a9e099fb552c2e3aeda990,e51d5270218932e43ee9eae58ed77ed0b51769009559f4cdbff800682fdb09b5
2025-01-25,2025-01-24,retrospective_reconstruction,settled,-34.885,7.515,542979.4219,-34.885,106.0,91.0,0.858491,0.0,040e63d2d606d89045efd1deba74695129a7274ec638a42d6a2a2822bb3eab17,41e264c1029eecfcaf70540dc2cdf1b516e5cba90e544739267ef6718967ebde,0a17dc20227cd05e14b5800adc1b7bc8fdafc15080c16576f8c57fee8386e6aa
2025-01-26,2025-01-25,retrospective_reconstruction,settled,-4575.375,-4532.575,538404.0469,-4610.26,107.0,75.0,0.700935,0.0,d7a4d74a9337fad4b7a17da4122566401a947d57ac9b4cc8a035ff8c11f32dcb,475f5636e9727a1327d89153c4c31eede9392364bdd1e6d03752c3d27ee2620e,f91e20f015d4fa30a1b1cf8450e9f7b7cfe9a67dfe22baffcb97be01a84bf85d
2025-01-27,2025-01-26,retrospective_reconstruction,settled,895.405,1137.005,539299.4519,-3714.855,604.0,477.0,0.789735,0.0,8811cd4016c117540dad933a0c87e8fd350c49621f3deb865c37af57aa12d3a9,a56accf2efc4c4c4d9f816c0edc12257ec96f86b0e72b74bff59f303e37c7f76,5aa9671edc235b3737ab97d2492647d72893d10cbcaf5ce205a6a53ba8548be9
2025-01-28,2025-01-27,retrospective_reconstruction,settled,-4107.4425,-3869.4425,535192.0094,-7822.2975,595.0,406.0,0.682353,0.0,414e936ef87d5d4dd1cc599f2e361dad537b118e2cc4c8dc5aa940c392db0c93,b0694d19d5a305a63a815489334364f8fdeea761e37399b877473ace0fe43878,d1d8e6cce70658d92b48e184e500ce74690b91916a1063410dd678126af68b4f
2025-01-29,2025-01-28,retrospective_reconstruction,settled,3832.285,4066.285,539024.2944,-3990.0125,585.0,408.0,0.697436,0.0,c1081210636b14ee94db40c445d76392884d6c7368b741d5d9308792e597df4b,6f6b59c4fd3e8d4760c2a889cc5c532c7b289dafadbeddf7781e5d34a714dd9e,8b762caa147de724c063967a3664b06f8f804a2b279993302b0316b99fdaad28
2025-01-30,2025-01-29,retrospective_reconstruction,settled,5023.5175,5267.9175,544047.8119,0.0,611.0,453.0,0.741408,0.0,3e5c31d0126aecbcb41d832b318761e9d2f360d4b76f3efd667ef3be6513e92c,6d9d7ece0988c39e499869340600295e8626bf9b7e3ed925f7cd853ef9b8a004,ea3630e9893ebbc9bcfd109aa6de61135e263829f7d11a7fe3fe44850c0bc25a
2025-01-31,2025-01-30,retrospective_reconstruction,settled,7803.3925,8048.1925,551851.2044,0.0,612.0,537.0,0.877451,0.0,314055ece1f242ac989d2eb31363f7a2e3d3559b028aadfd8c3c0d552ca4953f,00c3431e7657b13b5543ebeb01911d54b483f3aeac8ea3a69b61facd839fdd19,a95e443bf4a5aa258eba6f14740acfd38945fbd3dd58aee9100b892e55b1f53c
2025-02-01,2025-01-31,retrospective_reconstruction,settled,2870.2525,3115.4525,554721.4569,0.0,613.0,400.0,0.652529,0.0,8a251b85e95356568bd8bfab67d61ca08f05a46c2787b50e909af3f74fa47356,dbb587f8af0b67c5162c6a358b5b08f670da9e7c2dfb56b4d01ce6f5c953ba5a,112053c664a5e5e61316b9cd9f96664f634fa9b3a6728b9cfb33ecc8f8675dbe
2025-02-02,2025-02-01,retrospective_reconstruction,settled,-1091.465,-847.065,553629.9919,-1091.465,611.0,482.0,0.788871,0.0,de030a35038c637c7aa011302e49d9359fbf01ef1c76f8e74223e4c4ffa036f3,3ab84b4d7e914e2a1de3408b526ce10b1bb0672d57f19e5474ce67305b72ee61,d0a54e9439fd79f8f371df7a18a25cd22d2d904bd1709f07bb8694dc7216a1df
2025-02-03,2025-02-02,retrospective_reconstruction,settled,1849.555,2094.755,555479.5469,0.0,613.0,402.0,0.655791,0.0,0fb02355ca35e405910903b2d1f110e0cb192d8e0e0d9f8de99a4980501d2bc9,1665886981615538ac4892e0705ca318c5a023a91961f5a4e1087f0b0c317a6d,5578f562e7adc1331ccb66902aec223f6a4034837f18ae43dfbef949dca3fe8c
2025-02-04,2025-02-03,retrospective_reconstruction,settled,2669.892,2926.892,558149.4389,0.0,642.5,386.8,0.602023,0.0,9ad37d03db2a6916421031bcdf5d4376013340289e952478e1f5f56ffa6ccf91,3a342e8fab31fc1867c65633ea01e1943d66bb8e39770266fe708022aa4a5be5,59766105bafdb60247db769ed7aae67101e650c6ac5f122a09a8150f4936dafb
2025-02-05,2025-02-04,retrospective_reconstruction,settled,1894.4742,2151.4743,560043.9131,0.0,642.5,404.5,0.629572,0.0,615f7af5151d022c0a7ce687b78f28a2887160bd3d3440426608d339846aeb6e,470a061a178b41534d67cb0262b22ee6fd7f0f285c5120f71018159d3d5f16d6,e93647319c64a165573f0d5ecac72207eb4f29856e23da727a73ebd4cb0828f6
2025-02-06,2025-02-05,retrospective_reconstruction,settled,3808.1797,4065.1797,563852.0928,0.0,642.5,426.4,0.663658,0.0,3e0a439b04adbf9018fb7d9cee2aea2b88abc266068950f2e24d80548accf243,7e5aca056851abc434241d1d17b0cb0ac0942fb444a19570453354f1633696d8,0f118ccbec6d76446ec4b12acf8472e41efa45e7b4658557a718c928820dfa19
2025-02-07,2025-02-06,retrospective_reconstruction,settled,5677.4105,5935.2105,569529.5033,0.0,644.5,545.4,0.846237,0.0,eb298f2fa95b275387262d5071cf1ef70f1bd1c41cbf86fd4ee59ec29d77b580,802bdd2a26e7771cf5c0edddc72266b31abfa1668e053463da2b5de636a35ce0,80a7e4af9ebdf8db5686dc4fd26558fbcf21b871542be6150fd7bfb5a7cfe7b9
2025-02-08,2025-02-07,retrospective_reconstruction,settled,2221.989,2486.989,571751.4923,0.0,662.5,446.4,0.673811,0.0,9426da35b2a1a91a0263c382592c2a6a8fe66701f9238f050e103ed1d44e0b3d,171f2efb941e1b87871b38838d432c56d5df2fa029ad514a21474b30671265ea,fcf76fefa98c59f63d171f43a987cc1f0396210c7e5535db82d2e24806bc3ef4
2025-02-09,2025-02-08,retrospective_reconstruction,settled,-1966.2108,-1705.6108,569785.2815,-1966.2108,651.5,523.3,0.803223,0.0,38becbd642de7cd4372c666c1d824f4308bc42f088265f284e8c77f276b195f3,73249240bc40819efcd1a500f4964401c5075144d9c72923677ca60a725b5666,6d6a875978e47e9c27832eb7efc82a3857393383702f49d59cebda36244bc061
2025-02-10,2025-02-09,retrospective_reconstruction,settled,-38961.293,-38695.493,530823.9885,-40927.5038,664.5,511.7,0.770053,0.0,dcaac682fb4424c07a344d0828ea1cfe0bbf95b31c0a71d330ddeb6d672d5420,ea8f723fd5d2b29386af3d0285fea36ddc14d5e6f93b67e813629882380ab4de,240e8980797a70cf194d3b7bff17aec4f1cdc4f38bbbe7f877ac378eed6d27b6
2025-02-11,2025-02-10,retrospective_reconstruction,settled,679.375,722.575,531503.3635,-40248.1288,108.0,89.0,0.824074,0.0,d309735856306ab3120891a621627dc4119ac3c5652b64fbefa8741c9ce205d5,22b5820665f6b81e4c712b0ebbfe52e6d9f838d418ffaf2c448f2fdb2584d3be,386e08f640369f3086cedfb54100180f1d3ba36f55f47c943a226f3c61d54250
2025-02-12,2025-02-11,retrospective_reconstruction,settled,-14726.2525,-14551.8525,516777.111,-54974.3813,436.0,339.0,0.777523,0.0,2a4c1e88c878faab2a274743cd4ed2caa6ef56aed42cbd24a33fdacb3e17272e,337e19f5250fd912fc4bf6eaf1d1bc1a1f175fe3cf708d3ee070bc9f735f5d41,e5f116d10503c67dab9e3287e5a04fe92e85a9a0778d321547f8409112e4f03d
2025-02-13,2025-02-12,retrospective_reconstruction,settled,4111.3275,4142.9275,520888.4385,-50863.0538,79.0,68.0,0.860759,0.0,0d013379f6e4e3e6a0f1dba6b4e3ba3f0565c259a2b7c6b393bf92c072553d73,028190e60cdb8a6d72e6073a7cf0e506f997e18617742d89be4643b6da7351a4,e1104eee8e75ccc14be62bd8c1245bb2110b407b82e91cda089fc7e2b07245a5
2025-02-14,2025-02-13,retrospective_reconstruction,settled,1189.69,1337.69,522078.1285,-49673.3638,370.0,277.0,0.748649,0.0,5936613c9390b451b550e9aef84382bfc180e2f2aee24fc4ded084e56df65152,59ef69d40304704bd7fa2e2ad5fd62fb44208cf1285dd9f8b06a16bbb4e880b4,a10d883e20b4cf581761c7656f1fc4bd41e609e66d602bfea5a0939f73249f3d
2025-02-15,2025-02-14,retrospective_reconstruction,settled,-71.5025,-43.1025,522006.626,-49744.8663,71.0,46.0,0.647887,0.0,9117e75cb2670fbc7084dd402ccf7ddd472c9d5ad69bf8b45dc64add7d7ccc00,5fd9b0514dccd863a81e9f51f14a12828c6aa313883131841a96fccbb4566eb9,a6fb5c2ad52408a9a81ceaf50469c10585c10d41f77e90c2d0bed4e4a5fde435
2025-02-16,2025-02-15,retrospective_reconstruction,settled,1727.4775,1756.2775,523734.1035,-48017.3888,72.0,67.0,0.930556,0.0,aa4d3a06c226017324d738191086a859f4df407a60142a79d08a93e03110f02a,4f598713da80a83e1209bd3b1c85b367610d20e1812b3fc7c883862ea7e4015a,7a6bf864c071bc3cc46118d28bb22526eadcd71ec023007ff4f4c7e7ab828f67
2025-02-17,2025-02-16,retrospective_reconstruction,settled,330.99,486.19,524065.0935,-47686.3988,388.0,304.0,0.783505,0.0,9358b62608a69c3094b6670d82a16147b42eed9a430a25fd535719232a12fe14,d62d30a4f413d93a9649627570dae4d82b04bb512eed2265d7eae558860dbc51,5a3451feaec01639364a9e9148a3e3af7cfa64d25fdd751616abaa608e14b3d1
2025-02-18,2025-02-17,retrospective_reconstruction,settled,779.44,935.84,524844.5335,-46906.9588,391.0,347.0,0.887468,0.0,ecf5c0dd9f4df0142c92cc09d4900cd699d0110e9f8c56dd4110d5ce3f7fa542,6d2ae3522d7b9c4b298cd08f6803fcc7105fea8a1f7c1c7771ef1d3ceccbb48c,d515dacc97b619fc6338e4b25ecee044d81973daa4535dcce8838bba06549a64
2025-02-19,2025-02-18,retrospective_reconstruction,settled,-6982.8775,-6953.2775,517861.656,-53889.8363,74.0,65.0,0.878378,0.0,a1fac5a9289f7167142d6d7b1c259fef17354badd88dc9ee11f254d80e4fdcbf,44781afe867d66cf9dded29f6283c5e5b5a61070f0ae9282113bd7f1c085ee9b,8b5dd1d831a49e0d6b6ff30061250e9eda52f7f03858b464190ae3500d03f6c0
2025-02-20,2025-02-19,retrospective_reconstruction,settled,6180.415,6210.015,524042.071,-47709.4213,74.0,63.0,0.851351,0.0,5ad812c1f18d06be87697c70980210d5197222dd5a57a4142b3e1f96a05e967c,b959221134cdb5f30e192932a8c558727fe017634989677f9d6812055df4aef8,62083bf4bc9790fbd8d7937b64cb50493fbdb87d8cce4d5861eade2c093cef20
2025-02-21,2025-02-20,retrospective_reconstruction,settled,6633.09,6652.29,530675.161,-41076.3313,48.0,48.0,1.0,0.0,0f2237a773042a4dd3654083a4274b3470824a3fd2d529c27bd1263c1d2ec33b,256c611964519a66b04435b33c93ab4f0bb7d2067cc70bb2c682edaa4742dd5c,f481b37241b5c49f179bb2190e449e5e4aca9b386f8295269b51f98ec3bc9a3c
2025-02-22,2025-02-21,retrospective_reconstruction,settled,2655.175,2674.375,533330.336,-38421.1563,48.0,47.0,0.979167,0.0,e9594ba8c3fead60da403acba3d01d88bfbed385f79834c589c4c82ca6298b7d,54f51b543e32329b0f9c08c2656e7710d3eede6459938f6693c119ef4642a555,660d24bf99dbe14f4f90f557417778a48f231a28ed76ae1c0114e5872cd85d86
2025-02-23,2025-02-22,retrospective_reconstruction,settled,1729.32,1755.72,535059.656,-36691.8363,66.0,60.0,0.909091,0.0,a946ba5c4a6a52e08c660553b178ddb7574c76bf76c0d5699d1efa6b125bea9b,a604b967b5b6ddabb47f9d897a32955f710e29ab8f3d7272cbfd9db6c0584dd4,957a022ad163ce2f574fd5fa168b059f577830fbade2a92bc2859bcda7a57b24
2025-02-24,2025-02-23,retrospective_reconstruction,settled,1045.805,1075.405,536105.461,-35646.0313,74.0,65.0,0.878378,0.0,389f57a1feaec576fac661fb3a76a829d787a49bdf072066f7bbb5d278fb5ac0,8284e0bd39d0e9c85945955120a70543eb9d2571ce071f533079a6316f4c6563,fee2653efb6d08446656ae87f2876a8c13100ebbf1d4e2ef4af518e5afbfbb4a
2025-02-25,2025-02-24,retrospective_reconstruction,settled,-13369.7175,-13203.3175,522735.7435,-49015.7488,416.0,336.0,0.807692,0.0,210b8eee745e3761e27478831194b72d3cf47ffc22079e1d51adb461d10884a4,179237d06c88ea7edecce1662dd28e86d117ea87ae399b102673509fe6e7d41e,9db76231e91eaa081d830e684e56e30b4ec047548823b2ee4c9abfb55eca1d5c
2025-02-26,2025-02-25,retrospective_reconstruction,settled,86.985,255.385,522822.7285,-48928.7638,421.0,349.0,0.828979,0.0,a91fb5585f05acc9a93a6ccbf619f2981913f89304acfce3962cee07e1334b0e,3e65120d6de509c6fd7822175896404d8672c90bae1576d929c6a2600889faa7,ea87e1c07b74df881cae23b007f5a033c0bab6458de5e391cb39b9efd1875f2f
2025-02-27,2025-02-26,retrospective_reconstruction,settled,-9259.785,-9101.785,513562.9435,-58188.5488,395.0,343.0,0.868354,0.0,98c9c35f0369837fce79380bfe886f973bf114b661b59fa099c9dddcfc67709c,0901f58b42ecd2df1f0270ec7dbd66bb940243e35382d8ec61923338857f4013,26bd35281ee2f02ed5a4275db1b4401a6f88aedaf9e48d51aec80257707a8f1b
2025-02-28,2025-02-27,retrospective_reconstruction,settled,5629.1925,5788.3925,519192.136,-52559.3563,398.0,374.0,0.939698,0.0,a53c3d8402b0bc3037b30903010ef673058ce104ccd97b0a15b0b053ec20240c,dd54c6331b6d423719e259b34a1c59f0977ea802817b73e45a29e94eee62fbc6,de8f612a4334c08a03391c63870e184d424bd6da609b11702dce834e1289b77f
2025-03-01,2025-02-28,retrospective_reconstruction,settled,9137.6575,9296.8575,528329.7935,-43421.6988,398.0,363.0,0.91206,0.0,c68ddf91794aa6846977b68726c17506258af8262cefda77c11422618bd14f21,c0eefefde2b3c9b17695912e963d527e95b3f3e787d4eca1d2340a20c28e5e73,e5bb37346c1b16f481e900dace335b6268e12e18d7192574eb2555d55bbf7226
2025-03-02,2025-03-01,retrospective_reconstruction,settled,-2021.9575,-1862.7575,526307.836,-45443.6563,398.0,295.0,0.741206,0.0,cfba6375b55db0f87d5d6f236cf727b5dc829bae03fa464c2bf3dedc9c9ad704,b9c94d0b9de65ed932e39f66d74a03be3110f9fe13491b47fce6823b6bc8cb9e,f7042875bbe711cf2b4ce497a58d57de7cb82a6c5e512344465879bf5d467263
2025-03-03,2025-03-02,retrospective_reconstruction,settled,1936.0675,2094.0675,528243.9035,-43507.5888,395.0,313.0,0.792405,0.0,416101857e5c0020c865a2d51373ebc804f3539972156a3b3ecaa0fcf971fafc,e8a65eb345e2e183fe7fd142c9945f06d57e8938b9ac03b7fd2dcbf3ada2bc1c,1f9b748a8b94730f9d929d0aed24b1cd11a4c454aca5df6b1aa0275ee417f1e2
2025-03-04,2025-03-03,retrospective_reconstruction,settled,845.3,1004.5,529089.2035,-42662.2888,398.0,271.0,0.680905,0.0,e677df050b7103f2134e0181dda0360802ecd3ecf98fd8e85c564d59b194f543,ee1824f6ddbc87c6ce9fdad7f242ead6f0d96046f3fa2b529b8fe9af54dd654d,fd7e655d81f8aaee85c5615ad0434428bef465dc2788c4517083ce53ff99e5d9
2025-03-05,2025-03-04,retrospective_reconstruction,settled,9048.84,9212.84,538138.0435,-33613.4488,410.0,382.0,0.931707,0.0,a0080bfb55bb9f497d9f86055184e3ccdf5e401412ae7f72348837f0fcda21fc,ebfd4b4e45f039927c9a5a29c5b6ec697829986f9078220c0e3247b1c3015284,7d74f1cac676290f69232584e73cbc2d0f6b380fd5eb7c03e71ab2fb42a257a2
2025-03-06,2025-03-05,retrospective_reconstruction,settled,192.45,360.05,538330.4935,-33420.9988,419.0,325.0,0.775656,0.0,df9a7669f4c9ddc0ff358c163d2d9c2af9186ad6a71c64a80d072a08ebcd4348,71ddac165c971595cf4ed3a084cd17b777dc3c35daba74037b41bcab57a1dd5c,193fd4b8c1f10c379efd4487c67d6ad9a96a07e9af32505890afe56d4d29cf2e
2025-03-07,2025-03-06,retrospective_reconstruction,settled,4234.785,4397.585,542565.2785,-29186.2138,407.0,307.0,0.7543,0.0,45e122e382d2fb0ad05f08307fa3fa921990b4bb57a7b873586c10151125c7fa,810180dae74af75265100884f94414678b77a5b2a7e36a7ee215099ffdbb89e1,920ce0db22704c0c27e73513136b755dc9ffbfd512e86e9c2f4449ef0e326f81
2025-03-08,2025-03-07,retrospective_reconstruction,settled,-293.12,-140.72,542272.1585,-29479.3338,381.0,284.0,0.745407,0.0,10a82429fb2acddb2fbad02d1dc0f83fa680cfc299afce68526ccd1cc6254541,4a23d2f7835fd0f7fab9c139af9d33231ac6cae52f5bbe979d9fb6b46838ee01,ef0fcbb199d1005ed097b5d0670d6262fbd25efeb60d7718da69debb3ad5efc4
2025-03-09,2025-03-08,retrospective_reconstruction,settled,-148.8025,18.7975,542123.356,-29628.1363,419.0,339.0,0.809069,0.0,fb63fb2f443f52e013941b64c14e2ab60acbeed0b2f1b4c24bac4c43518bfda2,6ee68b7dabf20d79894a80f3fec858c88f5bdaa8cafe80e3fa6eaa4779734102,68b220aca2bb0b664edbcecafd1a69c9ab2980c6d358ac9a83b800cc01e58550
2025-03-10,2025-03-09,retrospective_reconstruction,settled,12170.16,12339.36,554293.516,-17457.9763,423.0,321.0,0.758865,0.0,1e3d61a16087c8ddcaf4f8948fc77c7c5e905a4ba33eb50895248675cee8f95c,677ad53a4215de567c6e27b409ad035b9d947874ac664a8919aebc02407bebcc,14dc6959443707fffca3338382c7a2a0fddaf42bcda7d1d3d41d82bc176dda0c
2025-03-11,2025-03-10,retrospective_reconstruction,settled,-309.5075,-144.3075,553984.0085,-17767.4838,413.0,221.0,0.535109,0.0,c28fe55b75c38df0d15b9a7b11ece367190dbf0fb24ac098860831779b17c03a,613a459a98c1ee07d17a08d9dfc2c531333df4ce99f2b2ce835d9957dcc17a0e,cb22cbcc5bd461436fd9bc6df37e7881f41e066c25bfb9d8619b173ede7ae5a2
2025-03-12,2025-03-11,retrospective_reconstruction,settled,-1644.8075,-1475.6075,552339.201,-19412.2913,423.0,244.0,0.576832,0.0,bccd94ec25eb172f929d767ca83571df3e3d2f0dd6ea9ed67edb9755a1c07442,9a5533260744989822be592632865d08392662811a11bf48cdcede9d2c30bcc9,7149be3a96f569473b86d3e529843bb9a878ce4fd6ec31e612ce237db5707dad
2025-03-13,2025-03-12,retrospective_reconstruction,settled,647.17,816.77,552986.371,-18765.1213,424.0,326.0,0.768868,0.0,1fb53542e1cc19687cf72bff037c586dc0f8b5aa0f5abe2cdad00d3c33e2474c,549ff410a863bd826160898b0a99d532d450c1e6104119b5d3662fe08458afc0,66af05cab5c21f89e31a40f591512c66f4283aff3e16324face2ebd94a07a7a0
2025-03-14,2025-03-13,retrospective_reconstruction,settled,2612.1225,2779.3225,555598.4935,-16152.9988,418.0,276.0,0.660287,0.0,0240de4798f1e78a79794e1f212fa81fe2a1a7e72c655b0aab9db7c208087fe4,25c14630fc01117e8c91b969f5853e6615b713debe76fec5a1c6c899817639b4,c8bf18984e1cdf8360a643826bcd4af9d5612874cc52ef4c27c48cef7adc6ec2
2025-03-15,2025-03-14,retrospective_reconstruction,settled,780.695,957.095,556379.1885,-15372.3038,441.0,382.0,0.866213,0.0,e2bb54eb1efcad34dd66ad9a5500935d1b5504988f5232fe32cf82579fdfafea,007becb1ecfbad92a3c473553c546ca48c99c547c9a79fb30d01670646840ec0,babc2e6a05ea4eedc4391c6c3975c3e56be652fe0ae783596044ae01df887940
2025-03-16,2025-03-15,retrospective_reconstruction,settled,4708.95,4884.95,561088.1385,-10663.3538,440.0,414.0,0.940909,0.0,18910975ea71c85aaf08bbe648da01c6f13d5716c32684ed3b660df76e338f4d,6a72fbcc22459ca6ffb397eaf3e48747679ec781ae95ec979c8bb0a4bc1e1097,77f50d35c8293442ceed1510efa3bfd469de5095539c6d08bf6ec58188822897
2025-03-17,2025-03-16,retrospective_reconstruction,settled,-25.4725,153.7275,561062.666,-10688.8263,448.0,361.0,0.805804,0.0,bd7778965811f0f2c5ff3eb27c3f1e4af4340b2894300ce8df0a85e70c036342,420b189bf9b0482fbec9a476b3b0506b3be91f48502906e3aaf4da4a6eb6c29f,9354bbeb1395a4705696e911c42c81c9cca937b584e164144c9977b753e6318d
2025-03-18,2025-03-17,retrospective_reconstruction,settled,-1202.2175,-1023.0175,559860.4485,-11891.0438,448.0,365.0,0.814732,0.0,7a33baa7c3e9699c3cb6636cdf3924dc3ba3b9c5f437a55984efd3cbe4c881e3,5a3eb5944dc924fab2038316df82c6b83db87bbda2ed1a89ab8782e54cbdd209,a31da29bc20fac48be9eac8bf9805f3aeab5899a46959b45ada5c65ef2cc9c63
2025-03-19,2025-03-18,retrospective_reconstruction,settled,1498.5525,1684.5525,561359.001,-10392.4913,465.0,345.0,0.741935,0.0,a5c5a85c7f2669692be733b20a788e48078164e00cc4e208db8e38d0c13e2571,384e171ae410b953d56dafce1d271db64e9650b936401962a1ace107ebbb360b,53194530e9537d8f676f203823fe13a6e63d7ef3faf38b5c93f868882b31111f
2025-03-20,2025-03-19,retrospective_reconstruction,settled,7627.5075,7815.1075,568986.5085,-2764.9838,469.0,426.0,0.908316,0.0,d7badf50a8e95028a73b2d27fa5529c30ce6bed62b0e618b44089fa6c31a4ea0,967449e0ecff153f10f4edbd3fd43da854f972166dfd0e9fad807b1bd27441ee,62d76a3c7005b6f81eab4bad253a5fc471dce2111da954d420a6697543e068c9
2025-03-21,2025-03-20,retrospective_reconstruction,settled,3757.0025,3939.4025,572743.511,0.0,456.0,346.0,0.758772,0.0,a900ab74047f11ef1055c221ea81325d248d0bb1635d8cb234001e759ece4c6e,3e1c9dcbf38e515c93097f75d10fad69978eed2ba6fbbbc703eac7e9492a6d3c,9d1761bcd4a7a3c3c5bf5047bd0d6d7aad7a70792ae68d1d99daf1d73ca8e6c3
2025-03-22,2025-03-21,retrospective_reconstruction,settled,1266.555,1453.755,574010.066,0.0,468.0,394.0,0.84188,0.0,512e9bfeb914ec011b5dc3012cfc1f753ce7704cf2ad83106db6c3a449f76065,2be20519f93e8b25e313e1d47d01df1bb0cc92d118c68d9ed63f409b3bf1a586,52828756a70893b0d2ee1572101b52bf5e5d32dcb256c8fd2eb1c97de341abcb
2025-03-23,2025-03-22,retrospective_reconstruction,settled,6992.365,7179.965,581002.431,0.0,469.0,376.0,0.801706,0.0,6294cfbc0bf09a66a68706af0fa7a2dfb38c494b6cae64fa6b5cbd746126ea65,206f81d91c70e241b214466f72e603555bb873643f1457c0c0c8acda87ebdc6f,b3e75c8fa7d04991ee434ce1935946870c3f9464e2924fc83cac5c614eb91e80
2025-03-24,2025-03-23,retrospective_reconstruction,settled,3821.4975,4008.6975,584823.9285,0.0,468.0,411.0,0.878205,0.0,ced2fffd148a2241eee0bdc6ca627b84a2abb2faccc5ace66890b75bb64cf94d,c344f1e5a6f9e0a982ee083536278f4e8f28b74adda8b640fc325966b5fdaf91,57c96f083a6a619b14d7c5f4240f245ef068e372effec87c35e9db4f605b6ea1
2025-03-25,2025-03-24,retrospective_reconstruction,settled,3403.8225,3590.6225,588227.751,0.0,467.0,435.0,0.931478,0.0,e1bdadbfa444d847776ec01a672c1d6bb12d3ffbc85853f268ffb7111ad376ce,cf13471e9a87fceacb51a13292c89b91af7cc05c3c427f2b14c4bb437b0e48cf,ccb4b575fe7a39582ff4525ce90e24ea1bcad746d2247fc1482e15bbc59a12a9
2025-03-26,2025-03-25,retrospective_reconstruction,settled,1581.2725,1761.6725,589809.0235,0.0,451.0,419.0,0.929047,0.0,261c108fd5e6667097d38738825d615581c2022ddb8ea3259348ff9867407acb,e8c8be0eeb58ab9d9cf04a21ea1d67e67a39889a047892c1669b5503461b22a3,b47c08432cf3f911b9271a6670bb7aebe9dc3529ee94b6cdf2c85e331da732f5
2025-03-27,2025-03-26,retrospective_reconstruction,settled,929.3625,1123.3625,590738.386,0.0,485.0,363.0,0.748454,0.0,e58921cddb9ef8bb0b8106230950f0711e02c300f722d6139d6c038cedc19562,f9fb4dc7a401377ce513e8b48c0f32c5f258547fbe4c585553a99b3c2bdcb5c3,797a544228f8631a41406e80753a9f6502fe0c95bb6e3b1152b709b7be9918f6
2025-03-28,2025-03-27,retrospective_reconstruction,settled,4732.77,4928.37,595471.156,0.0,489.0,375.0,0.766871,0.0,2b6a0b78800fa38ba7d76315fbd1f61d7b4498b35c3307fd334206ae427793a8,462a4e6516eb9125b2bd5b27bb676f4323a4a4188d2fcf55bccbd1470ca26188,22fb8d9322f79e3368ecd23d26355f1caf37893164e103f02578e7dc43303929
2025-03-29,2025-03-28,retrospective_reconstruction,settled,-233.6825,-199.2825,595237.4735,-233.6825,86.0,67.0,0.77907,0.0,7eba7696606b7f030470ee5307e993680b9c3557a005ea01b22b6a96e548f02d,03507d38906decd15154e20ceb7f41d48e652a484300bfe0b4552851cf4f9822,2d26eeb3678290e8dcf258115ab342c2ccad5192ef059126ba4daf5c602b7853
2025-03-30,2025-03-29,retrospective_reconstruction,settled,478.9325,513.3325,595716.406,0.0,86.0,77.0,0.895349,0.0,3605137fc4b62226f8025466d551cae2946ce51093f89aac242718871fd56074,6f7bcb70e9c76cc591a1e2377f8a9e7c2698153346650e4cefaa075cc35240ef,c54cd138bbaff1e4a70c9965a81a0bbf2cc4f9d6e1eaf0c09d94c5c971ec8171
2025-03-31,2025-03-30,retrospective_reconstruction,settled,1702.5975,1901.7975,597419.0035,0.0,498.0,414.0,0.831325,0.0,389daac6908548a9f2b40f07360dcd63cfb04d22468630ffe0b1a96a081f01bd,353a0486cbeca2ad735dc0640fc8e4c16c02c665da66d7a5870432914a2cad8a,1e3b0e50041abab9a9fb3b49a3e2ae9f2877ff030c2db46ff9bab93e09a963c2
2025-04-01,2025-03-31,retrospective_reconstruction,settled,-1645.9525,-1442.3525,595773.051,-1645.9525,509.0,316.0,0.620825,0.0,fbd944eda8f8c4e07ae8f67ddee38f8628fecb4f2fde5cc37f3eacdfd4884b0d,d0c95dbd9e9d592a9477ef68aec822cc9bebfb0d83ee9c91c820044f3e0d1f2d,7ca3f1b048ab5ee5a7b1417cb978b73d5b613f8077ff082ea81c9d5aaf102a1d
2025-04-02,2025-04-01,retrospective_reconstruction,settled,313.4475,349.0475,596086.4985,-1332.505,89.0,76.0,0.853933,0.0,e0ab523e2e613c53f7e5a6e31dd94edc5a406388f9267d41b9b63d3bc6259ad4,12b934b7e68a356d6b550aced3984597ceccdf87c25e5182b53e7f7e327b63cd,71647e7d0f562ceedf24666cd6e13fde06e8654b95e7045bc3860b566ac91bac
2025-04-03,2025-04-02,retrospective_reconstruction,settled,5976.0725,6169.6725,602062.571,0.0,484.0,387.0,0.799587,0.0,d0baf33972b0fe75be9e61e5b945a76c7f4c88054b70806cd2e10be8365ae58d,f26142b731650d6878e1ef1d6417bfc9db3eaebcd3429ca804423aa9381a0692,f3bb7582ba3567f7964ba0ac1fd6a66cbfb37d5dfefe3d16c6c037f9bfcb31fe
2025-04-04,2025-04-03,retrospective_reconstruction,settled,2781.005,2979.405,604843.576,0.0,496.0,344.0,0.693548,0.0,e18e332d158c5807e6ea04ba98bf86eda492af261170b7aec6b0a7821ba6590e,3270d25eba9b9413661598183e24e29ea69e46dd8fe63ae8921648ffb207bd4c,0c169a145b22d4e5db1e2ac5d22bf8e0373b12ac19864e7e2be34223e99f6dac
2025-04-05,2025-04-04,retrospective_reconstruction,settled,2650.0075,2857.2075,607493.5835,0.0,518.0,320.0,0.617761,0.0,4719a5c8c83a803b1381f919df49bbd032d4fb16043eff6641ad8fafcd959d60,09644942fd2dba9f122baa85663ae9f728c659f130d081f7463430f162e8521b,c55cb1f6740411b1e3997164dfe338a80edbd78fc40aa7a25b8858e1da2104b3
2025-04-06,2025-04-05,retrospective_reconstruction,settled,838.93,875.33,608332.5135,0.0,91.0,64.0,0.703297,0.0,c71305f3763838cd094520a8d8effa50af5a79a98f3a579a1d2beb4e5ac602c4,e05c0ca6a767d5a6c22885c0401eb6c85612037f975217df756dd3f93430e708,4907e3ca3e08f10b84e25f78bc51e04e746566b621a33188aa76e1c07beacae9
2025-04-07,2025-04-06,retrospective_reconstruction,settled,1295.03,1502.23,609627.5435,0.0,518.0,455.0,0.878378,0.0,dbd575a342204c932b606d9e339914237f0632b5fadc5cc0b9c9745f598a5616,9710ecf17abb58bda160ffb13d5b4991c14c476068907c9a2c5def7afc85f5b5,24fbedb4510397eb2be61dd602fdcb778b226c224b431004ce2073047904cd9a
2025-04-08,2025-04-07,retrospective_reconstruction,settled,97.6925,306.4925,609725.236,0.0,522.0,476.0,0.911877,0.0,248c84aa789f7a38cfd812cda6f6911f29d9f0e98bf3f73fafb6f1aa5fa561d8,ecff3185fe3fa15b176cc1a0029a66d0a900375e1ec3881c7c3a58a46e13561b,ccef8a61c3b430421adc8458b53a6c34fe284a5534ca6955b208c43bbc604a2d
2025-04-09,2025-04-08,retrospective_reconstruction,settled,792.805,1009.605,610518.041,0.0,542.0,493.0,0.909594,0.0,d49ff079121d5cc1209e8c3e85691c3612a937d4dbd585317276ff40015fe645,4c6319b02d9072a0a901450a19ec495111cc56ef01f816ffb26db3b51964c86d,85be0c258344dd72ebada88060b6b119ef7fa78beaab14156c4b7c5ef5c5dba0
2025-04-10,2025-04-09,retrospective_reconstruction,settled,-2335.0725,-2116.6725,608182.9685,-2335.0725,546.0,503.0,0.921245,0.0,ba908602ef509bb6549a88422f2762c9c928641835b222d074a7753b4d05ef27,c3c32e9acb3a07fa5d6fdf423d7db51f33cfa760c8f0496cb305e85c8e3355c8,b6db514b0e0afb10fa1918f0da7ec5c36c2ff379fb733fea3fdb7eba4accd9e2
2025-04-11,2025-04-10,retrospective_reconstruction,settled,3856.3925,4075.9925,612039.361,0.0,549.0,520.0,0.947177,0.0,81bb5fa6a1be73d70ccbb6d871a6d098a1fc3b09229d247b6f5de3ec20061016,d501ec3888c0f3d2c0c6a9cee8eefc9a6663f001bf1634e16f507661d3ee6cc2,6aeb4cdc8e0cfe8316ffa11d40102bdef49673f8d8a9914257407ff97214a6a8
2025-04-12,2025-04-11,retrospective_reconstruction,settled,4988.2475,5208.2475,617027.6085,0.0,550.0,455.0,0.827273,0.0,8e6ccbfc1c90da664efa75e9035cb1429fadea213e498d84d4f3ba598825259c,df6dda015893375de8a79ae41adc4149f6acc57b89bfd98c36ecebc07ff99c73,d6972158242908706e9a9e7c29c98439425acd4a2dc474484d5b4cab07e3cadc
2025-04-13,2025-04-12,retrospective_reconstruction,settled,1061.87,1099.47,618089.4785,0.0,94.0,72.0,0.765957,0.0,dd15b475421f7b27d66e6e91d4b0ad4cec6a7d0fc3b111719b4af38add64a698,e7e638a6a30de33dcdb5cb5a67b00fb63058f0bb13ad34d3903836ac2b03bd73,5556f3920bd99e40967c052606adf9c0d67ea9b9bec8a02e988e4746e5c7a929
2025-04-14,2025-04-13,retrospective_reconstruction,settled,969.21,1191.21,619058.6885,0.0,555.0,418.0,0.753153,0.0,f1723db25c7c9793a51cc93504e53347edd6ccd0d71ed8ca12e8346304cc36a1,452341430d1bf9f98cf81080ac89202a66d635a3844d65623cb8a496d6023c38,38fc38215bb90afa7311957190cc089a50d1426f4f841e850903ff57eec85555
2025-04-15,2025-04-14,retrospective_reconstruction,settled,2982.67,3207.87,622041.3585,0.0,563.0,453.0,0.804618,0.0,1e1acd8ded45a52e50ac3ba1575a2f77f75ae6d52c3df2bef5f21b73386400af,e20dc82bed4b72427c536781eaca5a6495784513265a1e31801d11c0592d8f25,65f1b31469f73a31d34e232ebf46abe7a930349b41fc15c8bb5046f9f7b9601d
2025-04-16,2025-04-15,retrospective_reconstruction,settled,-2065.865,-1839.865,619975.4935,-2065.865,565.0,422.0,0.746903,0.0,871b179711d0383beae91709f70eadad2e63be8a6cbf7ab43f2616556aefecc6,ee7ab94c1d297635dc13438feb497cfcd26eb8858181e269130ac2af1899730a,5910ed07c68e263922641ff672841d728146c80151c929d1e8a79b18315674fc
2025-04-17,2025-04-16,retrospective_reconstruction,settled,656.6375,889.4375,620632.131,-1409.2275,582.0,408.0,0.701031,0.0,07cdf804125b797a57b570dab0d7557981493879a4e4846b8ffaf86600b79d7b,c89a4b3338192cf814d1bd5c7e79969318c847a41aed86e5c86428fc98c38c81,b537283e6b77c5821cfbddb830c1b71962795f6371e7249fedcb1526722c6900
2025-04-18,2025-04-17,retrospective_reconstruction,settled,6762.8075,6996.0075,627394.9385,0.0,583.0,405.0,0.694683,0.0,1f97a04cc64eb5836427a997b3a77dc3c65fde5025022257d0a9dd71814bf49b,186d52bdd7db6227f3a840e9c6859bc85cf63a3db8392dc76329cb7273277268,31e25936741a788c5aab5bae4513afbd77f889ba3bd7c8414b9e6e9eaca8d547
2025-04-19,2025-04-18,retrospective_reconstruction,settled,1118.43,1352.83,628513.3685,0.0,586.0,432.0,0.737201,0.0,48c3ccddfe5d59c00745e549429ac88aa91f11d8b8272443c836410cbb8bd221,49a07dad302950af36f8d49b4d0ea2bc0d8486ddf9e48194693c24557fa02e85,c0d4946c68678537d8b355210f6da6f3bbcf3114861efd2d80865dd85dbd8c5c
2025-04-20,2025-04-19,retrospective_reconstruction,settled,-557.1675,-322.7675,627956.201,-557.1675,586.0,551.0,0.940273,0.0,d3c9a861600c0c9f7a1c985dc4eb5a9c8536ff784a9e434ecc9eeb8263c33bdf,a7db69f3f22837435059fe1bce3a3a0e5c7f1301c09f95ac13de4905a5c7df8d,5ecdc6880413d18ea81f112b0e5b9a29660d42758ecefb0b5476f9b274d028a8
2025-04-21,2025-04-20,retrospective_reconstruction,settled,3787.7,4022.9,631743.901,0.0,588.0,511.0,0.869048,0.0,7a168714c3461bfcdcf05e97cc2dcb154f2187d26c463b8c4e035922d60b5345,004e28a3aed7837785d2917a61d89e92f9c7db407fe383bdc2e375fcfa96fd58,78501318ae50be02750ff5ea7fa677eab433c897043aa143e442e47eb14e19a4
2025-04-22,2025-04-21,retrospective_reconstruction,settled,-2141.27,-1903.67,629602.631,-2141.27,594.0,487.0,0.819865,0.0,19ab9a4119237ec55a7cb5fc2d943bf7328b35e35e4ea39be60562005baf93cd,360e0c77e4e23bad9cf966f70f1a9ecc55fc263e36c7011463d82687dd9a20c6,ab7dec93cf5f2f68f92b6ae2b2b7c6e7899c69ae13ce7001fb39239bd244364f
2025-04-23,2025-04-22,retrospective_reconstruction,settled,-1354.935,-1116.935,628247.696,-3496.205,595.0,483.0,0.811765,0.0,c22a175d140a93df10493c3c9904c943396127eaa6a15b988235aed3f93dd72b,7351082b5006b5212a6d01e18280afab95fccfc4166c56bafdb236d41add4a29,97c69d9f1a536d20e88d063ce4d624eca96d71e91efa0a10cde55d95f84423a2
2025-04-24,2025-04-23,retrospective_reconstruction,settled,7563.2225,7804.8225,635810.9185,0.0,604.0,525.0,0.869205,0.0,541698f3bf4b5085673e8dc78543ae25dbe5c0b95d057c17aafecbadda897c14,30526e0edc2f6105ca5c6bb77fc92ff86bfed3a6a8ce20afe0c7c43072af3253,7d6982a2dafe4e529ad07b64ea1fc8ebd72f915a98d0dce45947943f42ffceed
2025-04-25,2025-04-24,retrospective_reconstruction,settled,1196.7575,1439.9575,637007.676,0.0,608.0,540.0,0.888158,0.0,4ea6618aa2aa78bd2ac0d3452f1d33091769f01c1011c38d4a1c50d5c9149d36,37e5dd56743ac27090fad6bbbf22cf1a94240c94cdedff38a50bacd6a97e429d,210ab2f2a62c41b7bd9de9ba5c871f9f9d37205deabfc2b114feea0a6ceef7fa
2025-04-26,2025-04-25,retrospective_reconstruction,settled,1150.95,1391.35,638158.626,0.0,601.0,494.0,0.821963,0.0,2b84d605f33694e7e70e09430d6597283217f98b71f8f8fde3ee0bd2d4b7226f,a1edd455767784846b9d0b2a7eca1b74479f491704d64ddd6ddc681427207555,b0de1cb865e44161bde754ef0f4020c31267026834b3ca64740dd65f77cec229
2025-04-27,2025-04-26,retrospective_reconstruction,settled,2211.4675,2451.8675,640370.0935,0.0,601.0,470.0,0.78203,0.0,a0bae1f380fcdda51c43c4e048409a34d2eea36514cd60bb19f6a10369ff0fa6,f45a0478fd5f5083007d6558e650f463583a701eda7e678a84887f0ce6f65e97,85214ef972c77092c3c8743282e7bc41ae652b5a53599e7909970aa637c66bda
2025-04-28,2025-04-27,retrospective_reconstruction,settled,-1560.7,-1315.9,638809.3935,-1560.7,612.0,468.0,0.764706,0.0,22b8a2c013ea068ac30ae2aa76a33202f4b3ce0383bf5755dbfd381ff9792e74,a998e68ebde5d1ec6897b8c16f8168450473554eb68e7ae3928ab8d1e33b8679,d78d297ec165af9b8567d7baa53ec0dc709d43e74b55eda3d4d52b6ecfc9b7e7
2025-04-29,2025-04-28,retrospective_reconstruction,settled,3754.9825,3999.3825,642564.376,0.0,611.0,487.0,0.797054,0.0,903de5dea7339b3dc5ea5f9d978e0a047214d8b1e345f83c7c59dba7763905ef,c9eebef0f75a1f06b69a698dfd9e72232a6147de99579757a49b9e9345418c37,708c4bb27220f6cdb2f66a9fcab067b508a575420f82ed6972f1ddaa0ad78679
2025-04-30,2025-04-29,retrospective_reconstruction,settled,2867.844,3123.244,645432.22,0.0,638.5,432.9,0.677995,0.0,1489a87e3ffa09cf4d3c2f023f852679408c9282939d3d5adb6819bde468a60b,cf099134965e1e056e9050c1315170170d138c4252aa324df4db099998a8765d,d57ecf519722ea67e2c85041a5879188554297c7f7fa2d7cdcef80c3319e5baf
2025-05-01,2025-04-30,retrospective_reconstruction,settled,-3124.8893,-2864.6893,642307.3307,-3124.8893,650.5,500.5,0.769408,0.0,8251bec16d1d75a9375c80414bd911ab236d744770329c18cc029ed3ea495c3b,de19ecf1cbf592f7910b2b31dfc1722e49cef4ac9942808f70d413a219d114fe,4e672a8108e658458bcebd2eb87bcd1baa4998287e461cc7c213a8e3fbb0fc16
2025-05-02,2025-05-01,retrospective_reconstruction,settled,3006.732,3255.932,645314.0627,-118.1573,623.0,477.2,0.765971,0.0,908c985e3c43bfd9f93dfba2e7b7516914c1479edf8b4848be3ec1d3cf855780,711ea8dff94a101dd738c165f587dfe5332332aea77af151708ead45d3fc5347,0b23a3e95fa1a2b24c0090e5bbd1bd88d947d7d89a39ee70c6f1dfa5eddb9523
2025-05-03,2025-05-02,retrospective_reconstruction,settled,-4598.0773,-4336.2773,640715.9854,-4716.2346,654.5,466.4,0.712605,0.0,bef8b2eff3a886a9c9d5b945c3cbf2111b606ce9be9e9cb0275c819033a02eff,25922e8c1b4c43749dc69d52274c3da7f7f2ee1d8bba2a045311619d9874b6e5,d92195f9dd6da79c8dc3ece2784a57dc67d432d8d9d82b3c77c434b335acf93e
2025-05-04,2025-05-03,retrospective_reconstruction,settled,-1275.5408,-1014.5408,639440.4446,-5991.7754,652.5,534.8,0.819617,0.0,5bc85dd55ebd0c39fa3ec957599ccc940fe3bfb89c95685170b695059fa4d1ae,2caf2641bb85d637a26da6d6fc2f2a23eacbd56f808179eaf715ca03b4f6e637,17e890f08774a1b66f6d9e04b529d8c8c7de5e9600b3be2ecdcf69e0be797c24
2025-05-05,2025-05-04,retrospective_reconstruction,settled,2479.2123,2739.0123,641919.6569,-3512.5631,649.5,483.7,0.744727,0.0,ada63726cfaf051efc1b7c134cc7d5895a363407314f607f1b8536ad8a428eea,6f8f95ab1868094753bb565f77430cdd1e0bd439b273518b8fdda8eaa0a8417e,5e2ab029ded4a9e7d9a95893478470fd691649fc9ccf019abf495a385e40ce7b
2025-05-06,2025-05-05,retrospective_reconstruction,settled,8087.056,8354.856,650006.7129,0.0,669.5,519.1,0.775355,0.0,9c95d36562e23967c47337063b266793be6a5c8827845e82c6cd3c4a0bfbed75,0d363d17d44c501dafce03b7ad575432eecc180dfe476e8f57abf843ecf9eb96,66678860b338203b66751a254e84d8f3d85bf05b5402c7c69df38f7854d5b04b
2025-05-07,2025-05-06,retrospective_reconstruction,settled,4713.7637,4979.9637,654720.4766,0.0,665.5,624.5,0.938392,0.0,eb52a8fd83badce17cab3857c1c6805b7dab5341213d796eb9d29f080b4cd1a6,8a8305e5165b9d384ba0937f8575d4dec6e316a67030c2c994479946108d5596,5ca3a1ac4e65c79dd628bc28d1d90def3774154c867553967d89cacd6c59040f
2025-05-08,2025-05-07,retrospective_reconstruction,settled,-3856.9313,-3595.1313,650863.5453,-3856.9313,654.5,530.0,0.809778,0.0,41591ff20d55a8404c12c39da3a52bd8f1522d1e66b79fd29e472df5cf55ae35,81190691ef3aab41e45161be7585d01aaf2d57a289472cf2e3bef609ec555008,01a46df2c779060d0eb2714d2fa5d318c2be6e561df449b6653dfae74c8d937f
2025-05-09,2025-05-08,retrospective_reconstruction,settled,6273.3815,6540.7815,657136.9268,0.0,668.5,445.3,0.666118,0.0,54d740bc317b4703fb52e680d6d93a59d695ac780d5f379375df933356c8c9dc,d02bdc5b89717c1fb9ad34de09591abded31d510212dd0c081bb060685bae616,d62c37f805ddcbceb4383107335e7d9e0e90be980b30b362e0575a3186b5e144
2025-05-10,2025-05-09,retrospective_reconstruction,settled,-1662.5117,-1393.5117,655474.4151,-1662.5117,672.5,472.7,0.7029,0.0,778f008fec19d33d0253c4e32fd833d9d5d0867cb51ae36e5f72ab2e7a7139ba,ce8e015cd4f8129a484960d296639895d1aeeb932c5d92d9fecd1dad3a9c27ad,0150b9646d80d9f37a5037b663fd34ee35bb84eb1b950fbbe2e3d46c9ba2c30f
2025-05-11,2025-05-10,retrospective_reconstruction,settled,-6658.3775,-6394.5775,648816.0376,-8320.8892,659.5,523.4,0.793632,0.0,8ed8e7adb251297d67fbdfd9b7776109d70a3e1ee8115f6580062f0e0cbd20a6,887496573ee2fa9a41e5a8fe7a29a8c7e55f22687e097ade152a62fea1b7c0be,ad517543bc0f48ff433eae80011afb3b6f2c1a824257fd7c69ba7437d4c495c0
2025-05-12,2025-05-11,retrospective_reconstruction,settled,2017.625,2065.225,650833.6626,-6303.2642,119.0,105.0,0.882353,0.0,2f6f5f97fb305076bd5218cfec8a9a50b34b31cdab576a74c440de41f441b403,98253076582616eee94a0ced313c80873feb3a89e48170228cc46ab65c9993a0,53aaafb37b406a500e5b60485120d6d71e603a9c688e7649044e997a0f2e6102
2025-05-13,2025-05-12,retrospective_reconstruction,settled,751.1275,798.7275,651584.7901,-5552.1367,119.0,97.0,0.815126,0.0,637e75bf172e46adf2800db6173465da6460cea6cc9d26573a745c0cd551929e,4c131fe6dfd03b5bdb1e1020dc53d329fb4bf24d5c6b7ba6f1dea4b14c5f568a,475f313c912d572a3fe2f42da2b5a7e9b78c07bb211fef11ce8340877753f3bd
2025-05-14,2025-05-13,retrospective_reconstruction,settled,1012.285,1059.485,652597.0751,-4539.8517,118.0,105.0,0.889831,0.0,cc03e4446aa769b92c23538eca5c7afab0ae7114cc9f47688dbea00ca89d5d2d,ce2dad9150797a46b70fcec821b79c88a0eb18aa34d375264911a52d73dd8f0f,ea7e08efb1ce8424afa3acbdc6b5584c596f71beab5a190e2839143970017a2e
2025-05-15,2025-05-14,retrospective_reconstruction,settled,13429.341,13666.941,666026.4161,0.0,594.0,462.0,0.777778,0.0,0ad84e41dd0e3708b768783215a9c4a2bc8b4f05e3524b93a5c6c3d4ad7a2197,7460822c005edd5201e911a4220c532b0c453ca9033c5a789196e44b4de82474,1f39d7c69c678e77d1bd31837ccba4b969fb166fdabd0e55439e0bfedfa9a3ab
2025-05-16,2025-05-15,retrospective_reconstruction,settled,-19916.735,-19675.535,646109.6811,-19916.735,603.0,460.6,0.763847,0.0,a5fcb8ea761d5f35f505316698200652db7d319ed7c23d4af05a7306bcae3b69,349efcfdd0a9288fb6564fca9dfb0e38fc68f7c03e38c8f1022d74fecee313ad,238591b026a1689e56acadf084d273d9b24c135daa11e99549d7a752b4795de6
2025-05-17,2025-05-16,retrospective_reconstruction,settled,-305.8155,-56.2155,645803.8656,-20222.5505,624.0,552.8,0.885897,0.0,0aec4c22435b14df03e254d71896e31cf7c355e4acd5c59ae5c9185830264762,b908d5464b94544be70e360858a3042eec18e106aff01d40f3965e5f72786f3e,392724e2f472c13eb6ae56060f768d7ddfe27f727d66246c0e64ceccbba9cd2c
2025-05-18,2025-05-17,retrospective_reconstruction,settled,-77.395,147.005,645726.4706,-20299.9455,561.0,478.0,0.85205,0.0,760a8883c6534a280584f1a82dc6232d7d4ad9a76a1be77fe96ef1ca8c60329c,5ec0fc1cf16640ce611d21f060403b3ef48162804bd0c68d470603ea01430764,eb8eb635559b5b2c4982eb0de2fc90673ff813c955f87552ca9547a59a3f98d9
2025-05-19,2025-05-18,retrospective_reconstruction,settled,-1483.6125,-1256.4125,644242.8581,-21783.558,568.0,503.0,0.885563,0.0,12e3e55a12a0e5e82c1989a139a227459b80de90a22a716258156d779fcb48ad,844f74e74824af7639f0db704bf49ff8a75cdf4c1ab92c79cebaf07ddb0750bf,6d72b7846759096efee56f3307e024f86eec7e6e7ec7c775c5e666a70b56d2b0
2025-05-20,2025-05-19,retrospective_reconstruction,settled,5794.345,6029.145,650037.2031,-15989.213,587.0,526.0,0.896082,0.0,d5fd3733521f5dd69cfed0d4607b55e4f233aa070f6cd1367fb17fed5745cb69,ebd808691b6f54e4fbad34d7f60ca6711869e2b3fea86d95223b9682c1b92443,dcc0de0005dcc933a314d132ae1130b05ca9be7a1c7aff1e02904c2a1a47a042
2025-05-21,2025-05-20,retrospective_reconstruction,settled,-2467.2175,-2266.0175,647569.9856,-18456.4305,503.0,432.0,0.858847,0.0,878c0f6e645ddfa9bffd007c4d47592de6f0b2b37a52db4b9bda18941e092e4d,4eab26a58e574fce25fa679b036891b36a3d2ad3a505686a1ce304e4b50a9737,e8ab203972c0eb4996f1243a4695f7540ee56f15904b9b36a031f6cac66aadd7
2025-05-22,2025-05-21,retrospective_reconstruction,settled,-4937.23,-4703.63,642632.7556,-23393.6605,584.0,548.0,0.938356,0.0,eb3b1db317b46b94f9888dbbdc4a492c14b282dd7070021d700049289b04d5a7,63fc2f4d98214ef35b8504be682ae55379ca76b95465f37e536a9e21761448fa,c891e306009032d4882d11bbe26c259764b10c11f201d63ad21ed69d21d5f6c8
2025-05-23,2025-05-22,retrospective_reconstruction,settled,960.38,1195.98,643593.1356,-22433.2805,589.0,520.0,0.882852,0.0,ddc8d23a261b9c1f2c608cb46775409b39187fd9e88a5e1d5ac1809067a2fdb8,db9ab12909bdfc84487d2e9d1e2e845cc6987784d414f0062c4e1c7dac48da0f,43e51601384d7ab323e9f43c6ef2d47b86945e83a15b1d54efec67e27845dce8
2025-05-24,2025-05-23,retrospective_reconstruction,settled,-117.2125,117.1875,643475.9231,-22550.493,586.0,480.0,0.819113,0.0,74d0d9cd34d3edf8fb3348a44ca5ac25957c32ebbc76bc05803b334263d4ddd3,47793eab9e27fe1cda50da7c6da529ac7495e2adae248468c06ec88782e6eb8e,402aa7736b7d159aae13e35e5c80cc1fda0060ae043541f13a558a4901317316
2025-05-25,2025-05-24,retrospective_reconstruction,settled,766.635,1002.635,644242.5581,-21783.858,590.0,518.0,0.877966,0.0,6d07da8f296572586a1a85e965da121550284bb95b491b6d5a5dc70c9da401f8,f44a9db26579d08844658e01bd27fd7c156b09497e49e4de71f70d5862585b6a,93134b2d97fb8874d71129c879af0d66db944ca4e6d6079de29cb1d9234a45d0
2025-05-26,2025-05-25,retrospective_reconstruction,settled,-3016.2975,-2780.6975,641226.2606,-24800.1555,589.0,531.0,0.901528,0.0,b76235fc3e5ab600414b98ab9ca61343692248bfde9c40024e609d190ee171a2,f21a3a953267015fa91bfd76aa99973e426bf77692d9121b60302029ea01e8dc,8ef84e4a7999530bec2ef376d8d7f4b4a8925382d2fecb0f62f4e970a945c7eb
2025-05-27,2025-05-26,retrospective_reconstruction,settled,-8936.9925,-8697.7925,632289.2681,-33737.148,598.0,573.0,0.958194,0.0,aa059036a19b8a3c632a36672a3dede15ed64c96594c7d11fa23d7970f0035f9,d1f75efd8711409b14fd760f6d828b4d1c999a897109a5cd5b1c5f2862f57d7a,b5065fb4b2a09c7ada3d344edec74ec2eea37ec942c4ce2c3068593c7a951fc5
2025-05-28,2025-05-27,retrospective_reconstruction,settled,3792.0925,4032.0925,636081.3606,-29945.0555,600.0,570.0,0.95,0.0,348bd563a03e14ec44fab7610dbce037aa739aeda339ac338e908a7aaf9f4773,fc5218af8d9480404df0831300c7092253762c963a17ffbb88421bae169c3864,4f3de3c83a27aeb1f93ad3cb6526ac4e4a20963ebceef6bb37567720ad8938b4
2025-05-29,2025-05-28,retrospective_reconstruction,settled,6408.7275,6647.9275,642490.0881,-23536.328,598.0,589.0,0.98495,0.0,120df50800bcb875b19dffee68458f4d81383c82159996685af5ded2cbe2c16c,23e988b64eb5f04e3b62410e778d0ffe3413169c514aa0f4eec51daa8c04228a,5f95aecbf3dd4ada35b1b37e0eec67f2d5f2f9f684cd0536295fbd636f5f0c97
2025-05-30,2025-05-29,retrospective_reconstruction,settled,5606.8875,5846.8875,648096.9756,-17929.4405,600.0,586.0,0.976667,0.0,782fbd95ab5558b4081863de653c301c496ad15421a1b4d5a45a0eaffbbffec8,84445481752b3fc370a6d0e8e08ee1aa815354dcc1a7cefe38f9b0a5f1a8e585,71740375c66554848b390ac63642c3284eec61dee95bc9b7821c3a09f83b035b
2025-05-31,2025-05-30,retrospective_reconstruction,settled,-3938.9425,-3699.3425,644158.0331,-21868.383,599.0,553.0,0.923205,0.0,bb9fd1d1591635d78d8b8d33f268986daaaf3d1837c9eddd40f0d6638757a5a5,db52220882e964b6c3d8ebeb832c80ea5c5af31a856d2ef3a7c963655f0eb744,f510da057f4d584314ed4bbb539c8b006a18c85bf56a9e349fa5bd369547a722
2025-06-01,2025-05-31,retrospective_reconstruction,settled,-871.9925,-633.5925,643286.0406,-22740.3755,596.0,569.0,0.954698,0.0,044e197b6342615e774867bbf83ad8928e8e5ec24193dba864b5ebee0477b1d1,fe6bb4ba2c76f604f25ba903b8abf495ff53a14f70cd4444790d26fe36cee421,5a6ff6b384ec85cd8dc3d79b54d24afeb1124284376a47dac3bed12bb63de01a
2025-06-02,2025-06-01,retrospective_reconstruction,settled,2007.9125,2246.7125,645293.9531,-20732.463,597.0,571.0,0.956449,0.0,a851dd0e9ab809b96bd716c5680fd95c83a56d3ecb7653a3979b919e3515e815,b5df105bb039af92c1235998694acd4c7beb42a235c022a70761d6bcfcfb364f,dab88f7fbfd68fd4f5c1144ffb15d58c59958fe73ed08d0dfb9b89d1662b0008
2025-06-03,2025-06-02,retrospective_reconstruction,settled,6451.7975,6694.1975,651745.7506,-14280.6655,606.0,560.0,0.924092,0.0,95006c42c99e77b3c9fd2c0627be7df00f74e96396e961010e52d03217c5caed,12d20fe2d7f7b1b9afd1f97cf78e2ab15565a3d642079fc71c396424e7b6ee65,ec44a7b862ab2578e328a90144f5e715cdbb1fbe2f04412dcebd9e70a15b0962
2025-06-04,2025-06-03,retrospective_reconstruction,settled,1400.1925,1646.9925,653145.9431,-12880.473,617.0,602.0,0.975689,0.0,f58137bfc045b2bc4ed27dc9863062f1a639b67f355e54be1e0b101460bf9e26,35e9897d0421fff94a8e4e35c03edccd531219eabdb162274743abbafe7e3875,445fd08b3a7e20b63f88173dcb9d477a0cf1ef054c2ce6186cdd6e1e4fa8d52a
2025-06-05,2025-06-04,retrospective_reconstruction,settled,7845.5825,8088.3825,660991.5256,-5034.8905,607.0,586.0,0.965404,0.0,a114c20606e426bc56a3942aaa80a15639563c1b7828672487c405821b103b6b,74b7f68059cdcce6aabe33c9ed97b975f442359695a266778e6a68a53be4af22,4af2b38d65fda80df7d5a26c82c1c17c30c18e286e3714319bc98b89ccc4b54f
2025-06-06,2025-06-05,retrospective_reconstruction,settled,4034.315,4281.115,665025.8406,-1000.5755,617.0,548.0,0.888169,0.0,69e9458432ab6171be3f7c8bad28fa67f556b484e5177b9fc9058c28e256c435,ea55967af01a208ada648016bad3875643bc49cae20096a6e0b6c986ee34fdb5,7c69c953072edaad2a03ca6c6f4a6417e332a8c4f15cd292806f6e5971631db5
2025-06-07,2025-06-06,retrospective_reconstruction,settled,6986.31,7230.31,672012.1506,0.0,610.0,484.0,0.793443,0.0,b3cf177b8d98f990c2e6e060695874a0e6fb05ba049470bdac5290c36c67428f,d44f6dd91c073ed3a1fbff992f07d8aba6fa229cfb6098a96496cbf6de4b7f46,9e664a0dc2ad3be3daf4a586c904c4db354cdf994cdacaa5606e6c52371c6ea0
2025-06-08,2025-06-07,retrospective_reconstruction,settled,3253.1975,3498.7975,675265.3481,0.0,614.0,524.0,0.85342,0.0,e2ae43dc20fc40c36d107fdad9b28638f9b810d8d9cad489f989714186a9458b,84d92892abdad3ee2dcc3920e4ca6c2a46374753a8da66f60ab559faf004ea61,ca73d4a92ba961374d65ac6108a142dabbd0be5f595cca9a3d442e721603e668
2025-06-09,2025-06-08,retrospective_reconstruction,settled,5008.6975,5252.2975,680274.0456,0.0,609.0,576.0,0.945813,0.0,18545ed56dfdbf79a3537458e30ffcff389da70f9b2689ea4103e00e8f3c2d4c,5705cb3034cd3761661d6ec826ce54a3df53430e56f8ce424d611890fe16e704,a45f19b680787e9bbb4f6202e8a34f61caeb1a16ebace3ba25ab3f1d6609b7e0
2025-06-10,2025-06-09,retrospective_reconstruction,settled,-3263.12,-3016.72,677010.9256,-3263.12,616.0,580.0,0.941558,0.0,d02949544674db8f61c15324dff4f050e0f83e65abf473501926f5d595b44df8,3acccb1485d205d253fc73d51687c1bbd79b43792068d6f120154ebcf112af41,f2224d97d399afa115cb7a80996c0fa2935d6f1718886029e7a89c399b052239
2025-06-11,2025-06-10,retrospective_reconstruction,settled,-2857.2125,-2612.0125,674153.7131,-6120.3325,613.0,548.0,0.893964,0.0,496e31e7ccc314ced32bc0dd52485bdb936cc0aa8afb1ea31faa320a8e699cd2,3a8eee28e79b493a9867e81bd694d4b592f500d5747b4ad699a7d001344fc387,33aa435f0e3d226a08c684998774270f8354fb066cd40b4ec4cf28c16e3ac2c4
2025-06-12,2025-06-11,retrospective_reconstruction,settled,-1229.805,-984.205,672923.9081,-7350.1375,614.0,554.0,0.90228,0.0,7f8a93d93b7e74050a4d2f0f9c546e3ddfd64e97c8cd8b6f99980f1b030555b1,86d58fe7b584ffc8074708a362ded71f71251ba80a7ca804c9f39b8b0f280b2f,5ad6201aca8006cc11a30033c7d54c60a4403392d11526222c715427a2ba7dea
2025-06-13,2025-06-12,retrospective_reconstruction,settled,-2584.3575,-2333.3575,670339.5506,-9934.495,627.5,601.1,0.957928,0.0,63902ce707ba020b750cda3b8ab6513eebe72b260a90498ef567fd3ddc75f9a5,3f5524dea10fd6b1071302ed917ba54b73677786f7c91649b9c8e284c08a3fda,563fc1e9c651aeb82ec99c32631ff0211a751018ea3776d1e04afd9209c8b9e8
2025-06-14,2025-06-13,retrospective_reconstruction,settled,-426.458,-170.258,669913.0926,-10360.953,640.5,620.1,0.96815,0.0,cf388c76206028a9a4f0336acbe112bde67e666917e5e63aceae570a01e5e125,dfe17e22b043b84276819d73897b2ea60bcb71f8a1c67445288e99ac20eeeae4,91794454fe32de0fc4a65d9b1ab8fb6ce00f2b7ba21c72dbe846e92ebbde2471
2025-06-15,2025-06-14,retrospective_reconstruction,settled,-1266.7098,-1009.3098,668646.3828,-11627.6628,643.5,594.6,0.924009,0.0,38c258b4d423231dd3c34b0c38999cd6c38aca3546a0dbb1772efe676c8ef670,4f2a6fad4d3bf5f2be3f185102a51d43537a62d2ffd8ac93b1467f7e1792b93f,0f0f9c71764a47c22c917881505bcc4215ccb0933e05b2e07f6b3483283588f8
2025-06-16,2025-06-15,retrospective_reconstruction,settled,847.6372,1106.2372,669494.02,-10780.0256,646.5,619.0,0.957463,0.0,0cc01ea8fd7900f5cea0461abf4580e661c41a87195336ae8b5098979f23e15e,74e932a04facec272c6934b3207951e8961ea63bf557296afe8f5188684f9fa7,f65c1a31e3de2661a405f669102fa6a16de14ef4f77a81399c3d52e36e173cbd
2025-06-17,2025-06-16,retrospective_reconstruction,settled,-3463.3958,-3198.3958,666030.6242,-14243.4214,662.5,539.2,0.813887,0.0,ce353968c3364b255053d458b638c7dd379671a064faf3e270d1ec3d3d1e1993,9a82489c85a40cb3647944bf686f7e735a89d3a2df51083bd400b64f3063aef5,6154daa00dbf199dfac73ddea8b599cc6e13eb16ca31a9004cbecb455f28d9e8
2025-06-18,2025-06-17,retrospective_reconstruction,settled,5013.604,5279.004,671044.2282,-9229.8174,663.5,643.0,0.969103,0.0,7505488d15185af01e6974631eaeb03a3cf930d667055601a338607f54bdb728,7ed81ff4e18727d8e05658744785170fb6f476fba62072e990466bb4fce61e8b,083e49bee2660b7c593c772281e446926e51400a8da48cd608ca965e2347f843
2025-06-19,2025-06-18,retrospective_reconstruction,settled,2269.329,2537.129,673313.5572,-6960.4884,669.5,647.0,0.966393,0.0,838a27e88ad3f53841016bdde4cfe3f70a872d981e3fba0aab85421a414cade1,ae8900a3cf8ca6a1455b3adb20258c4364d24387a4452f6604548c09098072f9,d152cf7c1f9d07937b3795ca4faf5eef259b5bf821300620e5939c290abd459b
2025-06-20,2025-06-19,retrospective_reconstruction,settled,2017.1642,2286.1642,675330.7214,-4943.3242,672.5,524.9,0.78052,0.0,f34c24dd7afaa2b5678da749f4760b0f855ce1ef11c1b29453510bafaff8d4c6,6c7558d7b6dc59905b17f1fae8d93dd37aa27a0aac47e313817442c9194418dc,f9956954ca43da398d3e2a34c91522ee87fc8d3154c96e1a72064926bc2d6933
2025-06-21,2025-06-20,retrospective_reconstruction,settled,5711.1865,5980.1865,681041.9079,0.0,672.5,501.2,0.745279,0.0,9bfec81d422f5be194133b5d8d431a9f548c2ffca4a8644d8bf6f52b8fdd4011,be42ed8c77c1086ecbe5579184156e3f1dc2511f8492910915a1bc436dc61859,eda093fa588ab6a5a009474e5743bd86c9cea7fccb5596ee1db310af92f392f8
2025-06-22,2025-06-21,retrospective_reconstruction,settled,4348.5945,4624.3945,685390.5024,0.0,689.5,556.6,0.807252,0.0,af0bdbdaaf2f313f5749083fee4c1171757dc10c01bf5d568cfd11a38c432701,ab66d8adf9f06ef14fb5c4a0a31864ea8a658fa91a2083cfb31ea5f3973d2de3,8e44908fe4851d158d9f84c8080f4dc449de8a0ac6477153f1755c0b8e770a14
2025-06-23,2025-06-22,retrospective_reconstruction,settled,1991.8353,2268.0353,687382.3377,0.0,690.5,614.3,0.889645,0.0,7eedc87f081583de1fa80a7d88f00187b07c7b354ec3c542a85e88443f48713e,1530c2ebd3f69723ecce69f00f98dee9f58091f64627ca9084c8d11791ec0552,724e9c3bc17750e71515f7c1195c7b4ae75a926636aac2f2d0dc9e27e3b23b30
2025-06-24,2025-06-23,retrospective_reconstruction,settled,2309.0115,2587.2115,689691.3492,0.0,695.5,663.1,0.953415,0.0,0b13d6809182ac6d5c7d9788c6da947c34668a004c37f28fdb8bf6b7c0e0c517,fa2af3ed1b0d44d058aab651f7bcd4a6ddaeab79470811e50e3e4d8c2f17bc61,244f6a72d8c143c09c224b693d05617fe42d935fd30769ceba9fe1ec33e7785c
2025-06-25,2025-06-24,retrospective_reconstruction,settled,5182.254,5466.654,694873.6032,0.0,711.0,653.2,0.918706,0.0,cd781ae01cbe451e81ef9c4913ac598bb65edf24ba274ca88e2648519f7ac017,6d143f44717d5880da72d7564e3165ec6b1ad9936dc70ec28662730fdaefee1f,757654370881a85eae74bdf88bbff747a51a77249d449a4636f20945b62419a3
2025-06-26,2025-06-25,retrospective_reconstruction,settled,-3055.0665,-2769.8665,691818.5367,-3055.0665,713.0,687.2,0.963815,0.0,b1113ad6591c71d1cd7c6d3fefb4c61e7f98b5560e0d7dd1de8fd6c4f5e179e1,a8b811252c472f39b98898220b33f5dac9686d308111dcbc5e15f19a8922a00f,bde231e64416edf634ff872f82bd9373fe5d05134e4cd22896e726b79654c7f8
2025-06-27,2025-06-26,retrospective_reconstruction,settled,-808.8785,-523.2785,691009.6582,-3863.945,714.0,683.2,0.956863,0.0,60013343bab5229aa5e9d6bb88d6f379a33edb904f3560e7eb6d6ad41e3c11a5,a8fdb54d18e735387d599cd098163fde6f4fa3ff1b87f9fec482a86d09f3e5b4,d00d70899cd1e233d70ae595829293d6070d52026559a82826f875a4be86576d
2025-06-28,2025-06-27,retrospective_reconstruction,settled,2515.887,2802.287,693525.5452,-1348.058,716.0,685.8,0.957821,0.0,2bbb9f8c6d68617bde16756e029e03496f8d91536fcfb1ed5e6828190c8c130a,a16adeec49f0c9567ce9d9ef4bcb256513b9843c9ff4915aadd5368613c838c6,591944d3cb1d83b848284904500af64e46e63e084187db3fe520a35a92feb953
2025-06-29,2025-06-28,retrospective_reconstruction,settled,2965.05,3255.05,696490.5952,0.0,725.0,669.2,0.923034,0.0,2dddb77d5eff287b6d6ea083a820bea5ae31c58280858216307dbf050addaa66,83c58b97276fa8b67dccafd0f54b57dad8e5c80b83ba22329439e714c6977a86,d28fc4c44b885cc2131113d57a59acbf2f92ec5aed8944128a1e389c395020da
2025-06-30,2025-06-29,retrospective_reconstruction,settled,-4017.7697,-3723.5697,692472.8255,-4017.7697,735.5,673.1,0.91516,0.0,ff17b3a8781eced27a7c2b3c5c4d20df3eb8675fc3437bd91a31f4711db7ebfc,10cdd8f02af5ee5aa78391263f97f114f484d92995c9b0a4d4d3ce3db1a36ac7,e8b433a980b949700b378784e7b67f6f877b892e2bea16cd0580a7aaab921102
2025-07-01,2025-06-30,retrospective_reconstruction,settled,-1772.1015,-1477.9015,690700.724,-5789.8712,735.5,631.6,0.858736,0.0,8b53ed50b06012d4ab262ab57edf2f4cb8f049f6b4bb59f9c435eda8cf53a48a,4bfe3db132819a2d1405405d2c877ee13bc9d3a33bd051f66a5347b81b315173,76ed23d867695b8f25be73d75281be3661b37328bc6e553f487da71a6cb08a2a
2025-07-02,2025-07-01,retrospective_reconstruction,settled,3655.4843,3953.2842,694356.2083,-2134.3869,744.5,674.6,0.906111,0.0,764f95d941ccff152ba2d28fcbaf2a80c28e6ff00ee070906b4c920d648876da,24097f0def1e711bf0d0db940663b17843e78ef206321abaa81caf6a3f1fb2ed,430e339364863d72f6511e018b1a8d214f58c315860abae5a4617ee78856b6ce
2025-07-03,2025-07-02,retrospective_reconstruction,settled,9691.1157,9989.7157,704047.324,0.0,746.5,694.4,0.930208,0.0,e5300b18691edbb6ab532355f1885f1b0d68e1871881e6a2f05d047b51afab9a,ae40848c26f2538c04d204ac83903241d3e5b0f019dc8d6406e657038beb3b90,1f0bfa2092b4308cd3e5ee65458fb2fac0d261a3867da3cd63e7856eb04bc3c9
2025-07-04,2025-07-03,retrospective_reconstruction,settled,-14538.224,-14251.624,689509.1,-14538.224,716.5,674.2,0.940963,0.0,616ccbc55c3253be9fe2149b9aa18c385480e5e21ced56ebad22aa59667f54fb,b0cec1d4717336912ca9f84fea768d7f441e67ec30188033239761c72a26635b,218cbd4d07eb9174172262695737d7acc11f5627c0f604904cd49a35bdd13de7
2025-07-05,2025-07-04,retrospective_reconstruction,settled,-2816.0082,-2522.2082,686693.0918,-17354.2322,734.5,675.9,0.920218,0.0,b0c5a7de5506f8510f1cbd35e99c851f1e9f1faca01272e072150fe4a295d458,b0f4735561ac2526ec097249f6cd903d2cd981eb3b6bf2a03e4d103acfc53f02,8c87bce3a6dec2e25d85de1ee74fa3c1cf47b92095c25a5ea024814a2f1bd2b2
2025-07-06,2025-07-05,retrospective_reconstruction,settled,-3988.702,-3719.302,682704.3898,-21342.9342,673.5,613.6,0.911062,0.0,9186b49eb0cc048d55705b8d01d67c09618e6083426eea462aa256a9e1beda2a,0c500f6d0e23bd98e896073fa6895b5dfdfe0657338e4a554f8932cd22e25cb7,dd7c49414c7c80a0c3080f45bb6b2ad6534944e5861cd08233593bcfafa2a531
2025-07-07,2025-07-06,retrospective_reconstruction,settled,8403.7302,8673.9302,691108.12,-12939.204,675.5,607.7,0.89963,0.0,d84e9072c1dd8b9b5f168bbd58441ff8f592e54968eed4e554f57bc384068eb3,ab99a0cdb2b5f3abd297b4ecea223acc5744275ffc8a5b57aba31ee9eb7757d8,67a67ad07b83c08184a29a8ba6762a8add3cdf79694ba8747f833a4a78c8ebc2
2025-07-08,2025-07-07,retrospective_reconstruction,settled,-11824.29,-11552.89,679283.83,-24763.494,678.5,622.2,0.917023,0.0,54b37ea5165a453103edc81aa69ea271bd30ff04123d273fa99414702e8a7e31,22377777531c8eea536618e2b2e763277b5bc20c5d8bdc432dd4ace183d3d70f,08d4c7821101ae85b0b41f1e0ca0dd7036f4d18b1183aef1d5e9267e55c13913
2025-07-09,2025-07-08,retrospective_reconstruction,settled,-752.6472,-484.8472,678531.1828,-25516.1412,669.5,617.3,0.922031,0.0,9fbaf7b7845f7c8b746ce02b66f3b279b83df0fccce8f7009d8b1a11ffa24f3d,5e4b6429d4c9ba2d9d73621d7d79880c6840c2e015249ad26b9c2793993de97d,d5a9dc489a94fea94110da74bc6ccdadb3d76a65fbb0e2fb0af86fab5181e96b
2025-07-10,2025-07-09,retrospective_reconstruction,settled,4374.2557,4631.2557,682905.4385,-21141.8855,642.5,627.4,0.976498,0.0,a0fd63f3f85551d3162f613a2f3dfb1d271b9220f4463493ef63b8362aa318d6,7bdc6e164e2fd010db2d43481ce694687d664e66fc64b3ce99647b862532791e,589d1be4296fe3570b18d555c17177d1b6e2a6ab608581c8deb898d81088e74b
2025-07-11,2025-07-10,retrospective_reconstruction,settled,1971.652,2231.852,684877.0905,-19170.2335,650.5,618.0,0.950038,0.0,11ff1810717e482cdf755e76d5d8cc077230960d85527871ccd2542a3dd31dae,771c96168e3be5e66b3ade9ef9d4b7301db3822c0b5e73a8f98379d9c9d38b6b,03222d6d51577116c4370b82c0b380e73e96eb294bc97b7e1b20cef340e6a5a6
2025-07-12,2025-07-11,retrospective_reconstruction,settled,-9388.436,-9128.236,675488.6545,-28558.6695,650.5,583.2,0.896541,0.0,a4ab4f973fe61d7de3da7b15249db8254dd2fd2a85fbeda1c590457f18b07bfa,4e76ac9dc9dbf6a93975cfeee245352efdffa34737102ba2ffcf7b0eb8f97ba9,7ece7d708a8163499b495201fdf17ab8351756c066f68a95ea6bae79db5748bd
2025-07-13,2025-07-12,retrospective_reconstruction,settled,-6478.0513,-6215.4512,669010.6032,-35036.7208,656.5,559.7,0.852551,0.0,64f45015cb5c2592ee2bc813eccbf6a3b8bd03ff31af7c8c866a2b7a6eafd55a,7ea6141255a3d4bfd68a06ee2a49ff8452ffc5f2e568c5ed8b28d283c23abe3e,79917e6abdcf290758bb4684a2b402a55f86f5a696d41e22f6dbe3098ee86357
2025-07-14,2025-07-13,retrospective_reconstruction,settled,4623.7087,4876.3087,673634.3119,-30413.0121,631.5,551.8,0.873793,0.0,6b2744617913f8c4002cb364b92c6c9c0221cd855b75bef34238039765fbca8f,ae5c29883bbbd7916e57c4d6ba4670d183a6329c70a94942762bbe2d21840d68,243008c4aa6eb28d38912fa054d7b37234a2c109e6cd987017252908339036df
2025-07-15,2025-07-14,retrospective_reconstruction,settled,8048.151,8254.351,681682.4629,-22364.8611,515.5,501.3,0.972454,0.0,f55637208fbd66c065c15e73844f82caa4343acdbe462020344d5c1876ba7b65,05e954253bebf3f0a984c652c73d9484b7e73fcfabb0773bdcefdb67a19095f5,9dd9910bbc1801e9b873d434258dd13f66ca41c63c366c0139592f6310743f6b
2025-07-16,2025-07-15,retrospective_reconstruction,settled,2956.4768,3207.4768,684638.9397,-19408.3843,627.5,595.0,0.948207,0.0,c3f292916003db57ba64cb0363b7b97c83b578104a803d613475778bd1e26014,e82330ea4556c4ad356a7bf319d3c3c2b8776e462e22ed01622f7d4670a40e3c,bb8e0064d0371124d76c4aa0918f653bc1559870ccb9de64cec88111c3f8a956
2025-07-17,2025-07-16,retrospective_reconstruction,settled,7251.145,7496.345,691890.0847,-12157.2393,613.0,593.0,0.967374,0.0,ecc177d41c66d54e30451015c4a0c6b3797fc70b5ba28b779eaf020282a61bf7,05de81b9742d9e39bbf124e2364a372b1d8b0f235cae5ce4da75972295bedfbc,01b834c56ad581b3a6655d99edda6df0a99842694d2d2992580c78ef05da6e9d
2025-07-18,2025-07-17,retrospective_reconstruction,settled,5911.0825,6157.8825,697801.1672,-6246.1568,617.0,567.0,0.918963,0.0,9f4023423c3105a39ac1a237e0eb67c94d5a05920d3e5d1ea567df930d490d9f,48ee24b2cafdbba3b782419512ceb48ed03669ad6f1dac4bf41266d25afc9025,c363dfb36dafbd7b298537958a5986f8d638e4c885304c17b2c8288d9b71c787
2025-07-19,2025-07-18,retrospective_reconstruction,settled,90.925,336.525,697892.0922,-6155.2318,614.0,549.0,0.894137,0.0,0507a4734dcda402fb55772dea60832dc873ea48c2710657856c80b4329061c4,6f2a78bd68eff08789c489f85e40967ec4005c6171291982f869fdba3e1bf70e,83dcf48e3b0683407e0b9ae01d160c6133b26bb9fe0b2fc95e0705ef68d9e43f
2025-07-20,2025-07-19,retrospective_reconstruction,settled,2619.7675,2864.5675,700511.8597,-3535.4643,612.0,545.0,0.890523,0.0,9b70591f8dcedb904f772f3fdada82f731b9766626a4fcd204d5d0f8b900315d,ace7b0d80e48c088c8e4068d562537fb521af79133d39ad23b10446405912c5d,da682079f40e2d0db3a2bf94ce7b2b1498aa7da7857f12596539274aca57d9e3
2025-07-21,2025-07-20,retrospective_reconstruction,settled,4764.92,5013.32,705276.7797,0.0,621.0,586.0,0.943639,0.0,db4ae5c2e90bd8f9b328aa02ff2d0d62c30a377a915c1135979ab7f61e5aec63,1a4eddde0334ac9caaf0aa567108715a0d8d3077c3d3367bc242f28fa17104bf,dbe9292148a8befb7f4fae40f3d649ec42736815188ee0e0d40ac90d9adc7992
2025-07-22,2025-07-21,retrospective_reconstruction,settled,-499.7955,-245.9955,704776.9842,-499.7955,634.5,591.2,0.931757,0.0,5703a95ada15b92e44d3dd7734ac9345b21b4d7aec308d9b2d7772b819aa7d2e,0070fdcba36ff113555b65a46b2f15d8496bd27b3f1f65fdb4a4028d9c69d0a9,6684771a9db497af3eec37cd4011ba3bdf07f3ff1116c396aaee26788b67cc80
2025-07-23,2025-07-22,retrospective_reconstruction,settled,543.5985,798.9985,705320.5827,0.0,638.5,617.6,0.967267,0.0,a663edaae145496e2f8d7c297364ac9799bd6f4845dd4d2691812430c51aa2a1,41680d2e83ff8d1721021f152c39116000f570a026b7c68172cbfabcae28ef1c,f5f42ffbaf9322dee7a7bcf8219492447baec73e8ce8f6f2e43c16f717fe9bc4
2025-07-24,2025-07-23,retrospective_reconstruction,settled,1551.0618,1812.4618,706871.6445,0.0,653.5,560.2,0.85723,0.0,342c855f87e9269ad0790e7c544779b95fd0ab907d02d675f83f56de012e18d4,93304ea92a311522a862b4db4cfcee03091eb925f45a7243203f989a59ec7193,5a6cb514d783d56473c99fb67cea42a555fba8aebac7668ea63d7be440e44621
2025-07-25,2025-07-24,retrospective_reconstruction,settled,-12631.413,-12379.413,694240.2315,-12631.413,630.0,485.5,0.770635,0.0,000ea645074d813f2846d560039f9d68f049198b4706263bef3bcd5c179de4e4,c2da6e4b030f973ef74aab37f2640988f9c9afa32670666d45e248acc96f3768,6c82512f0c6fb34016e5fd5ec1ef10d4dfec0031453cf8b4eecc17af62f7f58f
2025-07-26,2025-07-25,retrospective_reconstruction,settled,5846.137,6064.337,700086.3685,-6785.276,545.5,506.9,0.929239,0.0,583a0c5c6bdb76c337edefee30c80b4b0911cce4401d4a9e9193409c683a942b,63b91abc10df352cdf5dde5fc63ee8d8f87f3a8910489fda4859fa4136b764ca,51eac08cbc647e1616f8774078f282cc5f97a00a201ae3f0d597fc19e7dde3a8
2025-07-27,2025-07-26,retrospective_reconstruction,settled,3709.0925,3959.0925,703795.461,-3076.1835,625.0,469.0,0.7504,0.0,acc9e81edb8f7bafaf41f67e1081a74666698786b530423ad6d045139045a842,0d864cbc7cce7067071948217c8f0d31cceddb8af863a3273f6338887a02dc4f,a9c02e11f6586a269dcec30ac18d256a8fe9fb2e9753801d0b391c2d0685f430
2025-07-28,2025-07-27,retrospective_reconstruction,settled,-12917.11,-12668.71,690878.351,-15993.2935,621.0,518.0,0.834138,0.0,cbeb7a2f1c0ccb51cab77131942e96dcd56420797bd3f232bf5bc405453e870e,fda4bbe7c6a143797a47461d52ad18ab25da43eba0e54ecd62901a9ab6c3ce18,6be782b3c1f3af7c6832c17f4d98de033391a2a98f8df55f58632dd467fd0f1d
2025-07-29,2025-07-28,retrospective_reconstruction,settled,-4959.85,-4708.25,685918.501,-20953.1435,629.0,522.0,0.829889,0.0,e114fdfc003935e41cedaf5e921fe16a51c4de45ea82905bb116b5b27308bece,4f065f080b963e755d02b108ba291183635e121627ceb0b15d0ad4418b14879e,f1826f5a8ed97d3b69f55c58be9c8d97b35b95a9b9044bcc7bd824d05bea1c7e
2025-07-30,2025-07-29,retrospective_reconstruction,settled,20274.3575,20515.1575,706192.8585,-678.786,602.0,528.0,0.877076,0.0,ffc53981e204fbd1a5cd99858af8fadd4f9b384bced0fba562c0e54138d6f552,51a76e6bdfaa07dc047525e34b6981bb81db4512590946ea3a2385fbc34a1e49,6a5ea0201b94408577a84f49410f3fd9864b4c68f88633c8c81f602315a68bac
2025-07-31,2025-07-30,retrospective_reconstruction,settled,5656.8325,5866.4325,711849.691,0.0,524.0,489.0,0.933206,0.0,df19a45b01213c9f5b5f03c8ce0dc6815890327a94a212804f1d0d0575b7d7cd,0bac085d11fd5d4ba29860e299f7705b6a60e75870b844c6607bdc702b9c718e,1112c05a027da05cc436b6542fb8e44ba07390001e8ab80c2291699d8240f7ed
2025-08-01,2025-07-31,retrospective_reconstruction,settled,-946.45,-752.05,710903.241,-946.45,486.0,424.0,0.872428,0.0,5bb9493ef40e62a0192449ca8db27070b9db7c2b9e950b13438a3989b9a4090b,fad64e86678d065634273f6b15abe50b22de905201a771eaa44ef40fa91a1cb8,4221c9b9b926c4d3cad20c079b3e8134d722b6fc4d0618d28a58d1cc2f31fa4b
2025-08-02,2025-08-01,retrospective_reconstruction,settled,1571.375,1758.975,712474.616,0.0,469.0,418.0,0.891258,0.0,0bebd8bc0546ab2d0ff64aa12efd323b67d758cb5cb035c3b43bd9522a8db4b2,9ef5b571e71af132f75d081dc144d69064a3ae1d05cd59b7f6fa47b79f895097,d55c2df16044740bd10fe2bfcca1bbdf4c5172f650b948f7f5598584fab68061
2025-08-03,2025-08-02,retrospective_reconstruction,settled,3493.16,3706.36,715967.776,0.0,533.0,434.0,0.814259,0.0,2293180949615752627cc89d02c4344b3d5619bd5826d74a1380f8c1ffbd6503,eda6158875188baa41ecc3a8054e52899c92690e368cac5d96aedd08429993fd,0dff751bb78f817cd714e3e48a3ec49e9868876f3b7191119182a2ee2dbad578
2025-08-04,2025-08-03,retrospective_reconstruction,settled,7790.0225,8006.0225,723757.7985,0.0,540.0,476.0,0.881481,0.0,8387f3aeae15a763d21dc4447201f558446660cd02ee662bd7c6ae7864a39232,cd460c993181efcd55dac42e684a4e91e2533942f44933dcf156e2d596f259d3,3791d59d2607bac9fdb6510870e8dfd294b95fed839df86b854311e2d0b395cb
2025-08-05,2025-08-04,retrospective_reconstruction,settled,4639.0925,4857.4925,728396.891,0.0,546.0,458.0,0.838828,0.0,f196fcb06b7b972adb0bf4b0adab67ccbbe0ca12d84992c19b91ec3574b26b2a,79576b32f51e1894a23d6ed48c62cf7a2685e432a33705d9b4673ab532cc3e32,cb29063b53dffad777182a1e5d5b05a946aff38358006f6f0f0bf051b9d6c3c6
2025-08-06,2025-08-05,retrospective_reconstruction,settled,-4558.015,-4342.415,723838.876,-4558.015,539.0,438.0,0.812616,0.0,42ab57307cb68a03e1e8bb2cd1f83008efab9e5e0c44350c1246577702eb9a9a,b6801c06c59df124d8d0623cac17b311075b0fe1eea1314d8562368dcdf0d437,85f159d3e035070ddb195be616f17d7c411e85399e3e0bd944c91bf8a52d4f62
2025-08-07,2025-08-06,retrospective_reconstruction,settled,-1707.785,-1489.785,722131.091,-6265.8,545.0,464.0,0.851376,0.0,b64b8c895527f007febc40fabdd3744038a3cafb1995fc2db3a7627aae09649a,3dd9504abe5af7ba3dd1c88d2efc3a778685dac9b4c2863ad084275e83e8bbda,ef8efcd66869ad1bd4eb127c1ac8c4aebf6ab83f8ccd80d6c5d1d91eacaa0006
2025-08-08,2025-08-07,retrospective_reconstruction,settled,2318.1175,2536.5175,724449.2085,-3947.6825,546.0,444.0,0.813187,0.0,930c6e2468150f7d787b58d815e3267c7c6c1c59bb084aab287b7094585c5de1,f9769b17d0734e87a3a65231665c4b4e1ab0e40163e2aa91317d54708ab2a378,ad92fe68158abce4080bdd845fe56d566d985e3fc2d9e091e038b070553b5801
2025-08-09,2025-08-08,retrospective_reconstruction,settled,2805.9275,3027.5275,727255.136,-1141.755,554.0,483.0,0.871841,0.0,060f45c26eb1a1d6e24195b883b67bb829d853dcb0d771b11d0e4fa498919828,51201c62ac3f6f8ce6b7a7be5f1ca4601eb1158418c213e0e66224a62405dbe5,528b516a5c66b2de5d0dc7143c4f3a3db3f74fb9bdf63ee993abfbab87dc69e2
2025-08-10,2025-08-09,retrospective_reconstruction,settled,-2494.645,-2271.845,724760.491,-3636.4,557.0,500.0,0.897666,0.0,125876e5357ac4b3681f64cf5f78314ced1835f6ff5557f0a2e8f312db6be29f,ef164995bd7316f19aac49d26c45cf105515001ade37875889a3d57743621c57,85886f590021c79d20e5df4e5d476742295bfd1a749a3a02e8f71af0687730b8
2025-08-11,2025-08-10,retrospective_reconstruction,settled,-2320.8025,-2095.6025,722439.6885,-5957.2025,563.0,466.0,0.827709,0.0,1a7054bfa9fdb7b4e4980d1c7a54bb66526c63b990237e7ad93f3633b4314266,97b929ce8fde8b197dbb29e894056c44af286893e98147a6edfeb98467e67911,823f81b60dc85bca1c0ba780b6dada73db3fab3ad04dcafe1ea19d9115b263ca
2025-08-12,2025-08-11,retrospective_reconstruction,settled,15541.82,15758.22,737981.5085,0.0,541.0,440.0,0.813309,0.0,89d6f4ea0140e41bfd06800acdccb50949d5d7db4c846e2e23451d22ade82f24,541fced83e24c940409780579cf84fb643e4e658178db4dfed64504d2f0c41c7,15f28484b0d2a93a29051b10bf991adc7745ea284bedc6b64f49e49bd2dff4df
2025-08-13,2025-08-12,retrospective_reconstruction,settled,9136.595,9340.195,747118.1035,0.0,509.0,428.0,0.840864,0.0,b8127b9b7517e90b91da4cdf45ab5d0b85e7cf11efc9498af89eb1d278f27d53,2507d218acf403735614c057c43568f1f4d3e177c0fa3f8eae20c585529bcfbb,290b78a956faf9e576d54735df9f2b0e78e22a88f23763cb2ad0588f69830f6e
2025-08-14,2025-08-13,retrospective_reconstruction,settled,6708.67,6907.47,753826.7735,0.0,497.0,464.0,0.933602,0.0,99a7789e1bf2a3ef9bc39183eb1e75b866cc0ed84ef55f759a77476b188a4aaf,f021e9cf0805ed963ed118bb507a72395cb88fdcfaaa52b4a19b77e627bbe685,d0fb230ef241c210f14b199cb8c9bf8dacc472b4a628f76b40140881cb0a708f
2025-08-15,2025-08-14,retrospective_reconstruction,settled,3593.3225,3802.9225,757420.096,0.0,524.0,414.0,0.790076,0.0,4396bf73b3055a6bcc70d969b0336b360836018d1549f9c5cfd1c4a8a6344707,513721986c13641fda9b4bdc646648d035242de52be837afe2532fe6dfe3c699,e0b9baee59d6d2d8787475432be504b7b7ee308045e299b2c0d7e5f06a63415d
2025-08-16,2025-08-15,retrospective_reconstruction,settled,-805.47,-596.27,756614.626,-805.47,523.0,481.0,0.919694,0.0,96fd8197eb4649143d6a5a685feab5e8bf5a6d245f626c7e37e211e9105ec3c1,cfddd41e862404c5842868c0b14fc969327af91e892062c0f5924e5a8f787ede,be9786b6ea4a6862b581a683056c488e75a8a4b9785c23b8b609bfe9f2f6573f
2025-08-17,2025-08-16,retrospective_reconstruction,settled,-222.0225,-12.4225,756392.6035,-1027.4925,524.0,413.0,0.788168,0.0,fb07e4c68d9191cf2513776d5d85c219f025c63f24f11dd33f1e8da6fdcbc7b2,a26df92315a48585927e20939d2a88c712004dc3f752829e727a2e3d827ebbf7,390892caf53e53078d2c9f51c357c567a07beb3c3726123804fffcf016bc4fc5
2025-08-18,2025-08-17,retrospective_reconstruction,settled,4770.0025,4980.4025,761162.606,0.0,526.0,414.0,0.787072,0.0,f3180ca61873367788146ff31ab3ec9742b4e2ae6bcc2fcccdf20e8e59380a07,c9fcbed5a9f8ef6c57e7902bce045a9423a50c87f7d3b4dc089b02d644d160ad,39ae00c26a214299009e37e4ccdfecd09ffa71c253f4c979ad84fae12b1e14b3
2025-08-19,2025-08-18,retrospective_reconstruction,settled,16189.9525,16387.5525,777352.5585,0.0,494.0,405.0,0.819838,0.0,fd5a912ba7d520d853563166643f0a5b929cbbd15566ef7a0aa7f1261c49fa29,56db01ecaedd24ebb62d7264408a3030f28e930ced7e9a0e59f7584742576b97,b389554ba0975b0a6fd6fcafe39d047c88845c4fc284694c575ed51ebf9bf405
2025-08-20,2025-08-19,retrospective_reconstruction,settled,4597.64,4763.64,781950.1985,0.0,415.0,337.0,0.812048,0.0,45d0eb32acffb3407dd2b3c8a94c50b33ce1bd3f85b1fa3d1b8c71574f5879f1,1de2d3ca49ed48bca8eb0102605393129fe35fdf3a71f113a089756bc6bfb4ed,9c0325ad4ca0358965a2f522d02ad306eae16099906a28ce602164e5be914e48
2025-08-21,2025-08-20,retrospective_reconstruction,settled,540.3975,730.3975,782490.596,0.0,475.0,351.0,0.738947,0.0,1c0480e8575563d4d9d90d1cc2681dee1aa63d684822b5c03a72d39ae00d7e78,047bb5ab720c24703afd6d4fca199c82e38da82a420babef2c57ee703366a3be,b59a1b36e3664df84e90f8de873e1502f2d4d1e0b7d95b6813d9dce85b62eabc
2025-08-22,2025-08-21,retrospective_reconstruction,settled,-8458.5625,-8258.1625,774032.0335,-8458.5625,501.0,373.0,0.744511,0.0,d271e29f1d20a37eb4eca8d7b9938157377e8cf067772a0e7c17dc43288363d3,c78e5d00778229fbfe2eec6cd9b1ad99e6c9281f2d25cfa8a0ae51afab02d07a,968d29fbc7ac09ddbbbd28fe0a917f99d91478f72a62e6261cf5cb6f635f2d61
2025-08-23,2025-08-22,retrospective_reconstruction,settled,-2713.7175,-2511.7175,771318.316,-11172.28,505.0,391.0,0.774257,0.0,1d13d7348f1a83d67ee751662607891e732ce92f31c7d1a547e9d99ec797f91f,9ad9dedb16817f6947504578f9605762fe2313f104c143987b98d49058117f9b,8b5f7e3279551bd88b60f659cf6266215791c54b88b4b0879ecceb460e057ef3
2025-08-24,2025-08-23,retrospective_reconstruction,settled,-11058.9075,-10856.9075,760259.4085,-22231.1875,505.0,422.0,0.835644,0.0,c9fb5d50e571d4729a1fccc30fe766c4bbd3fc7f02271adda057b7b9559f4e6b,26d534e7930dfd9669bd2234891a9dfa5319af4e9559965fcb636cd3e3b5a0ef,1ee389e7c68bf7df3741a02ce6840a060de244828da14ce31144911c88646602
2025-08-25,2025-08-24,retrospective_reconstruction,settled,1591.165,1793.165,761850.5735,-20640.0225,505.0,421.0,0.833663,0.0,821a46fb76490dec26c10d0a8750b6df158e092b29897cd8dad457acc84a68c9,859fa8413839345920a76de540eaea768c55f45ccdcd7d0087e84f3f5c2e4f74,5b7bc74dda674ac3d49d1f9851ba2e2b7beb8b28096491cf6173b42127c449c5
2025-08-26,2025-08-25,retrospective_reconstruction,settled,4251.32,4449.72,766101.8935,-16388.7025,496.0,399.0,0.804435,0.0,e764641eaf63a3f5319a89e784373b2d8f0d2b1a9c6e6f45937237791c4c8c2e,5cf0e0797d9c0495953eac472a6b586665297e0bb52aa601e2bd763761d8d19e,e9acf6d946cd7486e62bf09560333fe656e12f1ef8d1c45b1911eb15ed46e0ed
2025-08-27,2025-08-26,retrospective_reconstruction,settled,2844.17,3044.97,768946.0635,-13544.5325,502.0,416.0,0.828685,0.0,da220f6565dc8b7f8daa603812b89efd3a5ffec93650465db421af2ea4d59fca,9404f878cd0246ed657e3b508ca343afdc1f4fc81bbf5a18d00dfaec1d4ad468,0c9a351cf75062fec7c8e500442048ebb167435db417c7e9863b5ef9e598ed89
2025-08-28,2025-08-27,retrospective_reconstruction,settled,3135.2425,3334.4425,772081.306,-10409.29,498.0,449.0,0.901606,0.0,8a236c89083dc9473dd64100e04e2dce748b5af2585d13b3fbdd36b865e93f6f,d310a2d6d5b1ed821d54f4fac1e43e50e5ea4686e499b0a0cbf746bf27473a0a,4614ff993655aec683b45518c64a3ed0a012fb0074e90332b231ba9593bfc94a
2025-08-29,2025-08-28,retrospective_reconstruction,settled,-2335.16,-2134.36,769746.146,-12744.45,502.0,405.0,0.806773,0.0,aa48da007df2d9c2d079b91ccd1764fb06298854768c59fc5f09c1bdc76d5a40,943c236d5b239a116436396780e41ef2710fd4d1db2df93ebf161ea7e4fe20a4,8d4e34350fcc54d1513f2850f27ca47fe93f488c38c5c1cda35ee9bc48ff76e2
2025-08-30,2025-08-29,retrospective_reconstruction,settled,4528.8725,4702.0725,774275.0185,-8215.5775,433.0,330.0,0.762125,0.0,6db8ed14a2c0ab2a6aebccc10c523a5124ff6a6cc0ace5aae812b300405b132c,2879390aed0664791711009d6363fd25d758a9f957639986238439c87976ae82,7af8611a3efd8fbd299e887412cab8e29a278cebe1f4706da057c569622ed8c2
2025-08-31,2025-08-30,retrospective_reconstruction,settled,-4597.7325,-4395.7325,769677.286,-12813.31,505.0,351.0,0.69505,0.0,951f61fb78fd31c2a2e96a66f3e3766dd76e6a866438a9f23cca310218a42e0e,781100aa9d7ba553a6579fefdce519c055b4afb3cd9fe1b627d21f8d65e435f0,b43558861114b7d4db86c4871b09ad48ce63e6b961b8977711fe30b04806bbe2
2025-09-01,2025-08-31,retrospective_reconstruction,settled,3047.7125,3249.7125,772724.9985,-9765.5975,505.0,356.0,0.70495,0.0,e0102f974230c6c25e88ae1e3aa2cf85804f52ded933dccab480451fa3d445f7,724c7a847b073011b037675eedba820aed3378a4dccf069c56bc6c235381df2d,6df638a3b6b2895b9a3e8c09597a32fc31a0e6ab7c4bce3138263feee0d546f6
2025-09-02,2025-09-01,retrospective_reconstruction,settled,-615.0275,-409.8275,772109.971,-10380.625,513.0,367.0,0.7154,0.0,0e72031c93f4cdac220a017954a10d3894480d85493e87ac1ba0f57792f22f4b,d1681301ea5ddd1b5f953972b91e5b0abde65ec327e592b4220541bcff9ea1dc,b952212f4b1221446d94e893d0f4e809cc20f3d8a10ae058a4ae0f08886aafcc
2025-09-03,2025-09-02,retrospective_reconstruction,settled,2225.6225,2432.8225,774335.5935,-8155.0025,518.0,407.0,0.785714,0.0,775930097106e68b10b13943649d8afb9439c54c184188e74b9eb33ce55be408,31189621d371a6d8d6cad18565140ff2b33bef29146935a9202e8c38733cf5a5,5a8baf561f197084ffba4a8c0621469b38d5eb9dff5c6f6b9dcaea640471e2d7
2025-09-04,2025-09-03,retrospective_reconstruction,settled,24440.035,24649.635,798775.6285,0.0,524.0,473.0,0.902672,0.0,02169804f80697610a352559c129975dbd8091d673bd383c67618ef4ecff495b,e0b9e7d18413c4af82e1e82efd246a9771addd7cd4d6c7bd7c47e7955d9e64cc,7e4603bfa05fbfc9a96d3221912a477abef89c44c2928b94f0d44f27cc811d71
2025-09-05,2025-09-04,retrospective_reconstruction,settled,3107.6525,3318.0525,801883.281,0.0,526.0,429.0,0.815589,0.0,52d182f7ad9eceef8ff1c02be10d8140c2bd25bcb2939288b581709c93f3ed1b,0dde7d468e93a306c850bc7629f8d700462ac90af9afe4232cd54a9057891876,937a3dabe11f5e39d1ef3caaaa8c95cf9964727dac83d26a6ab03b21818eb247
2025-09-06,2025-09-05,retrospective_reconstruction,settled,312.3475,344.7475,802195.6285,0.0,81.0,71.0,0.876543,0.0,8315ca7004c57506de8730624c0030c17cfe1b8798882aea4b84a58dcae776d1,4be36dc49478ad006d9c579e21f75de513e9f405eb7b89c938fd47d88a3c8025,c000c4d1309a97cec577ecb2bd4de4640ea813f0ef1bd12e988a8661fa8697a2
2025-09-07,2025-09-06,retrospective_reconstruction,settled,-1434.69,-1254.29,800760.9385,-1434.69,451.0,340.0,0.75388,0.0,43738970debea991378decdbcbc936ef9b3df460ec6999c95da51384c20a259a,6aff5e05e5ee374b7dec9a0f1ea9b26e4110729d862ea206876f6b3a7c70215d,3c65f518531c89825659454166f49087aeb9c39be0b09a3dc6663871b1875a20
2025-09-08,2025-09-07,retrospective_reconstruction,settled,1145.4,1327.0,801906.3385,-289.29,454.0,378.0,0.832599,0.0,273d990ec18693345e1e8ed3977a34ebe45d21447a1dea10e1f3e498184105dd,58fc6dfb77e8e492daaca4be95ad585cb60995400ef66a888e0fa513e79c9dba,aee241f0232c26040bcfafd4b831ae4e4284d98112f5e7811c78f7913b6bb4ef
2025-09-09,2025-09-08,retrospective_reconstruction,settled,1552.1125,1737.3125,803458.451,0.0,463.0,375.0,0.809935,0.0,39100a689c1070dd4040d5e17e81c8a306dcb7c9fda11746b5775798ed2d31db,2b9119b4f29197c5f0de6421264d51de497ffb82e16de3c943b5350be559ea8c,f3d6debd80402096128c5a913711fafcaed0d9bf6092aab182625af9858e7c6f
2025-09-10,2025-09-09,retrospective_reconstruction,settled,4462.575,4651.375,807921.026,0.0,472.0,388.0,0.822034,0.0,80f3c3b95356c63c50758d716d3f8e5eaa7482eb25371d55a1c806babea97a9c,511facac4fb1931f0a9f65390242a4029a4facc932e4c874c2b0adb4cc1b2ed2,b14bf207cc7366fe4661e9e4b8559bea877f208cf2ba1f73c30d871ac30f4cc3
2025-09-11,2025-09-10,retrospective_reconstruction,settled,4582.91,4775.31,812503.936,0.0,481.0,410.0,0.852391,0.0,fe5c8df80dabe1bdc4169781af34ed8b23799d54671dae6ee1d6e6ed2c19e0ff,09dfaa03bb6135231089e497994ddf901f31bb41ef9d501d6445bbde4e6b53c9,712df6a525841ffb3f0cde8543039f30ee3db5ab5e4d1ab549138d2f7707b4ab
2025-09-12,2025-09-11,retrospective_reconstruction,settled,3564.175,3756.575,816068.111,0.0,481.0,436.0,0.906445,0.0,f31c7bb85e1db7394516ec1028125982b5a5572fe7c25ffd909cb80c3dde606a,9a9d7cd66f006b6db6b1ae272091f56c439120e82ea3b46bb034097363864fab,e7b28e97967e2592bc6b822f52b3f37f50191f489463985fc4032939f32c8614
2025-09-13,2025-09-12,retrospective_reconstruction,settled,2197.5475,2389.9475,818265.6585,0.0,481.0,450.0,0.935551,0.0,9d1dfe31ec034a2c94bcd248a3b1d6d2b3cfc30cb96230ca20ef27ac8bd0275d,24ab21505b56d580b2cdc7e52d8aa522ceb27eb7f6991042e27595aea3a715f8,0756a340d962f695dc7b7b1908211f08bfa60b34a782446b689a89aee2afc14d
2025-09-14,2025-09-13,retrospective_reconstruction,settled,2780.5325,2973.3325,821046.191,0.0,482.0,445.0,0.923237,0.0,2ee6c9b1d1a4a281ed66260df5e41202447539dfd5f228eb978cc28948af22f6,94b67e44f0b0d85d665cb10d0b4f8aab878b6523c0583aab75fb4e391a6560a5,0e9afcdf44e2c671af16c0bd7aa6507775d46e98c6443336265e2a74f7480e1c
2025-09-15,2025-09-14,retrospective_reconstruction,settled,4508.8275,4706.8275,825555.0185,0.0,495.0,465.0,0.939394,0.0,0243a7aa0cc6187d0717544fab2783b7ff85b6d8c4f5b0e07ecd2078c5e0e10b,049593405e4dc39a4debebab79e862b37af5d2cb0c45c7a43a75ca847dfd6e83,4d38185bea635c6a2f765bb9c59641cb98a894c84021306c8fa807d0e743b133
2025-09-16,2025-09-15,retrospective_reconstruction,settled,4046.6475,4245.8475,829601.666,0.0,498.0,457.0,0.917671,0.0,95eb741a1def3a289b1ad08b10178159421d9d59687df1d51a264947941ea1bb,c34d6af6d577d8359df674a0252e60907f160ccb86d16d37dc4cb133b98aa76e,925157e27f19e5364d90d6e21533bf9b7f5cf5251b80e97a9e5965c257c0b056
2025-09-17,2025-09-16,retrospective_reconstruction,settled,-4529.1375,-4329.5375,825072.5285,-4529.1375,499.0,451.0,0.903808,0.0,44bf93eab83395e1eb98f2c6748d143c47ffb25a9af12d56e41cefd22c5d6cb4,6d96c43f8ae5f0eb037f88cd301d71ed8ef0707b65f003b6c38201ce1b7032c2,4c19f4a81f08ef5e621759a6a180be3c1af0a01c8bf0b56792f2c50b56396d2e
2025-09-18,2025-09-17,retrospective_reconstruction,settled,-3416.5525,-3215.7525,821655.976,-7945.69,502.0,448.0,0.89243,0.0,5790fb82ecd0d975d8c75b23cfbb60caaa2ac92e2f46f77f3df94982da0b6526,e95e3cd2421df2628c7f6816700ed0f6751f896c9e32ddacb01272f0c66d77b4,1810889ab61aab8cbaaef8babf3d7ce39deb599869242ce521c23181aa73949c
2025-09-19,2025-09-18,retrospective_reconstruction,settled,3933.655,4134.455,825589.631,-4012.035,502.0,444.0,0.884462,0.0,7830a0a4430600108ec646f8e988db2b0bc60c49fbddb4348e43493dbde77af4,4433527b6957ba99df94e09188a6f03724f544feeb7ae574125365f859f62126,67efbe3e7cdb2fa2b70d8490d783eb8fab9fd04c33bf36fdb15c7e25a92cd797
2025-09-20,2025-09-19,retrospective_reconstruction,settled,-343.2625,-141.2625,825246.3685,-4355.2975,505.0,470.0,0.930693,0.0,8808139f7a09358846912c2dc5f1c364ce148f843a4df5924e4608804bbb83f6,6562a33d4f5d2c50f75afb9eb7416bb801de6d2d2694e9e276cdf4794ceb951e,8b824bd363439f944d65fec4e4562cf0a692659ed8142030fd0434b12f087b4f
2025-09-21,2025-09-20,retrospective_reconstruction,settled,-2036.7575,-1834.7575,823209.611,-6392.055,505.0,459.0,0.908911,0.0,6f1b49c5da427bc1a12d421e502184dd116ad7459ea6e92099a6d6590c4674cd,7329eda2b3533de31f6f914486af8908f9d7e20acf04c04004c3e90012779e49,45f8c202b3bbaf11dab2d2d270ef24a0f99770f89cb7cb34d20fe4933d45ecfc
2025-09-22,2025-09-21,retrospective_reconstruction,settled,-8769.245,-8560.845,814440.366,-15161.3,521.0,481.0,0.923225,0.0,afb47f86ee433953780e5af3c89fe7b31a805e84155ef4c0ceb091cbb39f3f9f,d2875578c0320f0a4af3b5b8b60c205419af0699590ff7da891d7fb04b2b20eb,706afe2616e81a4f3039ee2dc5a656cb3c4532f380d899f911f33a7c3e3aa37d
2025-09-23,2025-09-22,retrospective_reconstruction,settled,-7290.3775,-7081.1775,807149.9885,-22451.6775,523.0,455.0,0.869981,0.0,cc2c2cda4fc18b6b0a9bab96646438b67b377b8e506a27ee3e82746d0b190050,d79499fe6d5b4cf588138b3dbe1d5df1746baa9b8846eadf5dc5c106c779bd8e,ca13bc5b78953b2f70212889eed774694c05ae8118119932bc5b3d6c7167dfff
2025-09-24,2025-09-23,retrospective_reconstruction,settled,1212.88,1247.68,808362.8685,-21238.7975,87.0,76.0,0.873563,0.0,f7813995157d34897169186639a7048004d9458949d63e89991ea63aef96cd76,1ef8c5366ca939a6d11f48ff1f6ed4fa2f81e1a5b8dbc5286ac467f89d8df41b,f31f7b735a77b780fcd99d93f38b16b234231a050711b028d12ff701b0255830
2025-09-25,2025-09-24,retrospective_reconstruction,settled,-744.54,-539.74,807618.3285,-21983.3375,512.0,455.0,0.888672,0.0,c3ba2812e95e8f10a1be9009af7296f4aae95e3e2167c737a630dbbff80f8543,b8226bf56ead1a2da21388bb82e574b6dfe9bcef45e2f37ffe77b332557fcf4e,addf4da6e76137c17472276040781e0fdc00f09caf5f6becdda0a04519c29c64
2025-09-26,2025-09-25,retrospective_reconstruction,settled,1222.1075,1430.9075,808840.436,-20761.23,522.0,467.0,0.894636,0.0,75844b4de29f3cec1267998c5e3aefe5d33b4d11b547747614588df54112f13a,a326730ae43d9740f5e7baa63414f37ed8a5a0f73f03c6ad034ede468187aa55,feba699bfab864d1e09dd0ff752fda7c6cf26845fb1e530403aa42a496d3d13c
2025-09-27,2025-09-26,retrospective_reconstruction,settled,2244.82,2454.42,811085.256,-18516.41,524.0,479.0,0.914122,0.0,944e26124b113326cf7deb533bb7213c9d6d5327017a8ed42c04edd844943b23,fb44c25a7f564d98a784e90d9fd2dd54e05b4b95565f21cc3f271806f752550b,ac01060c7bfbe94a5bcb2d3b4aff112844473dc954ec0c7e2a9b36d28c7a364f
2025-09-28,2025-09-27,retrospective_reconstruction,settled,4554.4075,4764.8075,815639.6635,-13962.0025,526.0,468.0,0.889734,0.0,e5a14b7a98f6d9b705ce83e57dcede4cbaf77779cb9e8eee980f0eadf0bcd0ad,f338f47c7f8d7a6126a828739c49b135040b1185587b111382228c06abf303f7,f1d96e3fddd4dd8ae092e90828708dab4797dbd0afdd1c4d6909fd14d49cc1fe
2025-09-29,2025-09-28,retrospective_reconstruction,settled,-12663.6825,-12448.4825,802975.981,-26625.685,538.0,476.0,0.884758,0.0,d373df8a0ff5ab1bdc695f08f881475e14290b2e4b592a0362aaf0b274021fa0,b31d0390ba92967701c6224caa92897b0c9e90cb1d7d15fd2f458be38c3b5c1d,7e511e5e583a7a8d7979c959c3ac5779e403fe8c3039f242766e012f0773a652
2025-09-30,2025-09-29,retrospective_reconstruction,settled,5258.6125,5473.8125,808234.5935,-21367.0725,538.0,467.0,0.86803,0.0,c16d5128e43847199b2470dce19dc6281696630d0dc3240a4ca81ca0300f3872,4aa7013b36fff4a0c3a785ddcafbdb380da96b197f298cdd289f627d2b9d59ca,423b17ca0d23fed1c9bfc7daa7b423c617051211f790d56f9cefcde760f3d0e7
2025-10-01,2025-09-30,retrospective_reconstruction,settled,-4835.9775,-4627.5775,803398.616,-26203.05,521.0,443.0,0.850288,0.0,5d47d6775953c1941ef080c422157331f1782d222e95f1c9ee5cccc6ccbca9d4,664fe52d30df8675e33c8487d5f55ac3d4e68a1e6710fd8a9075689ea12f88e8,9ed9de8912db5183cd7b62132e89f3e8e6140ba25607276c28ef4ef729d43728
2025-10-02,2025-10-01,retrospective_reconstruction,settled,1737.29,1946.49,805135.906,-24465.76,523.0,461.0,0.881453,0.0,f057caa1619a993628892b2a0e8aaaf1607c87b908c184c054db766c277549d5,465ba1320811525db01527be14fc153353087f2f2269caf4179b30635b28870e,a851c2ea9ea4f5a8dcdca4372b23dc810f6a58b383571b0ee4418e203dedac2e
2025-10-03,2025-10-02,retrospective_reconstruction,settled,3927.885,4137.485,809063.791,-20537.875,524.0,425.0,0.811069,0.0,e905bcfa3e3c0105a525e6cd8efc8991c4e4fd6982ea848cb49c9a47f7d6b1a5,8d59d18d77e346eb8cc66912d125aa1318212ae6714201d887d210b83dd64d5a,78f7a26d8e43ceed1b4adff592bc46446688cfb1e04fc8390132b5a338d0f234
2025-10-04,2025-10-03,retrospective_reconstruction,settled,2423.095,2633.495,811486.886,-18114.78,526.0,442.0,0.840304,0.0,b232a97d367ce11555f588342eb5fa206438c70ccfb434729b9f7ecdc12dc59e,df37602cef2954c526a2d6ab698003111b4052af78cfff47be4905aa1b24bb52,6088092323d9765241eb895717f798758022b26d6edd4be2fed4f7f4d55dfa11
2025-10-05,2025-10-04,retrospective_reconstruction,settled,4105.21,4316.01,815592.096,-14009.57,527.0,405.0,0.768501,0.0,7f189017a726bd815e75512b333e8f8a9bb2162547881bc5b794a31d1c9f2ae2,cbd17270607bd5f6852ad6d313cef862a30f210b43cd9e7d1a7281ef1d0263fb,e4f7bf00642a2ba973ba0698a97c9a9cdc8034439b44e278fedffe25a73127f0
2025-10-06,2025-10-05,retrospective_reconstruction,settled,2652.5075,2867.7075,818244.6035,-11357.0625,538.0,481.0,0.894052,0.0,c682b348cc6dcdefe172944ac9835d63c774ab896b05bb20557178510953bee3,0647c9801203f0db4ede1e263d4cebdfba5ef06ca0686aa8ce78c546ab25a06a,13b0072bcaddd39723abeb5aa1f281c98fc175b91efca57be03cfa8f6e0373e3
2025-10-07,2025-10-06,retrospective_reconstruction,settled,2554.7625,2768.7625,820799.366,-8802.3,535.0,454.0,0.848598,0.0,433a9583b3afa2551a80c7e5b38eb24d6a6581ae1f9aa9bf745c6fb5c71f76fc,21237024a3109e7cbc1709b51f58d39c22024f570237e86ce140086d28d7b161,3a5465d4c8d3b3b90604ebc5d94e779fc214aed03890272b1150cfd4305e8957
2025-10-08,2025-10-07,retrospective_reconstruction,settled,28796.0925,28983.6925,849595.4585,0.0,469.0,342.0,0.729211,0.0,173a0b647a2895fec3d6a1a53be6f3072e61938ebbbfe87e5b52a8b873a02b81,cfbc120b6c67f1df334284d7c08e9742947e3534ec47732eb91c3b553fc14771,7151f14ef71e8e74089fed892a6a893f219ba58a50aad98f33e951a9618423f4
2025-10-09,2025-10-08,retrospective_reconstruction,settled,19500.165,19718.965,869095.6235,0.0,547.0,438.0,0.800731,0.0,2f9283a941a4a58307676d7420a45fb17fba3e3b1b332dbfb7d97a44de849639,2e8c385b37731899f96307ea02fa8357671db02bf6100ebd072bfb8ff74d89ab,f8d18e4d155b3d2a619d21053c62aca5f62960e067327e61b7354aedd0ef91ce
2025-10-10,2025-10-09,retrospective_reconstruction,settled,-245.8825,-82.6825,868849.741,-245.8825,408.0,309.0,0.757353,0.0,f512323f509a77e2621a35e81832f16b1bd09a1e3c41762b07d51eac51e44e31,89a670a25b3e3cf86d0dff1a405a398433b0be2116486a66d66fb4326ee090bb,ffc7d13742128be21f515dc5ee25fe16b214459f1c76e97e7b6ec243bc1c5d9c
2025-10-11,2025-10-10,retrospective_reconstruction,settled,1572.94,1729.74,870422.681,0.0,392.0,269.0,0.686224,0.0,449fd4e34b03538f19e946acba2e20aa8585a1787e5d9d62aeec6449b8043438,3ebb2d1d31704b1cf08f7db61460208cf96a203e7862c2875f6beef210eccd05,2d3d4bba9ba1901d5830f04bb7450356f6122f0da4846d330607afba5992d36d
2025-10-12,2025-10-11,retrospective_reconstruction,settled,2993.7125,3150.5125,873416.3935,0.0,392.0,314.0,0.80102,0.0,20b4169a4d77bbd2279c5cf25bc8a7b0bf9b6d10f649acadb059d8a8e1a18467,cbce83751dedd04ea9a1c1c6ba9660e2e8f72882487f6a9ec5373c3af985d4e8,b570656ba1824cc37ff02a14af19a5b13c0a017dff8c33777a7a6168710b1039
2025-10-13,2025-10-12,retrospective_reconstruction,settled,1289.58,1447.58,874705.9735,0.0,395.0,332.0,0.840506,0.0,18704f5950d983af63c9324ff663b2a120de0e80018c10a33fcfbb313a7b105d,6d10a47cc36378d94364267ee01aff504e7bf0b36fda17d225ddcb31771d3556,a69cc4694c3713b2a01f3c50235125c2a24e6ca02ba26790c3e7d6cc9848a450
2025-10-14,2025-10-13,retrospective_reconstruction,settled,-2503.22,-2358.82,872202.7535,-2503.22,361.0,275.0,0.761773,0.0,2d064500da830d1b4adfd634ad538087534343543867c0f323a312d119213d7f,80794c530e722920bac90a57a2f892e813ffb9ba8976357910acd28fb0a57cbf,1ccc1d269b512bdf03f5634a0c032bf3944be23d0723495dc773d45aab58b0dd
2025-10-15,2025-10-14,retrospective_reconstruction,settled,496.2875,655.8875,872699.041,-2006.9325,399.0,282.0,0.706767,0.0,2d367efb7e26b4fe1a912d6cff6cbcaed0b954be459d67e94db7c0a28c05c8e7,2375570110f57ded799446aa8e85c77ffd1df87c6387cf130d7953daeacf2a44,18c3c8183629c0c56fb8ef80f40b387fdf18c557302de5ea669025961a5cccd6
2025-10-16,2025-10-15,retrospective_reconstruction,settled,737.7575,896.1575,873436.7985,-1269.175,396.0,286.0,0.722222,0.0,26e71d41fa04724fc39aa1c9cd6dd5c8ddfcc0f499df09e39a9204592ede38c4,81ffe6ee1124a4ff6bd1db7b21a5a8d9f94fbfed67e5a9d787f76fd521707d22,cafbddf88e7c4ead35c544ac9e7a2a9c28319d7d6b1015c69c0274841fa7a89d
2025-10-17,2025-10-16,retrospective_reconstruction,settled,3215.9,3378.3,876652.6985,0.0,406.0,314.0,0.773399,0.0,283ceb98cd1a2d6175c309a1e1afe67d93459fdf68f2453d8c59606c85b1c542,9c68241df3ee3a18d9f501ae6a29bce67405ca2c1b8b8449cd5b7aa2c1ffc0a6,514c82fcdee9e65d31c7420d45d2979119de9f72fcfbd5975980682e93cb57bd
2025-10-18,2025-10-17,retrospective_reconstruction,settled,1679.1825,1845.5825,878331.881,0.0,416.0,303.0,0.728365,0.0,b13b303b2f4b9bc103b49c84496262086ab6e2b532b0efd9ab53cdd6aa37fed3,f79cea4dc25e9db15113ec631263b872228ae5c614638b59d939b7f70963b929,9612b47bfefb04e065b81dcde75727104cf95a60fde08bcebca70e020cf2f869
2025-10-19,2025-10-18,retrospective_reconstruction,settled,157.55,185.55,878489.431,0.0,70.0,54.0,0.771429,0.0,87f1889fa96c7d59a2247de56a650f4e16b5ec23874b8ef60a4ccbe17f126c45,52c4a9cd7d69244704341c67ee6ceeb25c241affb4bfece43b4860cb513d8c43,bb91d74bd78ca19eafcf981cf4de5679f84c8b709d0302f2e88cf02ef11c8501
2025-10-20,2025-10-19,retrospective_reconstruction,settled,-829.995,-799.595,877659.436,-829.995,76.0,62.0,0.815789,0.0,a22a6fe2e263cdfde481629dd8f4cf90bdb7413e73fad4cc7ecd707ced84637e,592e7b506bc9e2bcf25ac1fe526f435f68d1145fdaed98fe897af9d4776c7dc5,8e1d69dddf625935bab4e8b20eabe7c82d785bbb6e464f2ea0f6887082536565
2025-10-21,2025-10-20,retrospective_reconstruction,settled,-1656.005,-1482.005,876003.431,-2486.0,435.0,309.0,0.710345,0.0,c55bdfacd456134388632a5c040ff255668afdc5d8aa8547bead41ec7005fd3c,024af991a3ad7df404a1a5f3f1da797a6dc671929943bfa58c2bc7f7ba90046e,051e17ed4fe9aebe169baa63be75dc1a0780374f36f3cc9e7307607dab347322
2025-10-22,2025-10-21,retrospective_reconstruction,settled,3392.155,3566.955,879395.586,0.0,437.0,357.0,0.816934,0.0,6373235ddbb79f7b219e834bef8ceee69cddc7400744a37ccd530c235832d61c,8fe1c7e54db2d3d31d14a6d60d554a4924e72dba72e5dabc0a3d3982d5469d9c,2dceb470fa46c0616e4342e51006c68ec3d3e2b7c572a599e289c59c476ffd1d
2025-10-23,2025-10-22,retrospective_reconstruction,settled,2194.9525,2374.9525,881590.5385,0.0,450.0,352.0,0.782222,0.0,7c68620abab0191ce78b404f85ed5c3715c0564b65e9180d40a0cdfcc1548511,b08ae5d8f882068e9d1dd54258f89757f77098681d236fb61baebea32aec2ee6,17d5052bee1bdf4eaa01174677be643e7a49037653d11dc057abfcae2188c31c
2025-10-24,2025-10-23,retrospective_reconstruction,settled,3055.9325,3237.5325,884646.471,0.0,454.0,375.0,0.825991,0.0,af3e2c31f19c5f96ffb60789adbc33b3bb21798db0361232c62c0784bcc7160f,9cf41c162e8828333e550d3c5c09302386d702fb8eb7aa611ab63762e85630a0,e69e07f4810c5742af65bcd30b540d2235fa029c778f505f6e16d6cf3e6caa63
2025-10-25,2025-10-24,retrospective_reconstruction,settled,2968.2125,3000.6125,887614.6835,0.0,81.0,63.0,0.777778,0.0,df8f9bf0a64f64b98aa2cd5a1e4efe6bf3f9e3c5aa9e4643b40b1ed763b976c5,76e90d931cb126711eebc5711aa60b42e1ec3cec158b55b953a9f3ac402391c7,205550b0d566a6348c10ab7c724d363d3545e3222c3796ce17136d339ec1a311
2025-10-26,2025-10-25,retrospective_reconstruction,settled,11189.5525,11357.9525,898804.236,0.0,421.0,313.0,0.743468,0.0,cea9521afe344fba050d1c5cf1da07d8b21277600c4b37c653e1111dd58f8978,40ea377eaa01c775886f4af00ed0ee5bd34e45b0ae5a34e2d89d03ce5006c8ba,920757258520a93f289f773a574a469c1067c69ba9c7e44f1eaf247be98ed48f
2025-10-27,2025-10-26,retrospective_reconstruction,settled,-4059.2325,-3886.4325,894745.0035,-4059.2325,432.0,410.0,0.949074,0.0,0f75c4769586c57e0f690a27b2250da003131721909f8112d1e30c223cb455a9,7f93e49cca473b80d05dd60c02e27332f60818d7821fb006b10a181ce7a49f4d,94e7a37b042580ed1dac529a0b72d5ff5b20009408d56cf93337b1b89ee1d2d2
2025-10-28,2025-10-27,retrospective_reconstruction,settled,221.2575,402.8575,894966.261,-3837.975,454.0,368.0,0.810573,0.0,266c34ef308126cc87d4f57a990bef5007617807244e3e54efec79a7afd38017,b26eb3730e3fc2c877fd432514dac2e838ec0cf29dd7a8a44666f8e94ff97199,6b99df832bb849454f4d146d8bc65033d10b2b4b8b50bfbd2a6fb07d0cee2cfc
2025-10-29,2025-10-28,retrospective_reconstruction,settled,-1274.3325,-1241.9325,893691.9285,-5112.3075,81.0,77.0,0.950617,0.0,33c6018f215c4d30f4cfe2fdc9fd8eebd5f9392a9a25883314117a9909c5790d,712b5124f21e2b72fbbaec0b2031121ef78770d7008e9ee7dcd89d8fa88be5e4,34463826e4b95530e170f7fe15a64d11812f06e68e0ef70a5cabcfaae73dad2e
2025-10-30,2025-10-29,retrospective_reconstruction,settled,-5247.9,-5062.7,888444.0285,-10360.2075,463.0,371.0,0.801296,0.0,345191aa8d77556abf8a1d48e903f6be1087ac7e29fa8c5fbacf7304e79d14b0,a598619a3c3009c6345936bc23d86d3d7b1beaf49838c50971034bf2c400e296,0c603db5c1967f65a51d81c98f0966eb4e0d0b646192a8af68405f927efa3acf
2025-10-31,2025-10-30,retrospective_reconstruction,settled,5271.565,5459.165,893715.5935,-5088.6425,469.0,386.0,0.823028,0.0,22985b0fb33ef63b86b4e9dc4762e27b59f95934da7b826a20f2669384ea336b,8321a6f3485ff711c2a70ae94b91bec7f9aa3a7ff216fd9a898225b568388cc5,4e40ce4fc8adc52cacc3d53add5444b0ea3eb4c2ddac8fbf599d1389fc0e9a92
2025-11-01,2025-10-31,retrospective_reconstruction,settled,3366.6325,3554.2325,897082.226,-1722.01,469.0,391.0,0.833689,0.0,5e8425e63e8fe971fbffd2bd050bb6d69faf0440e2b7f4128b4f67dcf880dae3,5cc5a4d369bba12d1689f697d6d3bb70ac7682a5a30c3d909757b8cfe64c959c,494042156063d09cc49119663aaf121c6ac4a7f3afd2621cb390414fee6471ce
2025-11-02,2025-11-01,retrospective_reconstruction,settled,1927.7275,2120.1275,899009.9535,0.0,481.0,359.0,0.746362,0.0,8b04d6057eb2b25a678ab790560531975b0712eaf5ee4dbadd5b89afe9774f3a,69d53833c36207f50f852be32908522e9d24293c9a7548229a92c423dc5c1970,d73b2ac7cb3e32aceded5ca0ed10b80f6e0e8708432e54d50dcfa10e63786427
2025-11-03,2025-11-02,retrospective_reconstruction,settled,2363.02,2556.22,901372.9735,0.0,483.0,381.0,0.78882,0.0,84686d1c8579e3674099a4297d587d01ffc5eb1a7a1919fd2a3270c056a8167d,2482d3fcc84fd576fc623eefcaa26df216873d395cb66f6acf4dbce30e8d8730,1be0940af81b534d23beeb8b3f35fec3dc1be8f5549c9418f24f1dbeee5cb371
2025-11-04,2025-11-03,retrospective_reconstruction,settled,4565.1475,4763.9475,905938.121,0.0,497.0,380.0,0.764588,0.0,7eb6cb825956eb1c7ed5ab62f5aa9928f27354a8cd90ac553dac6f6666940a6a,c9ecae4e74f4a1764171114a72e11732bd8c95498525944bcb6c6db8c0ade610,7932e488c55ce2290ab786e60b855d9c8c0caa74b1bc1e5851be9ea5e83e375d
2025-11-05,2025-11-04,retrospective_reconstruction,settled,-332.825,-132.025,905605.296,-332.825,502.0,468.0,0.932271,0.0,eb915af3d93d8a8599fb9b48008b7afef90ccc0e83767a477418cc083208847e,02808f170d328c2c61ba070e99e74b627d00cf245f887b6085b6d77c22d69edc,ecf546102fafffef0dbae4c1fbc51977aee9a4e6fe961334c1087211a0e7dbd7
2025-11-06,2025-11-05,retrospective_reconstruction,settled,10067.7375,10268.5375,915673.0335,0.0,502.0,397.0,0.790837,0.0,d4776ec6a2dc1f39d01ed341a014ec92c55abcd00746ba8e072fedf87ce6f9ff,17acf55d381482d3ef4681ebe9f23a8aa091c37c02457d51aa7f971c690507a0,3e6dfd43508c945ac2f326f2e38233afeab8dbb0c96cfac66fdeece762a35ea5
2025-11-07,2025-11-06,retrospective_reconstruction,settled,9668.7775,9869.1775,925341.811,0.0,501.0,432.0,0.862275,0.0,3efad0f03188a12bf597300fc081f8d68c9c0ae575f159bf8322b83c664b0326,9c3bff385f40898b38286dc54c2f9a69d4f7368aa52aa7d3ff608756023cfacc,35c06a08d13c012d60cdb7a8630fbe1e1919e19b618760cdc2e704359ff150ff
2025-11-08,2025-11-07,retrospective_reconstruction,settled,1819.3325,2004.1325,927161.1435,0.0,462.0,302.0,0.65368,0.0,088d2b9270b86b478c0c3837d29d6793edfbc25b6a5420604b307eb822da9962,fb3bce2c21e02cd2a707248255dc635e355689e8acb3cbaa991681368ff1a85d,e501c6c1016ea657d34e607022dc19436c7b28954cc610bfe713f360062639fe
2025-11-09,2025-11-08,retrospective_reconstruction,settled,3784.0725,3978.4725,930945.216,0.0,486.0,408.0,0.839506,0.0,4becddeff944132f6f3a3bbb7dde021b63854de76a5480cbc93287c44fbd166b,916a12c89bf2ce39a55f5d93b148322c286a98e71c6dc4ec61e34570bbca6027,7d3f1633e4284870e6ea811524bd1f8b3c4e8d34446cea7a28490080c43684bb
2025-11-10,2025-11-09,retrospective_reconstruction,settled,542.035,576.035,931487.251,0.0,85.0,55.0,0.647059,0.0,cc282682bc0c4b0fb2fab7e6230901c4fe9e863f4b0caa4c5494ed401e97e929,94499c346a0ca3221a908b9f77a7d34a737d3cadfbaffd6dd982deb8187f1849,899b403f018d350ecc83f51156c23a289e6e4b9119ba06c6c53e935f70b35f85
2025-11-11,2025-11-10,retrospective_reconstruction,settled,2238.8625,2435.2625,933726.1135,0.0,491.0,412.0,0.839104,0.0,91104df12ccecf1fd577042c5187b11e7e2e1284dbf90e7e3c8c0bc782a562de,c9b95ee4c5d8524ef5b9e86acd843107e362307fd8c1b1c54422ee8b28d3b996,0789edc3410b3bdd3ccc4bfe74725380175bbe113be795a8bad653d4147989ab
2025-11-12,2025-11-11,retrospective_reconstruction,settled,3515.4925,3717.4925,937241.606,0.0,505.0,459.0,0.908911,0.0,1eaef5a48fbe0974d0d6dee53e8d2ce97ac0ea6b79b90de4e5c7d18eadd873ba,257960e01d22561ef688ad8810218edd538e44feb58b2abcb54134d7958e2d72,c4c6d5b2b3a9499611d939fa2590b1d90888a07b0613a55ef3712c6d84a509b7
2025-11-13,2025-11-12,retrospective_reconstruction,settled,1638.2525,1840.2525,938879.8585,0.0,505.0,486.0,0.962376,0.0,4b3e9f23961e7ef40f0335289e3ba04253041fabe4ef5a2307d033fe2b63e7fb,f6e3c406ee6f5088bf565542d254c294464bf38bd4c76b13ed3c07aa5b700341,bae17f0b9ab6031a00d71961eba76837ac67b852e81186d3eca4eaa4965fc81d
2025-11-14,2025-11-13,retrospective_reconstruction,settled,1481.7025,1686.5025,940361.561,0.0,512.0,474.0,0.925781,0.0,8a4ac96808af0a17d4f8437245fada5f029f2c4a267a7e52825fde8aa4a68349,0586a3ca4c5be859bce44a4ef4a4805a5aa24a7a44efb59701cc5e1bb84ff6a8,745469235e4b2b8b58561af1f5b75ef8ddf0c6d326de25d812eed8d702224e4c
2025-11-15,2025-11-14,retrospective_reconstruction,settled,-639.7475,-430.9475,939721.8135,-639.7475,522.0,466.0,0.89272,0.0,a815b503a69907eb5eace1fae8a6da96c29e26cecd1c301081425381884739f9,cd48f0dfc5ea1043336258a0caac3c23a51b446e26733a88350e702dfd462b52,07fff3b61b0ea924c0dd37ac0f235c5a57f306ad1bba82f87833765f6b7492f7
2025-11-16,2025-11-15,retrospective_reconstruction,settled,-21144.93,-20935.33,918576.8835,-21784.6775,524.0,477.0,0.910305,0.0,88017fb8d3d9991fa86210caca3228643a5bfbf7c4b97bab2f8e90116cdbfa86,9aa687e65dec2a841d62c00f26289ae5eb18ee9f3c37cbc24193cce39ab9f1cd,8a36d67c75a41e9db548661ce887378501ce8f5bc0691df338c8b0b5b9e9202f
2025-11-17,2025-11-16,retrospective_reconstruction,settled,-1561.525,-1351.125,917015.3585,-23346.2025,526.0,462.0,0.878327,0.0,62fc6c2a39be0dd3328692924b2c8d011152aea4a7714ce4b164d820241d8388,8f1ec342b01fd3bcc7750f2ecc524e86f4cd6fa5dc2d3134cb7303dfbcd9fd6b,50afd57b78459f287ecd1bd85ce98d92308281e442e876fde6e63a1b36e7714a
2025-11-18,2025-11-17,retrospective_reconstruction,settled,9145.6175,9331.2175,926160.976,-14200.585,464.0,416.0,0.896552,0.0,c220cc649652efe17d6e14bf0f5fc80c5a9423347bb26134e96858b0c19ff8d7,4bc97d427fab60b42f52497bd1eacdc7944dc1e1de32723269e90e41d0939c63,c1647bc421d0702e87b600e3f38f08f1e0f877df09467fd6db167b9748357c13
2025-11-19,2025-11-18,retrospective_reconstruction,settled,-9098.92,-8955.32,917062.056,-23299.505,359.0,317.0,0.883008,0.0,dc41098aeba74816b4bff1ea203508868775e4e8d34f5c00a6e2d5a1b90ee5ab,7b48f91c3ef034c8d0825bf871f8acd4936c3aa78e1974bdacf8744b3fe6b57a,005b6958336d246fd202d08435f593482105d040329f38aab8ea414b360670eb
2025-11-20,2025-11-19,retrospective_reconstruction,settled,6298.5775,6422.9775,923360.6335,-17000.9275,311.0,283.0,0.909968,0.0,7aca819a4640172ccf48729e11b6ea5e967abe7cebc2ee38f70c3c16078e6d55,575f1571dda20d23c16451012c1ee45e786cfd6ef5470b707764d89f83337283,b3b7fc4c2a617b785d4e8704b7bfe21dc4d94d89ce932152fd49f7d5f9c2fcdf
2025-11-21,2025-11-20,retrospective_reconstruction,settled,3251.7275,3420.5275,926612.361,-13749.2,422.0,404.0,0.957346,0.0,47be3b904510e6c75bbb1cb934d97dea82b3b0d60887a251f8b1bbe456d309dc,cf8daf72f8bea0c37f5e84789ab1d67576ed678c5000ce3295da7a17d6c3f3f9,28fb3d25c4333750e4b536cec6b31e95279a5da0a21ccf0c7fa37c0596f473e3
2025-11-22,2025-11-21,retrospective_reconstruction,settled,1129.6725,1162.0725,927742.0335,-12619.5275,81.0,72.0,0.888889,0.0,90bed31af5f25e7e3730528188f02494b9573c5c4fbbed6d4158c03fecf96d08,ca89a216dbbf12513f19d3145d14a150b20b71a66266ea00b9439e17803197b2,9a2a80a49397d3f04fe768883998c245bcb3e1569824c22489b2c1948fa32934
2025-11-23,2025-11-22,retrospective_reconstruction,settled,1082.585,1266.585,928824.6185,-11536.9425,460.0,409.0,0.88913,0.0,c87664f52de9b723f6e752fe80dfd0c21fc8624c7c4ba0b4d792eb60be7ab16e,f1567f34df0b47d77344b4a708b1092169527255f7d3f3c6f7939322a780c0bd,bade1e739cc789e96bb294bdc650be24aac1efe82bb1e6632dba7d3f731e236c
2025-11-24,2025-11-23,retrospective_reconstruction,settled,2258.66,2444.26,931083.2785,-9278.2825,464.0,398.0,0.857759,0.0,a461908af693361837ac16a1586a3e9b8cc55724f047d7dcaa8b8a150993fa11,a71d10118bde680a95d45ecdec849bbeb8a735d64634b7625e709b93aff90e46,1ee597255a80c26f9553376949269355140b2afb6f9f6c26e3c24d6f47ce06a7
2025-11-25,2025-11-24,retrospective_reconstruction,settled,-47.5275,144.8725,931035.751,-9325.81,481.0,306.0,0.636175,0.0,e4b524a26623d403c294623ff93cea39d8bed9f88344636eb87f9d53073303fe,79d0a2404b32efd15b7121ef965bd29a4bd557dff3c418dc614c5405690dfe15,7ab9123bb3f1e3c83595690c43b93049d326904930fc74a96f32cac2d60f0a6c
2025-11-26,2025-11-25,retrospective_reconstruction,settled,-11.4375,168.1625,931024.3135,-9337.2475,449.0,370.0,0.824053,0.0,bc6be4f862674eb12c0d8b8711a0e0bfca589a3e43d47d12cfd61cd9294c765f,fd6d61a9923689f1f64e0c2821cce92fabe025a60186bdd6dfaa7e225b44e737,b918517d0446315aaffc5caab78a8bd6cb75ffd5ffdf3c2f37720ea1bdf89b34
2025-11-27,2025-11-26,retrospective_reconstruction,settled,1939.6875,2132.8875,932964.001,-7397.56,483.0,386.0,0.799172,0.0,bf261a6ec08d7fff5aa658b52a33657fd8c2d43d2b59e4074bd7e0c0953e5909,2e990e3edbd31be62cbdf6928bc92c34a90826439b2e09de93db17671bd84141,03442cd0ba0ace09f2a2b5b5b0bd730bf1c7832a4dc1b09b117c59eb906c57fa
2025-11-28,2025-11-27,retrospective_reconstruction,settled,750.135,947.735,933714.136,-6647.425,494.0,381.0,0.771255,0.0,756b6435ed5e18e4ffa0bd2460ae9f44c33d168f104fa874c5ecec8a19ad119d,7121d2f3ded3af03e52ef03fd2c6547649e3fdbf5f74aa89da81335d937c040c,5f6caef9c3ce9a89dd426adef27c1beb228a53fb7109c8d6e867d83b109a620a
2025-11-29,2025-11-28,retrospective_reconstruction,settled,-319.875,-119.075,933394.261,-6967.3,502.0,313.0,0.623506,0.0,95ec1d58173817dd93437c545a9f6917ae4302e7d196f77d279bb6221f0f0088,acaceca8e3b58926266e0e2398fb19e33cbe3e732f0c9b3d4267796c3163ce04,2d8bdf475020595ca8cae16b918d0b1313d78df6cddd39a0dd4692d4668a9c65
2025-11-30,2025-11-29,retrospective_reconstruction,settled,2101.89,2136.29,935496.151,-4865.41,86.0,62.0,0.72093,0.0,00fafe036d918d8b62bc69a15ec1cdfefd7231e62d0fc409edf1be49d56947b4,a168312a13c0429f1ccdd734a6aec98c14dd20924a380307eaefb25755f248d6,23bbe9c72286c2c3568ff309f734417dc390a9c6b34d166ebd8b9dc3fd928d8d
2025-12-01,2025-11-30,retrospective_reconstruction,settled,4925.695,4958.095,940421.846,0.0,81.0,41.0,0.506173,0.0,8ece042ca2c9fe45f2bf28bec3340c7cb04d439beb6b47e4decc75d99534c883,e7ac29ddb423025e32c64d6fb71957a31d378c590bfc6e9bf1dda94dd6d7c9a7,a56435c690f3cd9b8ab6982d259de96ad3b0124da245f335adc294723d89cf40
2025-12-02,2025-12-01,retrospective_reconstruction,settled,-2605.345,-2464.545,937816.501,-2605.345,352.0,221.0,0.627841,0.0,f2b392ebc20e2b746a64d1773156f97859e164b2a9cf437fb4d089e1930819c8,7304bdea009d87d0bdacbe41ed1041e4805f918780c1c7e83e44542adbc11243,c4227eac86579546c996e4aad7aec5733ae8477c0585b89c7f013754491fc458
2025-12-03,2025-12-02,retrospective_reconstruction,settled,-173.985,-141.585,937642.516,-2779.33,81.0,57.0,0.703704,0.0,8a484f2ca0e0d078c641fb44af1d36b43e177407ee20b0fedae367c5c51d1e6f,99f2190673cb1b9f03178b455dd2d0cd84d150bffb88c9064b66bfde559ca2b2,4ac3838bb247933bd0772d65c49af0e39c96516eb3d6355511a2577c8f0b646e
2025-12-04,2025-12-03,retrospective_reconstruction,partially_settled,8840.8025,9047.2025,946483.3185,0.0,516.0,440.0,0.852713,14.0,ee1c7307cfee1cd305ac0106bd047adbc86f205a531dac139bc5409fcc56b0e0,218778098408a8709412828e64598e41040cfd4a78a64b8016a50703312f8df6,22afe210c4571dab4b8a16eb8fdc8c30345679ed60b2103a9fca2ddffd97de2c
2025-12-05,2025-12-04,retrospective_reconstruction,settled,5126.39,5272.39,951609.7085,0.0,365.0,249.0,0.682192,0.0,0a9e0665f33a25b4ef2e94920a246baed5a528e707ccc17d2e9f931c96770eb2,217fe85f5ec42c874705999b75e2ceb3551367ea960e471730a0442982a97e4f,4e9871d5ca500b5b40f9b5d366b61295b7db3256ea0c15a64d86e991dacfd7f6
2025-12-06,2025-12-05,retrospective_reconstruction,settled,540.77,571.97,952150.4785,0.0,78.0,57.0,0.730769,0.0,9a8d5f48068d33470934041d89ecfa97d5051512d1dcb8f97b5e6f5468d55b37,abc773de9d6b79508798016d35732250fe3fd68df41f1ed530c5284b6f918c9c,4d5e9ccbf6aad9483d7442bb5b82654c5816af70a2cad2da6f5e2dd7ddbabb0c
2025-12-07,2025-12-06,retrospective_reconstruction,settled,2761.02,2958.22,954911.4985,0.0,493.0,434.0,0.880325,0.0,be9ee02ae85936014656c0cf736fbe4f14ed9ab8e7a375f4371e382141c323fe,c8037af147995255cae33de1b66dfd291853a011fd7fc8bc78e185791f8268dc,4568e77323d931ab5d917b4945057b513c18bc5c757e8191cf2d553a8dd4c6e8
2025-12-08,2025-12-07,retrospective_reconstruction,settled,4720.585,4930.985,959632.0835,0.0,526.0,404.0,0.768061,0.0,fcd27e3526da8f842b7d54c5df2f92a877315ee37924e9d6b6054dd34ebefd64,e4bb6195c933b074c1c9692c236831854dfa1daa445c47ed8910cb78640a5ffe,b78abb05bc255b2593da38e8b20f33457bc7c348bdc6d8182153779a1e2fb441
2025-12-09,2025-12-08,retrospective_reconstruction,settled,1064.0775,1276.0775,960696.161,0.0,530.0,440.0,0.830189,0.0,934ddf62e549041c3c015be7f6e7cbb7651b4287a9a853fd29902fa0db76d905,3fcc6e3bc342bbea1f83f081456f4266878f6c683b1e47cbfc0092b3ff7cc407,783d0a002e146e8c8c9a20883e582d66933ae74de0705e44d7531d6a6a2abc57
2025-12-10,2025-12-09,retrospective_reconstruction,settled,4403.5475,4615.5475,965099.7085,0.0,530.0,426.0,0.803774,0.0,38050957365f2c7b4a00821363b0ead80b81fdfd5c17ce4820b50ed3e0842c81,269fe99b3f3ef3a706cf025a7121fd403dedefbff1db566ff6d9a6c9d190c8bd,a92f25bcee5b01d7db92f65811ef4bb448801783047bc046d673dce61bff9649
2025-12-11,2025-12-10,retrospective_reconstruction,settled,1356.2175,1571.8175,966455.926,0.0,539.0,427.0,0.792208,0.0,cef50e604c6f94c0dcc18c8e2ec62220d7d1c64a4866b3cd4c9be75c3c289e5a,f1ea933567279105ca047ee99ab5e1f5c397ff9c3030df51caf071a157e461d9,c73abb469d00b52c4093e4fe505574f2dab78003fe78e5d49ffa9a83741a7085
2025-12-12,2025-12-11,retrospective_reconstruction,settled,2437.4,2653.0,968893.326,0.0,539.0,457.0,0.847866,0.0,25b6e8d4b0ebfbc6ddae59e46eac01273e82c257bc93ade73a6da121444ce7ec,a10264d066317a5a2f74357117b9504c988dfcc5db57a3e824064fd8f723ffda,2f9671c606f3dcc91f9052a2be9e4b973801ba9681c43b858d5d36c4d973bb02
2025-12-13,2025-12-12,retrospective_reconstruction,settled,5047.225,5264.025,973940.551,0.0,542.0,399.0,0.736162,0.0,436d71f28e563ce7e5910deb3f44d155a6f4067508ac5cab3cc000609922a99f,5de65a66fefcec3e519a2590af640c19c2d69ef6f5c63f3bc0cc59676e41c63c,8eaf37d9af2b5ad6facd8814fac77374bdad2e4c1bb4f743f094220e6f6aec84
2025-12-14,2025-12-13,retrospective_reconstruction,settled,-11352.58,-11154.58,962587.971,-11352.58,495.0,446.0,0.90101,0.0,0b596c825bd8f879be53a841cf273335abe15ff8d553d08b44ce47859fdce119,aeca0e3fb13498ba183295d7e8a58de14e24f45321d0eb2c9bde5fc629eb7cab,62f069a04d68c317abc75e7474ef5a6c9ad23f1f213195f729ce7230767209b7
2025-12-15,2025-12-14,retrospective_reconstruction,settled,-2052.275,-2015.075,960535.696,-13404.855,93.0,71.0,0.763441,0.0,10c1d3a05933b0b5dee4aa8b2f338dc6975711ac7c51d4b0bfd5c51f955dc852,ec43f3e0f76343ed8738a5780c1606377c95f764f5a553210965741bdea38482,e29ec0c752dc283dd3d9a1865e9d700c43572d970ba6af40cba14d008e6dc0e6
2025-12-16,2025-12-15,retrospective_reconstruction,settled,-266.3125,-231.1125,960269.3835,-13671.1675,88.0,72.0,0.818182,0.0,8128d72094eb0685dd1d5ef0b38306901c7f75710e4d2baa27e5bb23790cec1e,bc406d48bc59a8a2104377d7a9deda7c0805689934aeffbaea0578e667c353ca,43746b072aaf5425d3a710445bfa093d987cf4093696ecb7f69251c02c6d4d46
2025-12-17,2025-12-16,retrospective_reconstruction,settled,5969.5625,6184.7625,966238.946,-7701.605,538.0,370.0,0.687732,0.0,d72cad592b1c7a4670df4697abcaf4a8c24632ec4f66b1756653a3f328550b80,1e05755db05bb7b29dc4d0d2d690506754a15595f772a30ce75f52142369d34b,21bfe7385ab1160348c48862c0f2db3a3719848132c632c083405dfca4f4c701
2025-12-18,2025-12-17,retrospective_reconstruction,settled,2010.54,2196.54,968249.486,-5691.065,465.0,331.0,0.711828,0.0,ec9e5deb65a3e055bf5ed78af0625fc52368d4b24e082942fd6c79b71dd9399c,933ae2a8bc99f2d0b2888c231f0da187f39096b52819348e806bded36a3a6149,013af718983ff1f7afc431e6d3be4152abb580b51e3b67a480497858df65ff97
2025-12-19,2025-12-18,retrospective_reconstruction,settled,1618.73,1832.73,969868.216,-4072.335,535.0,345.0,0.64486,0.0,a76a877716b5696f00c97317918b976392330e1bfba5766c0e8eaaa0b688582c,3ee7f73e2fedbdb98cf153037db25aae9ff5ac8938dff70007e0c436a45cbf19,9c0ba2f63e0567d27115f1e1daf6e727b5e9071c3c59396dbe6be14df281ac98
2025-12-20,2025-12-19,retrospective_reconstruction,settled,823.515,1041.515,970691.731,-3248.82,545.0,448.0,0.822018,0.0,95f767613c389e866fd3944af3da7355855b2036d946348fc845be0e0d70a4b1,70a00395d398b18af21b8867c1fcbedeccc64319bb9e9f83996bd68f896cff93,f2c4d277c8a9ffcde2949b8c2f48e303c7b0b5b843e789c23512f3a3e8bc7d48
2025-12-21,2025-12-20,retrospective_reconstruction,settled,-8007.3,-7788.1,962684.431,-11256.12,548.0,423.0,0.771898,0.0,d14db7d3dec7a811eea76f90f49369cea15691a2f7f1875168cc2e60a496a046,8fe2e6e854efb692234406473ebd863ca6863ba1b59a525a889333576259ac6a,9703c47e28b8a10a4ec7d72061b13398ebd7901801c2214366d4006d1a5ee84a
2025-12-22,2025-12-21,retrospective_reconstruction,settled,2919.115,3141.915,965603.546,-8337.005,557.0,384.0,0.689408,0.0,8afb87645dfbbaa5e4904cb5fa3f591f66364059e0a9d6d0ac5c08d7a2936eda,e86955da884809b6610d46e45130633c91707287a7ae2351575fcfa48486cda3,2839e8cefbcdaf8de4f69e317b69b52013f49746403f350dfbded08d5cc88ffe
2025-12-23,2025-12-22,retrospective_reconstruction,settled,1348.3225,1570.7225,966951.8685,-6988.6825,556.0,405.0,0.728417,0.0,f9304a04ce9b28992df0d1a94a67465eba8203e85d8a4fcf3d38f08addd5c146,f66d5df3534dd18d887f4142376f1e61e0a92b7d8770c74929f0d89f2a12609c,d67ce297301b8e3bbda075ab47a560cd8693e310a47ce00ceebf6eda05ad6823
2025-12-24,2025-12-23,retrospective_reconstruction,settled,1758.1125,1982.9125,968709.981,-5230.57,562.0,407.0,0.724199,0.0,7705b988b581c7b55e146ce680b8e00f4b2af544e07151c09a1b80fdf74ecb86,a1b83ca54aa8a1b31d8ad1f004dabb471ae65a05e4b7e13c0004ecb518045a29,720000794c5b9c107dbfb12fa64eac87eda1b972ee898f04351767758adccbc5
2025-12-25,2025-12-24,retrospective_reconstruction,settled,2496.0,2721.6,971205.981,-2734.57,564.0,417.0,0.739362,0.0,8e67090f38487c85774b242082c5f863e862ca3dcbdd05306272acb35b6512aa,1dab290f4d15ba4be3720a947239798c3617915ea95c4c0e5fe2eac1b54158b5,49d77fb9cedb49d32fe968b7ccc753f8ab3b8c4550073e36fbf2ee6987d86b1a
2025-12-26,2025-12-25,retrospective_reconstruction,settled,-4139.445,-3913.045,967066.536,-6874.015,566.0,490.0,0.865724,0.0,7c16c06aeebae1b10010992ae911a292d5680724ae1fa1d8f7f5c37f78f16833,72d9012d9607b87638259f25e0a0a8e6fac6dc644927a12ae1824594020b359a,881ed80980c0ecde8406544933e2638aa9793ceeda9ecea01fdee19310cb0c6f
2025-12-27,2025-12-26,retrospective_reconstruction,settled,1462.495,1691.295,968529.031,-5411.52,572.0,450.0,0.786713,0.0,bae8b643da7dd88b09d86ac7c9a3fe9cdc5cccec17733de2232cc50de5f91ce4,03040006d7d476b85c88f5c69f3bd7284fcff154e3cd5499d3f663b5790cc5d3,4b8586cf2fcde4b71922d25dd259844e976320f88bb1b57487e8b328bdb3ebef
2025-12-28,2025-12-27,retrospective_reconstruction,settled,-234.615,-5.815,968294.416,-5646.135,572.0,378.0,0.660839,0.0,f3684e2455739e2a0a20105d5da57de5bc1230c549ff322bd02e07553b718098,e73e32bfa9a676c0a6be7e555ed76c65a432f11cd6a2fe2f918459bc9542e1be,f0f4985bf1469d1bf2d61a8caafdd2c0cab40d53058782e220d0799414965d08
2025-12-29,2025-12-28,retrospective_reconstruction,settled,254.6375,293.0375,968549.0535,-5391.4975,96.0,68.0,0.708333,0.0,0c93888adc23afb5c818d6d70ae0eb21bd5a03df7a9191974497c2a73f3bb925,52c8f6603cd2d0178d60dc7f7242268690fea1dc2a6d10e2fb5bc5f36bc62d91,c97039b4d7ccf8f6566f0b4d0644750f416f106d3e76a255d9516f23999b118f
2025-12-30,2025-12-29,retrospective_reconstruction,settled,8412.8125,8652.4125,976961.866,0.0,599.0,497.0,0.829716,0.0,66b7ee0452b1b40c1d808f843f01e0f73215b3f7d92edeafcbf507a4f0e9b917,fe818b030922c3089019400492ecd6f4826f1ee65faa18d8189ccb1c3ded0aeb,1fad1b884be58926089094281bbc14762df2f62ac494dd07726dcc25f60457e9
2025-12-31,2025-12-30,retrospective_reconstruction,settled,-721.2725,-485.2725,976240.5935,-721.2725,590.0,488.0,0.827119,0.0,ca0736c1e3b1e55e748eb2ff20729273c253592b354a4e88a5e2e08f1aa88cc9,ede13ef7a647a11b6f32d1dd93f7c419a8c5a9e6c68d7cc76b617c6b1dc9be51,37cce0e34e6ff0976443826849d6b0a952047b99d55a39e77d51df7a09e47d4c
2026-01-01,2025-12-31,retrospective_reconstruction,settled,956.4925,1196.0925,977197.086,0.0,599.0,475.0,0.792988,0.0,a57fddbb6a2aefe14bdcf4f9fd53a2f6b8c888ddadfe5b48c9b3dc5717c3990f,8e1aebdffe6521cd2b479bbf39f15ded922405e12045d20a753aba93a36e6647,6eb14a490f6eb93e9182bbdbd1dc63443b23cd746f0c63bd69bb557e6bdb0c2f
2026-01-02,2026-01-01,retrospective_reconstruction,settled,1158.5625,1399.3625,978355.6485,0.0,602.0,460.0,0.76412,0.0,a8a562fc2ee151cd482e1a7c1165344f86e4583c4f65573d3c6fcb34ab1667cb,705f04e23b15b72e8d77cba7125d752f79e25633c34645bf89fa6dfd73036410,85e8adc973664d75524e75af51fd092d5ab59ca5a253e8a661710ebd37bddcb4
2026-01-03,2026-01-02,retrospective_reconstruction,settled,1121.1325,1362.7325,979476.781,0.0,604.0,473.0,0.783113,0.0,e17cd9c47f69059665c5f209b7224d400b33eaaa75282a25e73c67533e0f7de2,7ba6e655da31c50efeb301abfc20b82fcf67d722b74be1999d32a50c1cedc9b7,6477f46f1a99a1372368ab57b72b35368f057864c0b4e44fc4411fb08f735932
2026-01-04,2026-01-03,retrospective_reconstruction,settled,972.4325,1216.0325,980449.2135,0.0,609.0,479.0,0.786535,0.0,c44f72cbf28dba4fced215094922e6f6d13bed4aa6371cb3283179b0676c7a0d,80250728ee7d9c7a5e990a75c126798c4954955adecd2474f33e11d5f2965ab4,6d6d734a09eeed28e46d0ac4f54b82c432b927873e27c4cd58b3195c71654e02
2026-01-05,2026-01-04,retrospective_reconstruction,settled,-8611.175,-8364.375,971838.0385,-8611.175,617.0,463.0,0.750405,0.0,e9d8bad308dbc56e4358a8c8917a991bba7ee0ad9d62383f1f44a06647c16cf7,36c305f527a538714138aaa8fd1967a4debd1f06f91bee56b67885a2e9f112d3,b3770e5026512aaaeede14bfe4ccbd9823a0020806e6f3a8cbe656b188432356
2026-01-06,2026-01-05,retrospective_reconstruction,settled,-6382.335,-6133.135,965455.7035,-14993.51,623.0,483.0,0.775281,0.0,13ad2ac334bdef0c2637d38953d9b2d87780e9d16762e62818b02c18a510cb43,f3ec640e61b08af2a0181c1cd78a0980e34225940d9a08463c84e8c01dfe8219,d31678f301ad09f7342946be4ad35c9bc0c681e4df6ffe4eca6776fca7efc667
2026-01-07,2026-01-06,retrospective_reconstruction,settled,-2413.055,-2168.655,963042.6485,-17406.565,611.0,562.0,0.919804,0.0,557992c43b1fafd61999afe32f050a2a17398fbe4c2dffdb6b5c597f761e0af9,d1663a83c39b167a067cf4aa1d8e3496f23263a2d24b93454770b42e96328d22,05de0ace9aee754d2312f07fa9704c8effd718e150696b7e2401fc01f9d038bb
2026-01-08,2026-01-07,retrospective_reconstruction,partially_settled,470.9,716.5,963513.5485,-16935.665,614.0,450.0,0.732899,33.0,cc4855347baf4c39697c4b882b37dc8028ffc199c9d19da4eb63b692f5258a35,815d9d4f8a6212009b9143040a2392c09472c115fd1b96c49a6805f81d2344c9,7ccdfa52f635157b803668a9d506930112e49a3e9477dde6977c6220b78c66e3
2026-01-09,2026-01-08,retrospective_reconstruction,settled,5115.475,5363.875,968629.0235,-11820.19,621.0,549.0,0.884058,0.0,c3e9dd53b98296a89564f86e4d82bfa635131dd19d6a13f8e36cab36124f389e,632625fe76ee5884269e9e9384769af24a15c1cb6ad40be466826e186f9dd43c,e268437593e222385c4c8e60b6e6022282cbb6d30a37da289a2a789fbd6c6041
2026-01-10,2026-01-09,retrospective_reconstruction,settled,2610.075,2859.675,971239.0985,-9210.115,624.0,490.0,0.785256,0.0,b7d6a9c8bcc8dbad965d09d2f64099608bc2aaadde868f1d864db535740ec396,475626530a6821adfc43b6072c3ee0ac5a5078feceb9889349233fdd40a2cacd,45cbdabd4f6e1ea64bf5424905c134d4c9608b167067322c0f82005ae7a88990
2026-01-11,2026-01-10,retrospective_reconstruction,settled,-11499.53,-11249.53,959739.5685,-20709.645,625.0,523.0,0.8368,0.0,daeed4f1f186ce41166ca0dded121a3e4e48ced6f81b20a6976219b28eb15ed3,6a00879b05cd2d5501fef85d535aaa7f6bb46800f144e002c9f3eae047dbec93,dd35eab3257fbcc00f2ac9d3d59c6b73c30eca05ac3a1a99ae6d3959988d5462
2026-01-12,2026-01-11,retrospective_reconstruction,settled,5576.98,5829.38,965316.5485,-15132.665,631.0,548.0,0.868463,0.0,4f8cab449bc4fa18cba48e6f79eb6e223d83aacb2ed9fc21addc1baab00297b2,70dc9038615baa9c7d7f6f5570e87b18ac772ba8690a1ed1f4d927d030c11dc7,45c2677e53fa44fa6e67163e294133ec78bbd51a12225dbbb6ceacd065abaf95
2026-01-13,2026-01-12,retrospective_reconstruction,settled,-613.81,-369.41,964702.7385,-15746.475,611.0,535.0,0.875614,0.0,21a12cf35e32325b0c2845dc73288bc7952ac18fadd8a40bc71888272e725fc6,e625772047cd08714c2ac34c76ed13c55f9d9fceebf3cd77128f1e063dafa383,02c7603646dc997660a0c43348fd5f3e9c8c780df8110a307e1095cb07b62e53
2026-01-14,2026-01-13,retrospective_reconstruction,settled,-4368.685,-4123.485,960334.0535,-20115.16,613.0,450.0,0.734095,0.0,86e50f05714d03e5163beecc9eb236489092b79ffb83d87a2f764d140beb3285,20400f4d54e2441d01321df54a744af100b2996db88d14d1df6926869664769a,0a6a51d3807f0442a84fd91ccb1595f077ec1bb07a09928e334e3d3be5e58337
2026-01-15,2026-01-14,retrospective_reconstruction,settled,10531.1025,10776.3025,970865.156,-9584.0575,613.0,489.0,0.797716,0.0,3318e805a1d3fb7d77b0d8cd12f83c981379d489ebae65ad917c7dc4be5a3d83,689b8f3513ba85d38bfc70870d249b118bbcf060d69d96fc9dc6968e254d04b2,40d0cd26633603bd153f1e46ad465d2d3514ebd66c238cc8424c8ba6992ba1b6
2026-01-16,2026-01-15,retrospective_reconstruction,settled,3287.1125,3528.7125,974152.2685,-6296.945,604.0,420.0,0.695364,0.0,8c7d0e8cf9f4116b74bfd7792633ab959954c4f22ecb8d6643cc55d67802b81e,3c4ce44d5b3fbdac42ff7bea5e83e80d92118c7b49a8a4850c2c758cd23cbd3d,328cb5505c2d263a519fc99bb60ca6347319a0cb1723233e7e087a6495f15233
2026-01-17,2026-01-16,retrospective_reconstruction,settled,5034.5475,5273.3475,979186.816,-1262.3975,597.0,460.0,0.770519,0.0,64274b0d5233e05a62a819b4919c49dd4dfa492a347d68b2af868adb4249a49f,9caec2fc562c4b294592e6c4ba389780c348eb343d01d6ba9373358486ecd364,33502e5e4eff607e320a8f01b379a0d8ea318595b0114db090b9b35f2a4cfeaf
2026-01-18,2026-01-17,retrospective_reconstruction,settled,4841.05,5077.85,984027.866,0.0,592.0,439.0,0.741554,0.0,14dd6f0838e05cd597380450db02b97f9199a097ebd43c701df01fe19a295306,d574364fa70d685a10c43f218e3facdd4ec971fd843ff94743b1322da103ed0e,ee06cc2e8670e8afd3e0cd07f59dbb85152ea8ec2929f7f25381e0f488af7ad0
2026-01-19,2026-01-18,retrospective_reconstruction,settled,3537.4125,3776.6125,987565.2785,0.0,598.0,516.0,0.862876,0.0,c13a591dd8b4c04c558e5f574c563a2b37aea456ad5fb1f0c35da1057c4ac32d,6e5aaf5220ae66f30f878fcbd5e9d6dd7bea99e2d44feb765a16c4ab37ddf399,e26b57b89606e1d23f21f08b7d52da61ef781b9e0b1dc8acd017885aa5f505a5
2026-01-20,2026-01-19,retrospective_reconstruction,settled,7408.1875,7647.3875,994973.466,0.0,598.0,471.0,0.787625,0.0,61489c82f3734cf0c5c7684158cfa6288ce83d56e4505b5d77bb26c9d20445f2,71f73afc3edaaf5b103a2a725451cf1893d478f866a9c3c6cbc8839da07061f9,bca8abbcbdacb2c74330acbd664ecb952b4a135a872ed6b37bc2229408d8f188
2026-01-21,2026-01-20,retrospective_reconstruction,settled,-38.3325,4.0675,994935.1335,-38.3325,106.0,83.0,0.783019,0.0,dab7e6f49c6831c4f486fa0e93792834141e944f4d3306d2bc1e3a85d234821e,b83ffc28ed2848cb8008572d326f3ec0c0bf1bc147e3c36b96e451b193200785,dc66063df01256101f957559b61cc5d372197a2360851b556816e6618f006ff7
2026-01-22,2026-01-21,retrospective_reconstruction,settled,-140.8175,95.5825,994794.316,-179.15,591.0,498.0,0.84264,0.0,7defc575ad8aec4a474e27ed82f619907e92940170e48a68ebebccefecff4f62,d9b09055b2f7d11e52ff8f705b09d9ad2642be626ce0d8f6bed2037cd9f45dc3,034a5439d16cf347557adb67e79694da2cac7c0b808abc26a7208d3ebf4a1ccf
2026-01-23,2026-01-22,retrospective_reconstruction,settled,4515.5475,4756.7475,999309.8635,0.0,603.0,536.0,0.888889,0.0,b3d39618f50297b3652cdc257c2841b9500ab63ef19d116cd715b7801ef2184d,b891e5dd5c6bc36b90e61f41cb7ad03361fd029871bd311f58cf5c995171b8ec,1ec107e992745e1527f6ac7cd8b9bf430bec9f3da8a1fe9a6cdd1eeb48921283
2026-01-24,2026-01-23,retrospective_reconstruction,settled,13053.265,13095.665,1012363.1285,0.0,106.0,76.0,0.716981,0.0,555d2dc7287aeeaafc1628b58a95f7dfbd88063a7a34cadb362763948b18aefb,87ad9b2587c59eba93aba75dba1ac21079cb8f5c3b88cfb18b466a6345f15c27,67bf36c9df5e1b3cb200b3b9bfb00c08724aac8cf266f5b3f9fb340a2aedf79c
2026-01-25,2026-01-24,retrospective_reconstruction,settled,2965.325,2996.125,1015328.4535,0.0,77.0,46.0,0.597403,0.0,bfe6e471fa0228424e5c2ec23bcf3af2998d32cfb4e83b36279ecbc9269f5ce3,33c539deb8e3ad9fc9364df102bd374f398e99f43d48063f56eb379fe70c4b1c,5821739374929d87084e4a366d5e560e613010c688d822f24ae8e0c6aea83f8a
2026-01-26,2026-01-25,retrospective_reconstruction,settled,20822.3875,20849.9875,1036150.841,0.0,69.0,60.0,0.869565,0.0,c1ef5b2b3ce055129e4972930858d9473beaf3078c62fb4f656adf5a22c93b22,c475f1c607e8b80579ffcb3bf7b637bfad19405a8d45b17b047ecdc7a7cd4876,2ed64a5636b10105cc16c861cc71d0047141e1010a9ff0949c9ea58d4618b05d
2026-01-27,2026-01-26,retrospective_reconstruction,settled,3551.98,3579.98,1039702.821,0.0,70.0,48.0,0.685714,0.0,b2212045685928665fa47cbe5c17cf1624f290ff121a1c9245199e46c0ad20a3,4dcbc13a1a5c56d4147f5d7be5540ebee9323c6d198ee56eddcfb95a4c888230,bbd2485c9dd2ad48021fe8314f74bde317f7e77e175cfb9b5ce6bbb22d2749f2
2026-01-28,2026-01-27,retrospective_reconstruction,settled,2093.4375,2118.2375,1041796.2585,0.0,62.0,55.0,0.887097,0.0,f425e9f037d8b00bb7c4b5ada38ac7b5ce1fc75dc54fdc3f91706ee5704bcb37,41da1cbd42cd23c4cbc9d1f4c551c2975d9cacdcc055be9b09bd6bfe792b1847,2f3b5f875d2301c48a810b388b3ebf4555e98c03411b57d40abb675540885ac2
2026-01-29,2026-01-28,retrospective_reconstruction,settled,345.915,375.115,1042142.1735,0.0,73.0,66.0,0.90411,0.0,175eda8a3533e21e6243c539e1c3fa4076afe5a6b9e3b70a0a058d942685b8e5,9a68cb0a194b202140f332f055e7317c8c38b991d95e5e9c33a484cbf7e5fae2,2c34698effd9db7735fdf4dfbc5f91ecae70f8da8e8ecd0bbd05e3030b165e30
2026-01-30,2026-01-29,retrospective_reconstruction,settled,2432.725,2612.725,1044574.8985,0.0,450.0,351.0,0.78,0.0,cb48db2f1ed2c6cbe3a0fac1ede4b041c5fcb2317d1204c69531924c969ebf34,30801a42e0cc5c3eda3288527327ffffafe0904dfc1df0063872e4ef7fc4fc5d,385e81bc63472bce09a8a46c88f484468d8608015dbe4ab24a6811e4685d07ea
2026-01-31,2026-01-30,retrospective_reconstruction,settled,439.3975,470.9975,1045014.296,0.0,79.0,56.0,0.708861,0.0,908f59acbb97c184cf9259e3ab2945421090d67cbdb89f6caf2e85289d51330b,d81a150a065510d877a08673c30d8fe062ffa974e6434577aea48462eb444a1a,c8643508e891e2546df44d20a200c0a0e01e16b3906d3141de39b1fcdbf64929
2026-02-01,2026-01-31,retrospective_reconstruction,settled,2917.185,3102.785,1047931.481,0.0,464.0,357.0,0.769397,0.0,e71fe426bb4d285738fca27e8c460333cbd0131f5d2be3a9fe8b67409a4820f5,9f78ceedfc60f2d41874b2d50cb2a1d5f3242fefbb82280a43f3fc08c4dcde99,bb231280cbffb094fc2ae66650fe5643a9fc31baaf0c5b2606a9d8e2851b62d7
2026-02-02,2026-02-01,retrospective_reconstruction,settled,-87.3775,-54.9775,1047844.1035,-87.3775,81.0,62.0,0.765432,0.0,0c17eecfaab77e27eebccde8c9e02061d605aad12cf77117e2bd6a016376355e,69901c81f10eb8871aeb872b7d07de1e7ab116cf2b32c38033ebe1cc10727fa2,4221411f2a0d5d5c8932a85a763ddff5b19804b87a34eb8b6e96e230186cf130
2026-02-03,2026-02-02,retrospective_reconstruction,settled,-471.1825,-438.7825,1047372.921,-558.56,81.0,65.0,0.802469,0.0,4d55397ce7de9d9fa4bebe586f7022c74aa48a68d91f157caf675f78e7b50384,829ce8767ec2b3c0988ca270f173bc7b54dfe9f82e6a2269f8798866466e8871,ae48289ed3148192c11b8dad4d640686ca3ed666c9d31b3abfbbeb0dbd1d77a1
2026-02-04,2026-02-03,retrospective_reconstruction,settled,1016.265,1050.265,1048389.186,0.0,85.0,70.0,0.823529,0.0,a0bd7113a32e9603f1a1a7a11a5b15895bf6956f7a8939bd2010e7a29c05af8e,814411bf7eb9befa2b78157cfd4ed91b1d8e48cf117ef7c6cbeefb56d797bb7c,9284dd3d26e0b5c77d605f1d2eb5ed97e6c0beb7bf65c95c889149bdfdc90f87
2026-02-05,2026-02-04,retrospective_reconstruction,settled,-854.8175,-656.4175,1047534.3685,-854.8175,496.0,436.0,0.879032,0.0,5756289533879a22be2c12f65fdefe2067dc3ae10e30070a980f768fa3af7094,30a27f8770c852a25165a8aaa7c10b403a0c6a230e6eb8f1f0e6133f851336db,d1e39efcf9bf5e63acdab6b40da7e7157a9ea63ab0678b9a4c3e55363ec4deb7
2026-02-06,2026-02-05,retrospective_reconstruction,settled,-10796.7,-10598.7,1036737.6685,-11651.5175,495.0,431.0,0.870707,0.0,56a9dfd462505f28b0b57c67235d6b20c584ae2264b223842106d6576fdbf502,6d55b73e54af40483c10287dd55fd22e0a38e31ad030532cf39df5aa411d148f,c2bf8994681812c5d1d8ad56cb8e1d54be0fa490c62439919b3507fa9e47a554
2026-02-07,2026-02-06,retrospective_reconstruction,settled,1646.345,1847.545,1038384.0135,-10005.1725,503.0,465.0,0.924453,0.0,5d4f146c6137ad42df992bcb015bdfaa15eef2d1d273c558421007ba2b9c6126,2452a8949419b1b03ea4420649b318f9cd26bc49e301a73056abd73b1c9e5af2,30788732c0735a6b3975bfbad7dead87cf28ee9902da58a55e8f7184813adc1d
2026-02-08,2026-02-07,retrospective_reconstruction,settled,1164.4,1362.4,1039548.4135,-8840.7725,495.0,391.0,0.789899,0.0,9297de47fc37fb86a2da306aca5ee249db54969b677d4ebf6e4fb25a5dad00f0,2ac5100ef2d191bab447de80be655960a34c9dc6d3495f3bf948d44ec434f08e,4b0e88c16f48148e4faa7c47d5b8e8db97f8a1a39bc58c9e9db43844bcf6d422
2026-02-09,2026-02-08,retrospective_reconstruction,settled,-690.175,-488.575,1038858.2385,-9530.9475,504.0,404.0,0.801587,0.0,a478bfefd0a64cbb827a7e6a9d7f70ee1e4e5ef2d4c56caf7398c593417fd7fa,e939a48d679e5408f1e792adfd709410c7cc0fe9a59f414c92474cf9f6420e64,2f62dea2e449dbbc50d29902bd361f9bef30db0fa2f2eb5dbf19c45f68e5829e
2026-02-10,2026-02-09,retrospective_reconstruction,settled,-2297.0775,-2092.2775,1036561.161,-11828.025,512.0,393.0,0.767578,0.0,3cc85f61eceea6e89719f655e274ccc66d393584c342ecda295f452cf3a3e0c5,828f430a168fe299ca9368e41c320fe03ec8bebf0553c762494b166c1be64b73,7e58182dded66766078c40e9bcea8668bf12288fdab845b492e6580b1efe304c
2026-02-11,2026-02-10,retrospective_reconstruction,settled,759.6675,966.4675,1037320.8285,-11068.3575,517.0,368.0,0.711799,0.0,d579533db038850659026623182655a9de21c98d8257517331024ae7155ef14e,7a45513050167bc864624b35d7ec9015252f684d17ccc66a845ae07adfe313e1,1699bce94d74dfca881165ea131de1c967e7aee6a5c95b9d7c4b190cb1e3f262
2026-02-12,2026-02-11,retrospective_reconstruction,settled,3242.945,3450.145,1040563.7735,-7825.4125,518.0,456.0,0.880309,0.0,e2dead9b1095756475c5ee3e11e8cd1ca11d6013637fcbd23920080cf0e34c34,043831baa7db680cc41947f290f000ce492555f18e174b3b6f6680ff5ef9f51f,ab4960966b9414ab0996ac84965ae954615d3a14c463872af29e59cc6c60f70c
2026-02-13,2026-02-12,retrospective_reconstruction,settled,614.72,825.12,1041178.4935,-7210.6925,526.0,445.0,0.846008,0.0,a46ebd093730add3403c095e1a8101a59e4a0506942208a2f66d41ac375d886b,118a060c7d2e88331da8b36273d93b428c75f071f9577f2436f5842f38f1e2e1,3f34f621276afc958f63e56c050bd91270279f4f78516ea1ea30dc54b3485ce8
2026-02-14,2026-02-13,retrospective_reconstruction,settled,3032.745,3245.945,1044211.2385,-4177.9475,533.0,417.0,0.782364,0.0,f789f1341e488b8ee6cc1b5e1ea378777c20bd5709d30982a92abd956e114a08,0b400d2396dc3165ad109508036493ae22d9cfc19b8389e941890b39a6d423dd,bad10bb6dc081e62c73d3ceab3ef730b4efef1677214e9e0f11e59d5b1bfced2
2026-02-15,2026-02-14,retrospective_reconstruction,settled,4624.7925,4838.7925,1048836.031,0.0,535.0,476.0,0.88972,0.0,feeb002d01b2e842657c6631005fb3dbbb1ab4f5719ea2cc1468de0af6b989be,098e23f89ff5f5c95eb6ae2be0579b1eb789d22f29f50af5863352268fc5c5e0,3b00139386639765b4ba5a8c3c62fc43ca0f3f4fabfeaee71a5c4a6bfbdecdf0
2026-02-16,2026-02-15,retrospective_reconstruction,settled,1299.075,1515.875,1050135.106,0.0,542.0,443.0,0.817343,0.0,2ba47323c952888d6f1844af73c59db45e10df202716f51d623b4cc8d270d9da,4fd66cf24e5ba57af92c659e0f31b7b7555e16645dfda5a979488ceb922699b5,6bc2cb2fb571d1c35d7dc5424376f55850861d95e56e9b8859a2bcb1f4297d0b
2026-02-17,2026-02-16,retrospective_reconstruction,settled,3824.365,4041.965,1053959.471,0.0,544.0,458.0,0.841912,0.0,35f0d0961aebb7822f1c74154930b1435c10118a4834fe8694d52fba8d2cb6da,2c05b8a6e98792df5f8b91b16403a24adcc9bb739aa00fb512fd10daca3a7782,215dc7c7db3615c5898c7750336f8b7b4b9fbf814f5af197cde24dc162a5e7d2
2026-02-18,2026-02-17,retrospective_reconstruction,settled,2451.54,2673.14,1056411.011,0.0,554.0,493.0,0.889892,0.0,add54029d0bb835f7adbd4ccb0d0d35bb072b946b72b6ef4a8259cee6ff54b0c,05c51c84b1e623b8d7a9a01c667d52a9492cb0ce989791e737ad1788f916ca87,ee4af466a65e370d1a81853c7fd053456f80468974d2423064af3a718ff9f0c8
2026-02-19,2026-02-18,retrospective_reconstruction,settled,-1539.25,-1317.25,1054871.761,-1539.25,555.0,476.0,0.857658,0.0,0953b50661583df14b4d33957a04ad893ad3e05446d61e208afbd389cf8480b7,6533126418d2cb2bb3b47a6987554910da844be1e86ab43e4ff2454ca0624d8c,afdc7a811841a1ca61e31a12f6e9d0383170066a1806e6dd7c33c20762e4f2c4
2026-02-20,2026-02-19,retrospective_reconstruction,settled,3891.265,4114.465,1058763.026,0.0,558.0,482.0,0.863799,0.0,89f3ca7a007d7c3af6084f99e6d4829391a36817fed0bff5fb3560cf68bed465,081b191b7effedb8466ae2d750b98389f03fe25d084f0d6c444b6b67baba7913,4ec3a5c4e5b410968720c447841733956b6c6f7bf148be16b915427d3e1ed250
2026-02-21,2026-02-20,retrospective_reconstruction,settled,3191.645,3414.845,1061954.671,0.0,558.0,414.0,0.741935,0.0,f5a446c05092a949fe084a7943cb89745f59f8e30eb5950b4a0de955cb253409,0395a54830ebfc314eae259b1204b9853d86e4197ac05f8563925d5294d1ec4f,ed15ff78d5434e3543e6940826a722e36ddc970526da4d54419fdccd71d6f734
2026-02-22,2026-02-21,retrospective_reconstruction,settled,584.66,622.66,1062539.331,0.0,95.0,72.0,0.757895,0.0,8afe1156d2826b2cd263e7b6919fae6b0e6a247e76119a8bfe69208ee82832ad,443a7bdd6bfad496fc035fba4e462bacd3fb672f62c341308898a24c2bff62fb,0a55a947963861f415aa0ea15844af804f766203f6f827d7fba86e9042beaf99
2026-02-23,2026-02-22,retrospective_reconstruction,settled,369.0075,593.0075,1062908.3385,0.0,560.0,464.0,0.828571,0.0,1c39374fe9e03f0a88cfb2ccb6b03445020d6c7c49ef044542b3d401f12cb1ed,78b55bd2960a29942be54d894778defd5a1915320d8aba80ed7089b3b9c79f64,eff851ab760ec7d1eb454b89760ab505c4028788813d3d236039fbc7d3f73479
2026-02-24,2026-02-23,retrospective_reconstruction,settled,-1244.845,-1016.845,1061663.4935,-1244.845,570.0,461.0,0.808772,0.0,9e3990dce7b1fc6c93ca01e92463d081bffdb9c371daf5859dafe55ddd04f3d8,540cff70108b5ad21847eaa4d15c74b4250298c28e325b9e5555c6670c131f5e,6c299534e6439f7ee4485592f97d22dfb26df220cc119e926a3572e68766f620
2026-02-25,2026-02-24,retrospective_reconstruction,settled,-2623.575,-2394.375,1059039.9185,-3868.42,573.0,434.0,0.757417,0.0,4b8d1eb1c7dc34d2b9987854f5a2655ca12aa12b05a4141ed6e0d95b0848ded9,6c86d2796d2dd70ca2cf1bbb4b128b36fa35a3c95c1f70feaa8485e7acf0d68e,9e89f08483b65b6668ea52f963702c3199cda2d5c39b65e4c4c79221cbda4032
2026-02-26,2026-02-25,retrospective_reconstruction,settled,607.11,843.91,1059647.0285,-3261.31,592.0,505.0,0.853041,0.0,bdadf2ddc682f5d97952926239571ccacc25329ea670df2b8459414367eb2474,633b14f41406cd15f9a4af630b04cb1052dafa2e74cc5d26dee89f04e301a9e1,b1563a4b24c8631c0aabe9d69da2cc0ec09360d07b75a22d89fb31b1b639d774
2026-02-27,2026-02-26,retrospective_reconstruction,settled,-545.795,-308.195,1059101.2335,-3807.105,594.0,513.0,0.863636,0.0,a6be37fe804ca2287dfbc319cb5cb90e5ae4d23e8f7382a1873da26ff63bd10a,38c706780b8febe88b2542f47be974ac31103e486523c0bbaaba166de096b4b8,0bbed2958cccd237cc70c5d0d0a37abccbe28399f2d1692b8ff4b16a8dd3d72e
2026-02-28,2026-02-27,retrospective_reconstruction,settled,894.2225,1133.0225,1059995.456,-2912.8825,597.0,501.0,0.839196,0.0,ac3e26037b35714816163fdf8e3c5bf5fbd7568aeb2637e2ec876915c41e4c16,8e30931037c1b4d0a05e297cc6ef56bbb6681b848aa1b04d37f254043c86b870,6c69a774b8f67eae40969f287ab4358e581ea71a217f9ea0e3f3a538b84ae748
2026-03-01,2026-02-28,retrospective_reconstruction,settled,1077.6525,1318.0525,1061073.1085,-1835.23,601.0,521.0,0.866889,0.0,7665fe733948d7889a0ac2eb15d6040bc4cd50c8413e539c924617ddfd793876,ae19646324a4a9029f29e6c493913867314243eb045e92d0f42f8c233982da6e,a514a8da388ccc2eca60cda1a1dffd03a6d23124a53bc117b8dd394e1f0e1b1f
2026-03-02,2026-03-01,retrospective_reconstruction,settled,1113.3725,1357.7725,1062186.481,-721.8575,611.0,494.0,0.808511,0.0,05a0b490d0036fc9469fef33cce195092d7d74d1d83420e0136501d4ae4b17b8,c195fa028a1a9446061bad7066775ff94c717d9de0e62736facb7734b3fd2b99,31f340959542c40fc547efb4755e592187cab46c589a8ec500d2a79932879687
2026-03-03,2026-03-02,retrospective_reconstruction,settled,-1641.0925,-1394.6925,1060545.3885,-2362.95,616.0,511.0,0.829545,0.0,4fa400f2179c9790619a49b7d461ee98a0601bffa798b0052bb4f092cef06d0a,cc499714ccde2ee9076e868868d55b604b97c2b65fa0e939d9ebed5ce6afde2b,4e3f21a82eeafb4a7044471ad4013003cffde7035aabc7840aa2af1ac34e87ad
2026-03-04,2026-03-03,retrospective_reconstruction,settled,986.3725,1233.1725,1061531.761,-1376.5775,617.0,457.0,0.740681,0.0,13c9987971ee4bd5f423919b224352cd844cde470ec7290d7b1b785ead5de528,b4141cbe5b7fda0b5a6b10fd85eee2f2d44673fb64f5b1c164dc9eabcaacb1a4,b869af2b8e48c9d400f5cac69a3f280f424ef36354bf66f703997d10cf667e41
2026-03-05,2026-03-04,retrospective_reconstruction,settled,2300.7875,2549.5875,1063832.5485,0.0,622.0,481.0,0.773312,0.0,9b93fda38f2212fed74b2480bdbd47b057013f6beb14c49eb8b48715febb7c38,dfbca0d28e30c4c6f91e09716435e33a39b6c28fc4b40d9641626cfd7a23dde2,94e58a4acacae312913aa7b7798296a1a94ba7e046e9849cc0b29770cb2e794e
2026-03-06,2026-03-05,retrospective_reconstruction,settled,2797.3338,3052.7338,1066629.8823,0.0,638.5,481.7,0.754424,0.0,2bf9b011524ef0ad13caefbca6d1550eec4a7ce1e6237c51e71ad48b53081936,b697e82be55c66a9c2cb9d42b22eba7750e24992f14712f5619ab3d7d3b420c2,88ddd4116f39c85e8c0de8e216d7a88e7cf4f484e1620e24b326fd5c79255319
2026-03-07,2026-03-06,retrospective_reconstruction,settled,-1501.1388,-1240.9388,1065128.7435,-1501.1388,650.5,506.1,0.778017,0.0,bca8a0a4d2f65c8a6002dfbb5414f127b247174d0aed63bfb027858f38b71379,b1d5ac50e369b398fad99f0901ea0833313697e93adc74d96edf159aad98bec0,42dd85cf624088679a222d25d2f19b99af2ed07147821f5a57ae37901cf220f1
2026-03-08,2026-03-07,retrospective_reconstruction,settled,-3440.6815,-3181.6815,1061688.062,-4941.8203,647.5,553.8,0.85529,0.0,84b6cb095222154c700173a1e2fc4b8275a53b2afca341df22c9ba04826c18a3,7c8330ecdefe1c20f814e8538240d589d92096b843e7ba41774385e8444374a6,8500d7373b04908d524ad9d84de61f23f11a154a0bb0ca0fa9376fce7a29d325
2026-03-09,2026-03-08,retrospective_reconstruction,settled,-7622.0675,-7361.0675,1054065.9945,-12563.8878,652.5,536.5,0.822222,0.0,e3e531ad252b735e88a527dee0dd01fc4ebe1ddbd83e2ecc187721d3759d9e36,f89ebd4e0f1532ad09269922bc5b2c013afce142fbca3cee36e23c6ed80c8d95,77684df05eba7df08504a861a1c9ae6a66912ffe6199de14f43d579f259cedd8
2026-03-10,2026-03-09,retrospective_reconstruction,settled,2664.3872,2926.5872,1056730.3817,-9899.5006,655.5,480.2,0.732571,0.0,7d673f4c5f426fbac801addcba4ede2c9085d178d37ec652dc593edd2e89aa24,95c7f2472fb0e286e2bc8a08cde8bb8e5229b054a13290a1e1cce07ccf0b04e0,64430d389cfc9b0ca51fcdaaea926ca979fd0dc38693a13aa126926c90927be4
2026-03-11,2026-03-10,retrospective_reconstruction,settled,63.4412,323.6412,1056793.8229,-9836.0594,650.5,554.8,0.852882,0.0,ecc51a5f734deac44d68ace51a869a0f61e0bbe0663920827a03b60c283360ab,c90f002f34fa57fe691b62d034a371b3e85724c5a95f909432b0218d31ab0df7,792927c7586897e93bf236b820a1a0855a98cc29c20c7bc86313bb9c982d4e95
2026-03-12,2026-03-11,retrospective_reconstruction,settled,7190.0098,7452.6098,1063983.8327,-2646.0496,656.5,575.0,0.875857,0.0,f0c4c407c66d4e78a4252015461eda8b754d0628da9cc5c077068e810a1b46af,a8265303c3b37233c37926f54d8f013d45494b2540dfcec014a885d2bb6e0d5e,812d9cf4a42193a4bc353da40dc5ec362c9250cd6848f1b8a7c29ce12655605b
2026-03-13,2026-03-12,retrospective_reconstruction,settled,1682.6902,1945.2903,1065666.5229,-963.3594,656.5,501.3,0.763595,0.0,9cdc145f3512bd4cfa51d42065c5604ea70ea04be3caaf0692406a0accc55d5b,9c0a0731883002ac79a615ec643515358396a2c017784f04c405cdf9e57adc06,12b067258545d6c8090a6a3f4c5642a48138cee7b199688d06f707df0a885910
2026-03-14,2026-03-13,retrospective_reconstruction,settled,-1053.443,-792.443,1064613.0799,-2016.8024,652.5,588.9,0.902529,0.0,4fc7a58bc60db858df19c1321fbd65ca3ac64c1071fc57a4e493d4cdf1878384,5739ac0da5b0372859de784ff39c4c6c24814ccafc8d6a14c5c9901ed24b4f71,f2afe41a1387ff9d225bd83701f998baa8a8c236611302097faa67240471eaed
2026-03-15,2026-03-14,retrospective_reconstruction,settled,-3588.1005,-3322.7005,1061024.9794,-5604.9029,663.5,493.2,0.743331,0.0,7b30bb352e7ae1a65d5d014e9d5c3cf8322e7d81eb5e6c1cf72a540eb62b31cf,5193a51acb156f29b41e28f376ad5e0de56aec087ed1a56bf5fd5b51649ff0d0,153872c6f230a54f68429ab13cb2931683dce793f69b08737b320a82b392ec25
2026-03-16,2026-03-15,retrospective_reconstruction,settled,-1353.7675,-1306.9675,1059671.2119,-6958.6704,117.0,86.0,0.735043,0.0,4776bbb7f168b4785d55de2758a8dbfa69e1eae1de5359c7eb840d8a8c3c23a8,2868a0f8531145fb3770ea7a60c5c156ac2b1d27a2dc693b87ecbef35eb8348d,f63430e78ec8fd0e18cb4ae0b89c910ed5d549a7f94a0ae36c628e7f69c01302
2026-03-17,2026-03-16,retrospective_reconstruction,settled,3321.0773,3584.4773,1062992.2892,-3637.5931,658.5,440.9,0.669552,0.0,d5e71077328bbff4ffd3ac01b36835a408b31769ecb5de232b5f04fa90b50fbd,01e9cb601462b02e68a22945019ff3ce1792bc5d73c2bb5e53c230f3d0595f3e,2feb5ae0dce793b4a03617c895fea5c72144b2d2a2c14df920b448a5b1170668
2026-03-18,2026-03-17,retrospective_reconstruction,settled,688.3967,957.7967,1063680.6859,-2949.1964,673.5,528.5,0.784707,0.0,c86158542099eb1f9843212ae245363a2eeaab2443579eea019df263bb8ee0ce,be0d67d29f42dddcef60383e1926ce26b470a9f54595695695bd4a6571b5acf6,b43f722d9bbf5f42dc417d2d2e8c98f777bf0934eef3f3cd4aef48a402898e18
2026-03-19,2026-03-18,retrospective_reconstruction,settled,1554.375,1827.775,1065235.0609,-1394.8214,683.5,556.1,0.813606,0.0,fc311d9a2c8564ae207b4a62175dc235e3f7a01c6b820a87018484764cb37cd6,0e6a805fa64d640c018cc60f75698997886327b457be27eb07c84cc179c6ed57,e33600d6e8c02d5cda3baef3d11b38b0aaf82e495dcff503d55140c8e269cae3
2026-03-20,2026-03-19,retrospective_reconstruction,settled,2611.514,2893.114,1067846.5749,0.0,704.0,571.0,0.81108,0.0,cb5d27ed4a44a98f4f464cc71faae7dfb82e1c4a7a8f9ad71d7ddfc5f483a40c,2a1d7fc2444a7304c096f7490a9245c3e6737e59dac1e37ddd7b5377979834aa,6fc42a79dc252f4549234b6c3de8bbeae303083c7382a3368fdcec538c96ffc8
2026-03-21,2026-03-20,retrospective_reconstruction,settled,3938.128,4220.128,1071784.7029,0.0,705.0,607.6,0.861844,0.0,aabcf0a1cf3d81e229e86acf434aec2f1ab3b7312cf0baddfe2b33fb51d1068f,c76e00c346225cb999cf532a503a432fbae0f25959cc1f85cae2bb79bd75b3ac,d07bc3e28073b9d2337ad79f728efebeeb2a63ecfa239070f9720a2c6f67d868
2026-03-22,2026-03-21,retrospective_reconstruction,settled,3487.1555,3769.9555,1075271.8584,0.0,707.0,489.0,0.691655,0.0,93d1dc34f1478dc163b1d9495587a0f5bf071e51b45c92ca356a07e322934e8b,c6d9ccb84387bb0fa2046dd1bc30deaa4f541f17e6e46b07e5952dc87f07181a,77c4a0310476a32cc1084c5d87d53a95d109a4c8ce5bb74fca6901323b5638af
2026-03-23,2026-03-22,retrospective_reconstruction,settled,-8887.001,-8603.401,1066384.8574,-8887.001,709.0,566.8,0.799436,0.0,a126df4870d158576d868bf3b91436698b1b4a187a6228fd60c46f08d4d3a788,0b130127d02c5768c7aaf4a876a2a323f6603121ad4fb3e8c8c28c854ea3a183,c9c962783406915c34d33acc8e25c29d01ef2a86ffb93b64b2503005df257816
2026-03-24,2026-03-23,retrospective_reconstruction,settled,2937.3605,3225.9605,1069322.2179,-5949.6405,721.5,546.4,0.757311,0.0,2e9c0a74a9ce63425bb9f8a136fec4b2d82496625392c80e870f8a0d410d8a1e,d4d8e40b63a3351a92b5844faa89505ffde5ce0640830883cce0bcaa3e58fb6e,b4ba0103a96d8f91198ada392ebe56745e03db5cdb44f830fd2b809fef38d454
2026-03-25,2026-03-24,retrospective_reconstruction,settled,272.602,555.002,1069594.8199,-5677.0385,706.0,435.2,0.616431,0.0,18abd5fecb27b1e797d50bf8ca8392c115b5b36d7c2ae92b7043a88304bc90c5,b636d419b2d2dcc9cd85e6ccce2cc9ea6ead0e43ac2ce8d412634fb668ecdcfb,e5376054c6cf32160ae1f38b2d29dd024b6717ebeb3899de37e38fd17abe686e
2026-03-26,2026-03-25,retrospective_reconstruction,settled,-270.7545,12.0455,1069324.0654,-5947.793,707.0,395.2,0.558982,0.0,dd4329f4dc5509d7f078aa79ea052180228dbcadeffae988a9297ba4c22d48b1,97864e64f502e54da09399709835018de7f1d4873ccfa465ca2f7be61ee267db,351a3b8bfe34daaf657e655f10dab1f9ff9a7c308386e6e87a166253b3107b91
2026-03-27,2026-03-26,retrospective_reconstruction,settled,1162.376,1449.176,1070486.4414,-4785.417,717.0,421.2,0.587448,0.0,39a0cfd243fc86b39d60edb6438b6ee545e6ccd1d862f4b91aad617ffc7a5213,7e310a202c38f0ee037879b3cea5a730cf118798e91bd13036db3f3783f8808d,b678e18e86995eb2ab89bf39e621ea32429a48eb9391768117e3259acb62519f
2026-03-28,2026-03-27,retrospective_reconstruction,settled,1501.2575,1554.0575,1071987.6989,-3284.1595,132.0,106.0,0.80303,0.0,05dd3240f3531f08197347fda7e181f81f1682b05960c2443d61740fc527b69d,4fb1eec73c1b8386d1c0b2eac63b93a5b08d649eda366846d0501de05badd125,75dc830f726be44294106a060307fc62c946084ee3c1ce1385d824cd7138fa28
2026-03-29,2026-03-28,retrospective_reconstruction,settled,293.8232,561.2233,1072281.5221,-2990.3363,668.5,425.7,0.636799,0.0,0cb51cb697076414c66fdfcc6efe392c7bf8ae36ab48fdfe2be516c9d3752b20,62aea8a3ea1144dcff85d62123ed6851c4b562041764f1fc16907e8ad8bb015a,7da9c35ddcbb717d4172b477000af12af42649d4ddf10cc9151f1c5359a3436c
2026-03-30,2026-03-29,retrospective_reconstruction,settled,-849.5027,-553.3028,1071432.0194,-3839.839,740.5,489.5,0.66104,0.0,e7db5fd70074a0c315192875cd4677852dba0017cf400a67e9266d4872612d31,d6325b2e0b18f2c3cc0621712d2d1017802c5719d2f423145a538c6bb25909f5,3607243f6090103b51763f3bf541e5695f7d55ca2c78a375ff5f4b9febb88c4b
2026-03-31,2026-03-30,retrospective_reconstruction,settled,2186.3815,2484.1815,1073618.4009,-1653.4575,744.5,528.3,0.709604,0.0,6efe6b89b2792b41226f41adeb30e720de674cc1cebb7c11f5f03627bd7d4d35,d860614d3232f1de3a493a7c76d6cc4a58ae1fa30cac686e3f02bfec0fa9dad3,012ee0d456a52e11853f85deaaea8551fcb07a1a9b28308f94df50f171d5642a
2026-04-01,2026-03-31,retrospective_reconstruction,settled,2696.6972,2999.8972,1076315.0981,0.0,758.0,560.2,0.73905,0.0,a43d9237f2c4376b5b0e65df21d490f9dd495ec968262961e15cd3db90be3eb6,6d5b82d885e9d053f77e118246e1679ab83fb505c6c82de2d66c75f4b8c9c138,815deb09ef34562bfb3b07983f2267f5df8e69873ebf30210df8ffd78ad66ef2
2026-04-02,2026-04-01,retrospective_reconstruction,settled,1462.7855,1768.7855,1077777.8836,0.0,765.0,642.5,0.839869,0.0,597d6339a52a93edcbb5a6e6341ac962ac235bd783389616d501a71696a41ccb,d37e67da4b148e1e5ec8b1ebe707ad24467c6dd5b330b12716fcbe6ea3a9d9c3,e5fd64c54e71b3deca052d7d97208d007246f14517db4909f205876d6162a664
2026-04-03,2026-04-02,retrospective_reconstruction,settled,6301.7055,6609.7055,1084079.5891,0.0,770.0,649.2,0.843117,0.0,7169bc8da332978d5131fe0c21ccb25e5edd1235b614c64dd6f00164fcffa4aa,37ea5019919e9ae9134bb4672ed321aecd97f84d9f9667e91e7a75de3bbe49fe,80b33746e26f678579bb0eee4c033cfdddf33f4215cb654da3f2956bda26aa10
2026-04-04,2026-04-03,retrospective_reconstruction,settled,-477.125,-417.525,1083602.4641,-477.125,149.0,111.0,0.744966,0.0,c81775961374e3cccc19eb00b848729e3e7d104d70ce36f83b5b07e2e385dcf5,fe49527f85dc67ae0899b14429d902ed00e9524f033535a683805cbefee9eef0,a42585ff96028c31a433d064b5bd83809b614dc39a46509e23933d3d82ee393e
2026-04-05,2026-04-04,retrospective_reconstruction,settled,590.9325,650.5325,1084193.3966,0.0,149.0,131.0,0.879195,0.0,12f51c842d910f8b546e598810680282c04ea7ae81d75a3fd1b65d366add99d0,00e55cc6e5bdee6b562542272fbb8d9ee0aefc2323e5ee1059c2f147828d3732,53b79fad58889f8ea837762608b262d42261427a3734fcf595f71b9a792a624a
2026-04-06,2026-04-05,retrospective_reconstruction,settled,8022.0715,8333.6715,1092215.4681,0.0,779.0,708.5,0.909499,0.0,d2faa32cc66be3304562485868a08ff5e5a6a6152b245256e9efe6b745a7e06b,67d61fc71f6613478e800fe3043d71e00f7f6ed48915d197483f8849e1bf83e4,1876091a795f06f44e1f83a1640a9d7d994bb25563243b3d84105f3b7999dded
2026-04-07,2026-04-06,retrospective_reconstruction,settled,1350.7517,1666.5517,1093566.2198,0.0,789.5,539.0,0.682711,0.0,7550c020ca34eec80c6bd5e3db54c4b758117a441ff261e22aea2b108ef1a87e,41e7f73f3724305f8eb7c9acc47237a1aabfbe5c5ca49a978ebe40ad3c398716,770df94f6341ce75769838f8b6e614500771ccdb3e3cf0c69363ddf7bc3a4b36
2026-04-08,2026-04-07,retrospective_reconstruction,settled,411.7695,721.3695,1093977.9893,0.0,774.0,502.2,0.648837,0.0,8b6c81278ff2abb1ef2a8645c182323c9190993801a210743584a7b8de354c0f,bd38422279fda68a7989e13f9b78ce1bbd2d9b5e92099ac5b3276684f166a8e5,7240b35887dea5eba180f27b1677d74e1fede07dc0069cb0100e8f945c549749
2026-04-09,2026-04-08,retrospective_reconstruction,settled,-553.3273,-240.7273,1093424.662,-553.3273,781.5,388.9,0.497633,0.0,ffebd387d3100c644296de54e45d9a67a5adb3aa58b875521ed6e95ae8f025d1,793a27f4c7fbe3969fbc64f3964e362dd9e47c6d86a509c752481e67d2514c74,77c7b4e13e1ae92c71e7da2569eb8d6122eb2a3ed150d779b20a67f51233e10d
2026-04-10,2026-04-09,retrospective_reconstruction,settled,222.8228,541.0227,1093647.4848,-330.5045,795.5,433.6,0.545066,0.0,163e1ec14601fcb41ec4c91c0998e14e53c7f9f906539e42a8d7723096f15d21,df27f81f74a103902c9c0fbbea78fffd42464690a7bacc2f724be5cd8e6146f0,8fae39d67956de78877b611f2f79af0b9811bc15ffb3284e86634c98317117aa
2026-04-11,2026-04-10,retrospective_reconstruction,settled,-3885.2283,-3573.6282,1089762.2565,-4215.7328,779.0,520.6,0.668293,0.0,e8fa9fb02985b262081adde3e5d6bd49dfedc493af76bd21e83ebd4ab2d1dd45,7668bf30ff453b5d9c6decf4bb5f825932d9f50cc839642747529c8b5a1680eb,5a3b936d055cef7a8e28558dd8c39df8a01f1752f786633687971bd9c003d01e
2026-04-12,2026-04-11,retrospective_reconstruction,settled,-2799.5315,-2480.9315,1086962.725,-7015.2643,796.5,554.9,0.696673,0.0,021f4a30acdc36470d9ba99b6007ac5cace8c222fc3f034fb92c47b917f88bca,f58d7180149802df5689d834dc6dd055e490a019c84cdfb28b0d4ca2f1960d95,e4b745ca2a8998cde13d4fe33575ca770093fcfbf41248be7047f8f68a27feaa
2026-04-13,2026-04-12,retrospective_reconstruction,settled,-3462.5375,-3142.7375,1083500.1875,-10477.8018,799.5,556.8,0.696435,0.0,4372e7f97a2d1e56b846112ce571e1e6ab48708ce96fa0056b2d7c26c145a76f,4a526559cdfa9a89d43cb780e14ddc3810cc37dbc8053a0239df6f6e93c0b6d0,5f3d39a77e77e87edc1caa3c08e3f08aefa26762d4c328807bb75f06e733d439
2026-04-14,2026-04-13,retrospective_reconstruction,settled,4949.5875,5269.3875,1088449.775,-5528.2143,799.5,589.5,0.737336,0.0,d62963f5361ee79d7b529ce4043df9caf8ce02e08bfda67b23a6e9907ec02e46,0233766e17596266e5302d73abc887738227d0f8a56008cc92f7d65c2e6497c2,adbf6f8e5194466be48a344ea5a0dc822e186492df5fdffd1e819a443c6501aa
2026-04-15,2026-04-14,retrospective_reconstruction,settled,4465.8855,4782.8855,1092915.6605,-1062.3288,792.5,637.8,0.804795,0.0,b164f95c7d5955cffb519c90f94262bbbfea0f165b5077970ba90fb924b40a53,12acb8886d6bd13c322f09a3076964317c4df42b8fd2ac670761a61ad484c76f,150fa1457f59ed1684a1ae02ea63ce08e1e295c5a0a36f94ea7ecc866b642746
2026-04-16,2026-04-15,retrospective_reconstruction,settled,3041.0562,3355.4563,1095956.7167,0.0,786.0,695.6,0.884987,0.0,75dbf668ecf2b6f69f48fa59895975d30d27385971e01d7279e9b41242117dff,9d90e428a071582a8dc46e44036f5f27d57e1a2cbe27c0e36d4b4dea818a4ef7,d7f21575220ca828ce7d2e0f8226d0ade528ef6409d63cab0d7e5e05354f210d
2026-04-17,2026-04-16,retrospective_reconstruction,settled,-3963.005,-3647.205,1091993.7117,-3963.005,789.5,680.6,0.862065,0.0,456df7a7f4e8ae3c9435985e5b1db347c8090269582bdb69356af8a7b41f1f26,545570a801cd1ca60f88fad802ed9110e5b8a1758ddb884ca61f9b7b88a42969,8680531a9ae96d23b12a1698f7bed6e73afe35e3a5cbe7c926699ed7a71f11b6
2026-04-18,2026-04-17,retrospective_reconstruction,settled,336.6,397.8,1092330.3117,-3626.405,153.0,107.0,0.699346,0.0,1dfdaabbe64893b602f860afa6ae8a7eee70461d744fd474aa91454316d7b9d7,a4e54864eece1a3d9eb837e6165803170bb5a3cbf6b8edae59edbf0a93a6c574,6831fab9a0e7b2129ea95c226d1392e3257a9b9a794e1ab3a88fbb247d4b1a3a
2026-04-19,2026-04-18,retrospective_reconstruction,settled,1607.7225,1669.3225,1093938.0342,-2018.6825,154.0,136.0,0.883117,0.0,342a0f14db258f58656709da263c28efc05172022a2fed5cbf295b758c818d43,02a5f814389c18781f39506274df656de262ded8df74acd517c2b54097e84df2,9c1c92db163bdd6fbade42b5fdb9a35de083d3ed5e4fc8ee57b7c6986d5f47a1
2026-04-20,2026-04-19,retrospective_reconstruction,settled,-2595.282,-2282.082,1091342.7522,-4613.9645,783.0,702.2,0.896807,0.0,4edad88f1e4e679c13683afba853696d7da4b0ce04116ac825ba04336b7062ec,2b3f888e6e0194eb215d57bdd919b638e63e62baf9a899b125c72f805a599dbd,7b3b3ebbe190d2b4b5630da9d4597b404fd4ed19dfdb2de890de8002a08bf165
2026-04-21,2026-04-20,retrospective_reconstruction,settled,-2371.7633,-2053.5633,1088970.9889,-6985.7278,795.5,727.9,0.915022,0.0,a0631abebbae6d93344d13bc9a5cf0ba1aaf433449366b0bd7d7cd3764697bdc,3fb34842d0889c58ecaabbb36c32f11a28e2f3e6c0f7e1f758a3a9ee3d1e7b8f,018e1b2674c30ecd4350ad692c067785fff48ca054ce292b595eac3d309b7017
2026-04-22,2026-04-21,retrospective_reconstruction,settled,-599.6625,-324.2625,1088371.3264,-7585.3903,688.5,471.6,0.684967,0.0,e78fb3551f1595a6864832a28f2bb99d1f00efc8695aab97e7674f844ecb5a8d,a9c97f0515e1b5cb46b38bb12bc4a429ac9778718c120a81e644d62eb93f143e,b7bcd851b4e68060441c236d9d087fff2ba9d2f7c013a5012136db16b79c24f5
2026-04-23,2026-04-22,retrospective_reconstruction,settled,-973.3505,-654.7505,1087397.9759,-8558.7408,796.5,457.0,0.57376,0.0,633156de746992f624f114be31ef183ada937eb1a034a42407d2320cf124dff5,d04d8af3671e0ea65322353c2da293c0d519a4e7fd31951088a5d5e278feb91c,f1ff6be0c7b2a84ad4ba28b8b191118b64660e1ccb563141800dd48b9c0027e0
2026-04-24,2026-04-23,retrospective_reconstruction,settled,-87.1093,226.4907,1087310.8666,-8645.8501,784.0,629.3,0.802679,0.0,03b8df1670a338626fa12755046a2d4f9be5be1eea47193163095d9469349921,96830387191b6f0cf372ec4b359b3b886a75ea6a7e3a8e453d9ec59782e10f06,7d199cf8d3027a19f8be27b9a72e344113af182d266d343ac8356d012fa80f21
2026-04-25,2026-04-24,retrospective_reconstruction,settled,2796.2527,3077.2528,1090107.1193,-5849.5974,702.5,463.0,0.659075,0.0,6bf17ebd48a5c206a4edb04ce9f013ab647ff9ec727addad3dd33085e446ba74,7a34f3087e4695a5aa64059102aab0995867084aec12fa1a3cc9add728f3d939,4fad52b7d54b4a68f2345f927dfd537e64b75bc6d7815db9f1e4299cbbea7d33
2026-04-26,2026-04-25,retrospective_reconstruction,settled,4759.8432,5079.2432,1094866.9625,-1089.7542,798.5,413.8,0.518222,0.0,2482ff21219a9267ce5f9f8c5038cef902eb5f00c00f09a03d99ff90b7cdeb67,2f05af8cd3ca1454eb1cf3e57977c69b82e0c4834d053c000323a7d85d01531c,9918425e57dfabbc4ba3106a32538847f843ed4441a2e3feef94f5d7a2c345a0
2026-04-27,2026-04-26,retrospective_reconstruction,settled,3810.2612,4124.4612,1098677.2237,0.0,785.5,592.2,0.753915,0.0,847fae36f71212ed117725914594779556f00fbe14438d51563529c95beac6af,7eefd7696961f7c7c10e061d9e898a6543c33f5c5ce96407928ea13bc385ba9e,2c7afa5870a64b5f39b587bb5d92433a20786af1ce7c7f90545bbbc09af6e0ef
2026-04-28,2026-04-27,retrospective_reconstruction,settled,8600.893,8913.893,1107278.1167,0.0,782.5,684.1,0.874249,0.0,ef4713b25c8b6efe157dd6e11eacc2b6ad92fed9e1071076ea50bfbffe6d72f7,4f8fe601e0eac378f2bef4e0f57c935b6a774febe3f7c35bc9e646f86d15dcee,dfdd3ff5e7b5281d8b8df6d4121edfdcb762e8c1ee2cd5d827923564b947d342
2026-04-29,2026-04-28,retrospective_reconstruction,settled,892.2997,1208.4997,1108170.4164,0.0,790.5,717.3,0.9074,0.0,abdbe5f2660fc8157d5115a7dcd0afa3110b401b9a377bc71c51ec9002242040,4e2747ba11658422a884cb52200b9b0701dff1dd66cababd7464bc740962d765,9e0e2f6eaf520ea32005051d6bd38bf495499035e2b309732eb77a6a399f1e07
2026-04-30,2026-04-29,retrospective_reconstruction,settled,2427.8805,2701.6805,1110598.2969,0.0,684.5,534.6,0.781008,0.0,3bf8e7895593527fa4ed730deb9fd69f0af57f3fb00b789316d7aabeb1cbb7ca,37d7353591c9b3ff9cc7d2fd7c5b39266c21c4550b224260d4b9b4d4be97f2ac,884c877749357099118f35628478e3d954e5b2297d18ca78189e491e2149f80c
2026-05-01,2026-04-30,retrospective_reconstruction,settled,-4486.246,-4247.646,1106112.0509,-4486.246,596.5,529.5,0.887678,0.0,80ef979e35999b2ec71066d228dc77638d16a8e011283ebebc87bbf8cabcec2a,33ef87be4dad3007c7035c5121f3e74e921586e752ea6f9dfa01b28cd34930d9,f774888797ee8eb37a3f6253236d009a6fbe1dc9f9ab33292b47024481b79578
2026-05-02,2026-05-01,retrospective_reconstruction,settled,-1974.1175,-1908.1175,1104137.9334,-6460.3635,165.0,141.0,0.854545,0.0,1d676ee7a9d45c3ae252d1d8a24fb78d6574512270952770b623b220e0bace3b,243d53449260422a5b2a208c86442770de4ffa67a4141f5083956eda1d701840,f4dbc1733c0ffbe920c5181e9c7cef39eb12a0021d7857d8ff9b350ddfb07760
2026-05-03,2026-05-02,retrospective_reconstruction,settled,2543.502,2857.302,1106681.4354,-3916.8615,784.5,535.6,0.682728,0.0,dadf3d2e737ebb788433325a9f142ad54d18461abf17885bfbe96077e6e0c012,5f1d6a3998a107179e1f6d63c6a93741fcd2a06748eded1769bd9358c13e3b14,194fc51cc86d104d8e904172a5cb6910322997c38b47555404e0f984c6c97ed8
2026-05-04,2026-05-03,retrospective_reconstruction,settled,2847.899,3167.299,1109529.3344,-1068.9625,798.5,684.8,0.857608,0.0,c748960cca57febc86c76f998bf071061956c87fc7187f7353181b1624ffd4c2,381e0c5f67ce115a47600d3f7a5023df1174b2b0383a712b9682be7183e15fa2,c61185da62d4217c7a0712dc5f4b585f3527d649e0e9b25be1845f95fdab5168
2026-05-05,2026-05-04,retrospective_reconstruction,settled,730.81,798.01,1110260.1444,-338.1525,168.0,146.0,0.869048,0.0,7191ccd068bae63961c19f34ab8e1435fb3c530860cc3bfb1212f49297576047,3e5326ede32b81d34bb730e0eb5633c61aea32c5a46f524080b6010c59165f5d,6739245acb946ee5eeddbdca4613951038c531ed8d34f3d81643d0da87438850
2026-05-06,2026-05-05,retrospective_reconstruction,settled,8346.6305,8661.4305,1118606.7749,0.0,787.0,664.8,0.844727,0.0,76e4376916c0cafc9f9929663f3549a5b2f4b600cf692d4728637c77fe7053dd,442cf35c9ca0a3c5212f2cbe6214f500150311edcfd49aedb44665fc2428f601,401cd03db006c08a2627e221221955b82034f3f3e76c03407762b6716f58f294
2026-05-07,2026-05-06,retrospective_reconstruction,settled,252.66,299.86,1118859.4349,0.0,118.0,106.0,0.898305,0.0,8361689dda6171058414df4b147f92788895b2288f97096947c4a6e02544d4a1,5093c8e382f6539baebf533eb96183e2984aabe04f17acba07df07caaf0a1266,ca4b543cdd0a9af0526681317ac454ec8a68fedf0c8ab8e140047a0a6edb2963
2026-05-08,2026-05-07,retrospective_reconstruction,settled,-2836.3008,-2523.5008,1116023.1341,-2836.3008,782.0,615.4,0.786957,0.0,4a4b9123f04ece4def618fc9ea7ae58c43ebe88d405b64b4209248b64baf5c60,cf88b5ebce79a8602e8d251dd1648630a790b009bfc0999350113a69222c9a86,85d12d88eb1de537d05ef85a471302e29b43522b79471e28b10df2e00d82773f
2026-05-09,2026-05-08,retrospective_reconstruction,settled,8791.6213,9111.0213,1124814.7554,0.0,798.5,629.2,0.787977,0.0,f254ee91bc87134de154eb8495380f6bf71e9aa5d73c527a37869dde6878716d,767be296e0244f4fc2dec7432199854c0e61431a5ec438bc2c425d0d5ff8e3a6,e2d464a31e6d0a806b35bd0105326c4527f7e73edb4aec04ded74dc4ca16a81a
2026-05-10,2026-05-09,retrospective_reconstruction,settled,-294.5717,18.2282,1124520.1837,-294.5717,782.0,568.6,0.72711,0.0,5b22d8062e87801a1c56c03f4292bf2082462729fc2a7b5c6c301a4939e9b122,bc42906515859941337eb7886d1021da4a940c83d0c1559f44bc4438a394d60d,0519f79cce7ef6e6530d5ff1157496922a259b3e3d7ed7ccd2d35396f8a1f69e
2026-05-11,2026-05-10,retrospective_reconstruction,settled,3446.3538,3765.7538,1127966.5375,0.0,798.5,625.7,0.783594,0.0,c72fcd6ce42b798ef68b743453cf7fd0a89b4c1683405aca0d15afa9da1d826c,15962940d7f83f53ad137e5d41407518f5f3a3400b356293d40b3f024fb96304,a962096061e0a9c4e5d232128005acd8650d5169a89515e34e0cde1cf6db682d
2026-05-12,2026-05-11,retrospective_reconstruction,settled,3113.9248,3433.3248,1131080.4623,0.0,798.5,581.5,0.72824,0.0,65b10adf13c132997e2c4535bd9aaf142d55977045aebcd73fa48a8cd8d87edd,e91671f65d54debb9c8109344081c00fbd8e229b931251595aa367338c39b642,a151d664cb7aa7035f7f448e595988cc03533f8603d23a384d09edf5b1c31fc8
2026-05-13,2026-05-12,retrospective_reconstruction,settled,-685.831,-373.031,1130394.6313,-685.831,782.0,612.9,0.78376,0.0,dad3929b15441aa834548655a55fc488b21ee64e3d5d1f90193b9e3f5267aedc,54d613ebc29a5ef1a0dab9a53b173f5754f9488ef7cb11be39a03615de1d1497,43696d44e4f237711be43812ba9cd3b90d424e11c76639a9da346eaed74ae132
2026-05-14,2026-05-13,retrospective_reconstruction,settled,5350.7655,5663.9655,1135745.3968,0.0,783.0,565.4,0.722095,0.0,54f8bacd46f0bd8ee7e9d85cb21a215e416400c8622c81eb7834bad23cbc0aa8,e555dd20d83ae8fa1ae63f88d2fd2cf84cbbd8538f68a1548723a4519fe01c60,1d00c3dd5f6f520ce56ccbb195a6eb41511b2d7cc22d5aa80a33cae50d8ec3bf
2026-05-15,2026-05-14,retrospective_reconstruction,settled,1837.1233,2156.9233,1137582.5201,0.0,799.5,669.9,0.837899,0.0,9db4f0c6a5b0bb6b001c3c69a6cd11d89be19d602414c6d23bf9529eccc3b942,5e980365d399e30bae28b60b0ddc48ceda5982e55c9c8d05fb83de7e4072a024,46210f90ea719c5be1b9ef1c0044cd4f6388a7e9d0df20f4746af84f4bfa21a4
2026-05-16,2026-05-15,retrospective_reconstruction,settled,1910.7053,2221.5053,1139493.2254,0.0,777.0,679.0,0.873874,0.0,2525bab71d3296b03e83e96b1f650712963a4cd88d9055539835d4b79c88fae5,74f3759148817d12a3a2dfee865958176dd4469233d1c966f792c4bb9809695b,6410457834e6331bf3b3d4f85d44934ddc8a67b2ab968e32f40aa573b5c75a91
2026-05-17,2026-05-16,retrospective_reconstruction,settled,1871.6693,2185.6693,1141364.8947,0.0,785.0,671.4,0.855287,0.0,6060705ebb7125ad1d51458c2eefb63c9449290010515cbce0b2ee80b01a87d0,549942d74c9d433f4502dde832ebf8a5c6c01cf981a74b9b55c016aff760545f,f8e9bdd10d4608c8ff599429ba6c35cb4f35351a4e1c0c7a211e1a52e4a09a23
2026-05-18,2026-05-17,retrospective_reconstruction,settled,-886.3397,-574.3397,1140478.555,-886.3397,780.0,590.0,0.75641,0.0,b501ed48d0ce14ed98d758e66317aa948c280f104f9dd8512202d5aff5213566,a4ca0c1afac86ac800f7c9e0db14f3950a1c1241cee3fa4011eb41e456ec92aa,0543e3bfa53f968a8c742e6de7abcc6c3c6f44a2fd50a9c7e00e83e268db721a
2026-05-19,2026-05-18,retrospective_reconstruction,settled,1543.976,1855.976,1142022.531,0.0,780.0,691.0,0.885897,0.0,a5f97d93d2c5ec71efaf97f62fec128ae467b03c78feb108dbade911b199c2ef,c1313d2bb9503206e80f6c13d7995186922c24bd397c6442396728e5e7beb350,2137ef49ae0ae9d7a5c44b5ac67a47cc5fdc8ed71d8bb68b94956cf66eac5ad0
2026-05-20,2026-05-19,retrospective_reconstruction,settled,577.6993,895.0993,1142600.2303,0.0,793.5,659.3,0.830876,0.0,3fff387cfc60fa80841a2e1ef8eadfd06fb1dceaeaf5cab3779f869f1a8a4daa,057ebb9a5c3adebf97ff0adc1cd20a85edac2d244453fd6339029d259ceafe6d,b01073d1b5eb9983784c928f95705209228ff7178f9654764fe6a1d33bb04dfd
2026-05-21,2026-05-20,retrospective_reconstruction,settled,-3657.1935,-3340.5935,1138943.0368,-3657.1935,791.5,641.0,0.809855,0.0,e5d45d31ff28b7e3a697bb89c66bb0fe42c7435e63e34ddbe04cb745bb26ad4e,19bb2aa91b6c24791b6b3ae2207b305e616310c7d52155e7a8cc7ace80b775e6,759e872a4dd7de30e980bd19294e7a1b29187b69e4af245385bc4568fc5106c9
2026-05-22,2026-05-21,retrospective_reconstruction,settled,2078.02,2390.82,1141021.0568,-1579.1735,782.0,697.9,0.892455,0.0,6757d940ecb4df31ba04ea200ece163093c8436b7378161be6cce48df7b2185b,bdc06b00b30bac8b223a8f5a6f1037141e832af579508996803df3a20db4c365,7339ec7d2eb72b62afd361dfec06e8c7a3de6f532e23160cd986f41c041ae085
2026-05-23,2026-05-22,retrospective_reconstruction,settled,135.4725,207.8725,1141156.5293,-1443.701,181.0,167.0,0.922652,0.0,bda9766b9ee933f47f86d3ceac457c03a35821d9b33ab25f975cfb637ace8df2,ee258ff09ef5b37b69c4818e1d33bef677aeb72c1aab6bf4c07608182187b460,647b205a3243176908aef2229fd5a0bf1c4cfb6ce5eafa637ed3cd9df9c6e2dc
2026-05-24,2026-05-23,retrospective_reconstruction,settled,2766.088,3077.688,1143922.6173,0.0,779.0,703.7,0.903338,0.0,c49399543a71ac2ee599eebf8ddd09d19d0325f829e319164a1fceb12e9c8ebb,ce55961e606b1087264cb73a861791aecfe614c3d4c9a7affec966de2040e19c,fffb61aa7ab4c5dc2fdb3cb11f3c3a8dbecdf6596209be8a369c4801fde25440
2026-05-25,2026-05-24,retrospective_reconstruction,settled,1969.9135,2282.7135,1145892.5308,0.0,782.0,707.1,0.90422,0.0,a3540e87d9845be55f178cb5503c58ce69c90fbeabf648538feb8b9d6ca5eacc,3724bce9a57de761236b754fc1cebc1c3ec7b733c8263d785c37a3d80c7d64c7,0ac3c211ed6503fd20156d48a1c23a9e75568b63dfd24e5c9564cfde564adec2
2026-05-26,2026-05-25,retrospective_reconstruction,settled,-7680.646,-7368.246,1138211.8848,-7680.646,781.0,598.8,0.766709,0.0,b0ae4457e81e144ead9d37fe650e4e6f3f28f5aabe29b62d512503095bad9f1b,37382a93814020c51b30b3f4ff40a6c7e60f3b25f450c4ab5b3a52f2f06aa845,e07b40d0803c1f118c9ad4002bcf09e022ac087a9f384f5cdf1c50164e96a604
2026-05-27,2026-05-26,retrospective_reconstruction,settled,2799.0355,3109.8355,1141010.9203,-4881.6105,777.0,622.3,0.800901,0.0,79669a2d4a6136edfced4eb96570a275c7b815f0db71e66f3d98c5db58e6e4ae,bd2234adbb78be6903a91e5eeb61bbf1b56a78c7a3a59546a5a1e24940df9638,26f6f2c7567ddb0997e58513b9f72a97bc091fc99c0c785f95aa0e5f5ce6a1eb
2026-05-28,2026-05-27,retrospective_reconstruction,settled,1627.5818,1942.3817,1142638.5021,-3254.0287,787.0,709.4,0.901398,0.0,ba447966efaabf25b2f34a703289fda7db51c04f4ca561dd6d0e966d6e969259,95adc9962972edb0a5040409f2fc4f8b021d4cd29d06ff8dba91d01f55551065,eb2655291881f8409b2b802b25bf1026f2a4facf5f5a77ee0e6290a360acc336
2026-05-29,2026-05-28,retrospective_reconstruction,settled,-175.2305,136.3695,1142463.2716,-3429.2592,779.0,726.4,0.932478,0.0,98edb11e0547acc031f6819f129abb79dbdf2c09ee7a70cd8f936203ef9996f4,3d48d0c834d948e0147a6e9d5ce20f4e71b5e9c3f7a40343de35328e91955fff,b66fa1f047b53e5bbbb4f4b55c7f76d8ab3371d53486ede078d1c89138a7f8be
2026-05-30,2026-05-29,retrospective_reconstruction,settled,-4577.2592,-4266.0592,1137886.0124,-8006.5184,778.0,682.1,0.876735,0.0,a99f57dd4ded8a037704f0aab88f7c91038847af40de34cb996293539d3dc6a6,e5c8a48630fac3a5a8dde1454db48bb34be79815934c3e4576fcb91aeb498f9e,86c4f835f75accef8329cbbe6adf63b71b599819cd0548f2ede9f5ae387c1928
2026-05-31,2026-05-30,retrospective_reconstruction,settled,-2470.459,-2156.859,1135415.5534,-10476.9774,784.0,679.7,0.866964,0.0,3db3f34b374defc9c8729a0ec04a94e4017578d339c966e16b1e239f55d38bee,5a925c6a65863450ef8be50b2c52d2ae26c18f35f569e1136fec90ed842e2c81,2625e70caff91d61178002d90a0f1e8e8cbd56a396e371736d794d7f9db94a92
2026-06-01,2026-05-31,retrospective_reconstruction,settled,4085.0453,4398.6453,1139500.5987,-6391.9321,784.0,713.8,0.910459,0.0,1b3b9c6dc3b5abd501112998fcd710255995f489a5a788fc7046cc4a6f611891,7bcd1f782fbeb5d7c3965f2ebaf71c1212e96f6dfc926cd99cf9e0dcaa520e42,9d9a37c532c9e5085aed67ea67e5b32583d4a6383bbd722fdcadd2442c2e2c8a
2026-06-02,2026-06-01,retrospective_reconstruction,settled,-38.2365,273.9635,1139462.3622,-6430.1686,780.5,733.8,0.940167,0.0,939be146d45f8f691243e03a075f35dfe0c3ad3cd747b197b35d9ee92536f981,86adc3bfcd1d8239dda9ecd9520470c41b394fb6c856aa6777ccf0459e58eeda,0c4c73f152ead7bf45433b37b2d63314cd0b6cefa4fef40e6332a31bc1239e28
2026-06-03,2026-06-02,retrospective_reconstruction,settled,-4827.8377,-4515.0377,1134634.5245,-11258.0063,782.0,629.1,0.804476,0.0,5de6e8cc399fde756273d8b88caf5f31657edcf0265902f8a76e8e1c5a9fd7f0,b151eb014cc7a1e8f8adcd63dcbdcdd81d1fe759c7a14017eae62e3423bef55d,1fb2a0d519958f67e6e5cf7d6364c6f511d51b027413cd8335e8ea2145c2636e
2026-06-04,2026-06-03,retrospective_reconstruction,partially_settled,186.5835,501.7835,1134821.108,-11071.4228,788.0,712.3,0.903934,65.2,a2081b8ec71671dee67bb5ca787c958cd117bb14e3a741943ea7a5736bfd6652,af8a5a83f6c0338484318fffcf4616d7b5336cf7001fba29059bfbbef84c27d2,89740a24a023fee73c5209338e112f8e283a82917b88da6275f2a483104bee49
2026-06-05,2026-06-04,retrospective_reconstruction,settled,-1614.7608,-1303.5608,1133206.3472,-12686.1836,778.0,726.5,0.933805,0.0,5daf5741784663834a20f7595d8a33c3030a7ebfed91d7242bd043e9431db346,948925d8b6a9311ed09ccd35d0d08aa18de8a4a037c7a8347035d454f46cf746,1ba322e98e1c0807d8eda5c17254c1d51a687fcba9695e449fd3a9e92ca13e62
2026-06-06,2026-06-05,retrospective_reconstruction,settled,2224.375,2539.575,1135430.7222,-10461.8086,788.0,642.6,0.815482,0.0,a609c83a8006e1051952cd5eb1722199545507fee9ff39b085a9523db54de1a0,fadcd865484ef9d212d20a548353c149305a55aaaffa578765599f9e4332f96c,93cf68ba0228293805d03847171846226121db0da8dec72c0471980bcc954c99
2026-06-07,2026-06-06,retrospective_reconstruction,settled,-416.5125,-340.9125,1135014.2097,-10878.3211,189.0,144.0,0.761905,0.0,1377a9718251828316dfa02b015bf9cff7b67adb3ff67f1adb823b8a3cbde2d2,dad631b4165c9c8a865196f73a5279e20f1b1887a9edce4a7b8287737c23f3f1,8f846ff03c601ef0b3e57f4164b88e53c29705dba98272b8d80fec6df92d099a
2026-06-08,2026-06-07,retrospective_reconstruction,settled,-2508.7227,-2190.5227,1132505.487,-13387.0438,795.5,641.3,0.80616,0.0,4c73a54930ffeaa0fcc186767983deb7c10b23c6c3525766973f1b8d18afe3e3,a619cf6d2f301220fde1152596d3104615641b47f43eef52fb9930385696c11b,3743e9598cf72bc8ea47d0438c43908d74c9139ed30993b7546524b9b8da5918
2026-06-09,2026-06-08,retrospective_reconstruction,settled,363.6293,678.8293,1132869.1163,-13023.4145,788.0,711.0,0.902284,0.0,bd214518268237424b6d09b91dbfbc4da1ff17bd14e09a2816dc0586ee4a5033,abdc02618aab56e60903444cd36555d8fa7a0ee95d3b4412bc78e7d12bab544f,8fe1a5bfc300c7c524a9ff80bf7e42d42546a6ce9d9cfede74da610b69c62ec3
2026-06-10,2026-06-09,retrospective_reconstruction,settled,6165.804,6481.004,1139034.9203,-6857.6105,788.0,665.8,0.844924,0.0,d1c92f3550787fe91015c4c6c26a4a80f658bee4bc6477641c17c884ce36a298,237d605f256abf6bb98056288c52cc5c71dd6df4d4613e3011a1fe4675b7bd90,aed871bc3d870663006d6b06b7a86eaa3d5cfebe1beb53e378b7ea229f6f0689
2026-06-11,2026-06-10,retrospective_reconstruction,settled,2164.4295,2480.4295,1141199.3498,-4693.181,790.0,650.6,0.823544,0.0,144cf2652d592b54a59ff3fcc58f8ee18709b73974e43ba8d0165839ee335355,2ffdfd7ee59f4a927e6335a3de7584a14a0bd13042d56da11a2c721fe62d56b9,5b17bcf6eba075882cfa0008ebd347e443f3ca9cb757e7f219d3fd80bcd9fb51
2026-06-12,2026-06-11,retrospective_reconstruction,settled,-1510.4997,-1195.2997,1139688.8501,-6203.6807,788.0,632.1,0.802157,0.0,2aaef4fdcc1f1e039f71238e5b85f22e74a0df006787a5c1075c72ebc9d03481,94ebbe591ea6919a3708dd5742aefa28a18f639e20b9054620cbbd3e729a3b0b,032ded13661262ca0d6114d6ef097f63e217ac59266f0f694d30e7ba06c956c0
2026-06-13,2026-06-12,retrospective_reconstruction,settled,-2006.162,-1691.762,1137682.6881,-8209.8427,786.0,708.2,0.901018,0.0,cc274a3e535d5e4bc2cb76aa346d4d56a0f992966aaacdeb6e772742d7f6df4f,5f86eeeed8dfb269f1c5de2df03f4f65ae24f41ea59b028e6ed818b8c44fee04,42efc42d1a0116e73d92549478117ec5e3aa8b511d21b7ba67e4bb90a8158d89
2026-06-14,2026-06-13,retrospective_reconstruction,settled,-1169.8665,-855.0665,1136512.8216,-9379.7092,787.0,721.3,0.916518,0.0,a244bee1e2dc25ca65edd778790ccee09be96361839a8c2f65b61045b40a3075,7bf27e0dd6ff80f0041f4cdfbde71c8d9795b1a39b258df6094c5ad79fef483b,98159a0fd7dd38367e708f709a5264456b1a47f6562d5f4363be7c1b85fb094f
2026-06-15,2026-06-14,retrospective_reconstruction,settled,3229.594,3545.194,1139742.4156,-6150.1152,789.0,647.6,0.820786,0.0,e4d4ff8bfd54c58497f1abfc8c02a72fee1ab879dd08a2fb482680eb0890d3dd,ffd05f9dcc7149ff2ff54c3bb6b3687536f80d1edd0e6a0e12563aaccf7f0fa7,ecdf12c1c23467dda4a75f49806e7512f9540cbc0352b6bc296ba915051223a6
2026-06-16,2026-06-15,retrospective_reconstruction,settled,3417.6438,3734.4437,1143160.0594,-2732.4714,792.0,681.2,0.860101,0.0,041ae3520ed83772d17b5c9f82fd9f96c7aa1ae1fc831c83b46d23021d4e257e,81d46b746838a362dc731e13aac14314000bcab39152084440eaaa71be473b5f,46888428449e19a6675defd18506ff253cc5a7c569191fe30c5322a0245a05c0
2026-06-17,2026-06-16,retrospective_reconstruction,settled,-734.3247,-416.7247,1142425.7347,-3466.7961,794.0,671.1,0.845214,0.0,654b3f9c943759faef3b13feec17fc532613d81303d6c2fc9c236bcb4ad57780,6492a15d1485bcc2924b58c06fcef22c68ff62a9a66464c950398f3acd40d459,122063bf7a036c4167664944e9cca2e86046faf8f6f6916fd6cf95b9bd7441a7
2026-06-18,2026-06-17,retrospective_reconstruction,settled,5220.167,5536.567,1147645.9017,0.0,791.0,680.5,0.860303,0.0,10a9541bc2cf8737142ee5e359f2ff66baeb472eb46fd6556422b4d69724ecb1,fbab4c949349e90af41f64c9edbf6aaf51fa7b0e9aa0f4491f1bc95fbc058cb9,ce1c978948f2962fd4a12d8a46c9d31ff020eec8be3c953ef934c134e578a7aa
2026-06-19,2026-06-18,retrospective_reconstruction,settled,3506.1645,3822.5645,1151152.0662,0.0,791.0,702.6,0.888243,0.0,aee0a10f9c0c8d116916b52b3ce480dba2366a97ebf8e6e0eb63bc11200da5ed,2fe245e400a746ec8fcd6e5aa501dfaed68ff304040f7030103a4813991507c6,293a6444bf7692735e4c6d9c730fcb26ebe01d0c4ea8329dee0f34a2e9f489e7
2026-06-20,2026-06-19,retrospective_reconstruction,settled,3664.9508,3981.5508,1154817.017,0.0,791.5,704.7,0.890335,0.0,46f96f1ce9027759edc8bc5e2cf042baa69803dd83e4140eb5d3dfaad5dd357b,0f9c38ccc6213c9c35e94c3cd235f3ca36b8f9713aaf9521391966388b51e582,44e2710aadc0e6bfb19019df2b772a7622bb952b4e1fe39adcc99dd67d7d5006
2026-06-21,2026-06-20,retrospective_reconstruction,settled,6894.984,7210.584,1161712.001,0.0,789.0,715.6,0.906971,0.0,8ecd4b13754a730b70d412843eb862776d9fd1c605ca04ace13ded49a0aae0fa,e3763a3bee3c852fb7ddac9d7068c56cd93649fe07c51be0a8d420835a81812f,57ab2d83c62cac7e665623e251d91fa185b9e967dbea9e9d15773e29ace7c0ae
2026-06-22,2026-06-21,retrospective_reconstruction,settled,2143.8973,2459.4973,1163855.8983,0.0,789.0,741.1,0.93929,0.0,2e31b1718947132ae7234e0106b7d976cf76ca6e937808d479746a4d77bcd076,07dab4f8d714962714ab69d5c0ee6f4c7443322f3dc3ce0bdfa2cd8e340fec38,00dca30401f242d7860016c1a9b7411be5d23172d809195bee0bde14be869ea3
2026-06-23,2026-06-22,retrospective_reconstruction,settled,5382.2683,5697.4683,1169238.1666,0.0,788.0,747.5,0.948604,0.0,52695614fd4662bb2272ad5ece466a4714696d23d9bd98f16a0e2b8f2af34fb8,cd1d54aaf6f686d792c16e1bb3f23b774bf890a6348a0107d0ed05e503ea731c,1f380294c095d062a24eda39c6f0906f42f61e50f0c7055ecc99f6ee8fc41d80
2026-06-24,2026-06-23,retrospective_reconstruction,settled,2483.8358,2799.8358,1171722.0024,0.0,790.0,725.4,0.918228,0.0,e25b80d1066a978ceb5963aa373c300dd6e9df339fef2db8c91916128dea317f,978c1c34b13ae518ec739f0b39b5079f5cfaec53d48763b99ce681260af33f7c,63ff19a83f3f06dd45d282e673cb083511da4340b311d28331db8146c9b51b02
2026-06-25,2026-06-24,retrospective_reconstruction,settled,5536.7675,5849.1675,1177258.7699,0.0,781.0,685.6,0.877849,0.0,53a427c35b3b1afa3d1a1e180afe1bd7d9143c3d03fa12decbea3216bc9b0ac1,6aaa590f802e26db3d619c07acad20af089dee7bb4f501e594dd922c8f42c10f,0860391863b2237274263debef227d7aef3090befba802afc23729ba5b92421e
2026-06-26,2026-06-25,retrospective_reconstruction,settled,3411.2698,3725.2698,1180670.0397,0.0,785.0,717.8,0.914395,0.0,19e640b2cde3a5e4e2875e44ebcc1b1fb436e8947e2690e73204e675092b0885,ecf6c298f89310a93a67f99120debabc866f968009ee3c13612d5af06df2dbe6,e319633864b7c30b347824425b8525996e245924c437ddb4e3ac3220bba47838
2026-06-27,2026-06-26,retrospective_reconstruction,settled,5989.0568,6301.4568,1186659.0965,0.0,781.0,751.4,0.9621,0.0,ec5709656734530239a2caac7f8566ab76bd982ef36367443ce9e1e9eb5a2e9f,fb31fbb17da281dd14699178d9384dd1e71ebd9bf1e7478daacad1e6e0931647,ba0c08e31215f4f169bdec86b30d7b631eefdc79083caf43ce9e2cca644b3f70
2026-06-28,2026-06-27,retrospective_reconstruction,settled,-14312.4603,-14000.0603,1172346.6362,-14312.4603,781.0,710.8,0.910115,0.0,38e6e99194705f0d6ba46025b3e6a5d3c3a7a0bbf5844f04f086e45515d7eccc,876b5d86c254393fd4a907fbaeebafb91f24df4a05db033ecbaaaec4ff28542b,206bfaceb7caf224ca4871d6c95d22ffd150e2b2a612516803df2ab27bbbd657
2026-06-29,2026-06-28,retrospective_reconstruction,settled,-16808.4093,-16493.6093,1155538.2269,-31120.8696,787.0,679.9,0.863914,0.0,9472dea9a0ac10ddcbf6e5f79e573ad27cb2c6fc8b975be10d2b7fb08654dbb0,b7485cee899c404499e9d2afee37cac33a1162bf75ec96be43fa34de7b409b85,d8c5c2be0214d0215a39c8394857bcb144cbf7d265c35f363125b9aff46c6e22
2026-06-30,2026-06-29,retrospective_reconstruction,settled,-7708.736,-7396.336,1147829.4909,-38829.6056,781.0,703.9,0.90128,0.0,f08fd446848fa7a8a95742eb6abf192a9e61cf00e84700529d5eaf87f3dbec01,daa2fd56197fdbfe578c083cefb584134c4cdb8972dc251fa773cab697667a40,6c680ae8f9a444d4b15620c7b603daf9d1ed79328ad73b04f12db6eb9e9d3539
2026-07-01,2026-06-30,retrospective_reconstruction,settled,422.3735,734.7735,1148251.8644,-38407.2321,781.0,716.7,0.91767,0.0,a15bbedb50eb12aad796a73018d0e01e7c2d6603389f65e51f3bcf70a30839df,e6d433dd1f1b34232f27c6a4642d5c1ae5a92f299abb4550f7002ce3651da8cb,356a887545e28b15e9a8e6601407760b82bd55b5430df0906206c8d265a9d163
2026-07-02,2026-07-01,retrospective_reconstruction,settled,8192.3175,8501.5175,1156444.1819,-30214.9146,773.0,736.0,0.952135,0.0,2eda80f5a22c1ff864145f3dfc71c4f7ea2bb0707599da56d5b3a0c97d8c0838,84e30b140f8b9e90532c13a03d16099bf424d84cdd671926a4ac0f89319affb4,5fd6f11387e917b69a8ad5bd3d6b90efb93ccfe77894205eb8674a447fe807c8
2026-07-03,2026-07-02,retrospective_reconstruction,settled,7008.2842,7323.0842,1163452.4661,-23206.6304,787.0,752.1,0.955654,0.0,6b60582a7e531bb2637f33e62529fba63214070414999839aab95c50e80d1185,b5e8ff53fa69030744b27e83309a71ca864e96e23912464a35fdf6026ade0a73,9bb01675cc91c733cfde7b2847c27969ac7ed23ae3287bb5c899d528fc41f40d
2026-07-04,2026-07-03,retrospective_reconstruction,settled,3782.6745,4092.2745,1167235.1406,-19423.9559,774.0,741.5,0.95801,0.0,aeb1d47c5a0020525000d07d729c289338513e204796f318bf00fd419bb9c643,0d55b41a5acc5ac56614c77301728245054731d17760f2d4439ffab60c9202e2,8056fbbca687de738cb6f3815cf577f33be2a2bcfd2f0c5da8fc6550bbf7b1d3
2026-07-05,2026-07-04,retrospective_reconstruction,settled,3686.0142,3989.8142,1170921.1548,-15737.9417,759.5,622.0,0.81896,0.0,aca4bd7b4b896e715324cfa4937fa5ab08fc96b31d7d7863690de0c37994f3ed,038ecad11822d9cb76ce7f06173de565e4e0472724d60bbbbc101fcc69e5c23c,7f6c6dbfd6ed3174f991d746588df2c365ceb457e678e5062cabffdaa42cea9c
2026-07-06,2026-07-05,retrospective_reconstruction,settled,1854.3222,2162.1222,1172775.477,-13883.6195,769.5,694.0,0.901884,0.0,e330e092dd6d5820088c72b653a1b0f71c9763be78bf7c8f5144b3b2128f9f90,272aab4e3ce713ad48e6d9eef9f805bbef48a6a4af877681dea80e3e64dbf678,01632550aeaf18638f526870dac0d7068b4156d8c47a1097e21f002bd31db653
2026-07-07,2026-07-06,retrospective_reconstruction,settled,278.2898,591.0898,1173053.7668,-13605.3297,782.0,735.7,0.940793,0.0,91291259e288d5f588ed07f322db19672c0dba42d48e814ccce3ed3b493185d5,b2d7ba775435d9f00a39d70d16f5c49a90658ab7c7112690352e6608709d63a9,51700fd70b7590d9276e63516ee6ce3a921855926bdbbe12dd50e181281783fa
2026-07-08,2026-07-07,retrospective_reconstruction,settled,-25879.131,-25564.331,1147174.6358,-39484.4607,787.0,722.4,0.917916,0.0,720f98f6c0e192b874ab21abae8a6e7cad7ab75cba52210ce9ddde247343220b,38b64b0daf7c32631f9cd0ee3f5451cb5a3604b91209dcf5bb445b7761a4a411,578521415bc63243cac3e6361b96c4946b45f94bbbbc54a0338abd78d3e67d03
2026-07-09,2026-07-08,retrospective_reconstruction,partially_settled,-3062.0802,-2743.2802,1144112.5556,-42546.5409,797.0,683.4,0.857465,38.0,b65300c9880beb5655df28325c7ea53359e17a29f64a91e8e2ccecfab51b1d0d,63897ba1be32043e0276c12ae8473e68af1b08b9943269e2f26be4ed1676a99d,86784a9518df7a6de4a9f048827b0534733e32ff8e8da3a4ba0bd008db3cb1d7
2026-07-10,2026-07-09,retrospective_reconstruction,settled,4084.0225,4327.6225,1148196.5781,-38462.5184,609.0,577.0,0.947455,0.0,e32a9f96c6b50f6940741813fb464727fae4d5c2adae2beda4d83244636f058a,cd8767c15addcbcc883e48c54b36a02f253de111351dbf21b6c7b07cd626d984,52b3719d46a474bc6fa1a40d5fdfbf702f9a7545ea34656afe5a7c32cc1ad06e
2026-07-11,2026-07-10,retrospective_reconstruction,settled,-510.425,-263.625,1147686.1531,-38972.9434,617.0,510.0,0.82658,0.0,c90db2979e684bcb5967127b3f62465f6e1f0ba86525d17da6c9e24e4275c09f,1dd309a335d21e81a17a52fee3eed432421d0613c7eb0175def677cc604dd944,23d831982506622ccc31af90af96f2ce5f330770e072974a245fcdeceb8be228
2026-07-12,2026-07-11,retrospective_reconstruction,settled,958.0475,1206.0475,1148644.2006,-38014.8959,620.0,524.0,0.845161,0.0,a4bcd04d7faa2091f6296e1f5c68d84810adef5796e86f72934750857eb31970,eaa780c19da10e301e0269670d825faa86c18d534704cd6c82e361819b525d50,8cc2bde66dddcc80d4132bf6a2cf363c2c0720784cd029830b96587da7d6f483
2026-07-13,2026-07-12,retrospective_reconstruction,settled,1633.13,1882.73,1150277.3306,-36381.7659,624.0,538.0,0.862179,0.0,7cc1d8368486f47082359d79b1eb9f6a47e8d5914f3c5555553a54222770eb2a,1c10c33f2a801d54e33978cddcc937d72ffb224cf348c612964c421c121f4758,87959e612eea71cf1878776324aa28fea264a765447c182f7adeb96c905cfd17
2026-07-14,2026-07-13,retrospective_reconstruction,settled,-1007.6475,-755.2475,1149269.6831,-37389.4134,631.0,524.0,0.830428,0.0,d4c2a7772c520c582aea66a72f809767751e24697061923f57d3cceec21ba293,4ab30f64f4765247cad8716abd99bb37f2d784d30204290b30e8ade5b7b6ca79,f467225590af1673c076d2f48bcc0f074106a4cae2b28624b0ebb7b7ba67bb14
2026-07-15,2026-07-14,retrospective_reconstruction,settled,1828.9075,2081.3075,1151098.5906,-35560.5059,631.0,501.0,0.793978,0.0,3512bc5cf98669a8a9bf7b3722a94bc0593e9e924a48d5c09f33e45bc70f9823,b873ae11c0865bbc1d1e97861c55ec8150f931c666301406cb1c45e054f8ea43,3d684bfa10c73d1bd6f17c901f5a9e206d6f1bfcfa3a62d1979c52ddd8ef6dca
2026-07-16,2026-07-15,retrospective_reconstruction,settled,3169.5198,3428.5198,1154268.1104,-32390.9861,647.5,472.4,0.729575,0.0,613df1e27da1639345db9a09bc6d9ded4fc2ab8ca5f91f9fb62dbf1e2512d74b,97ba3853823756a3f384ef70c26d6e0d7d1eae1a0b86873cfcfaf4159cb2c095,c09875302aaa2ad824868bb2f0e1d64fa648c116f9dd6815a15278c1d5fde5ab
2026-07-17,2026-07-16,retrospective_reconstruction,settled,3959.6405,4224.6405,1158227.7509,-28431.3456,662.5,577.7,0.872,0.0,17a95121052535473923aff92bd796b03d37bfbb275b943be6f3d0894d61eedd,61d4a333b0f7775cbd88eeee94e5d22cddaf1d34b26eefb75e8aa748b6e9d948,b1d0b7984fdac0d66cd73d6f15fd0aa985381a42d48766dde7ab57e6ac449eaf
2026-07-18,2026-07-17,retrospective_reconstruction,settled,2997.9355,3263.7355,1161225.6864,-25433.4101,664.5,522.6,0.786456,0.0,554c1ca2a7b38a2dc25013a3444f11c63846783e1580a77213c9e17738e9d776,546edd8fdd063a8f6a1986fe28555b66b9b224f51e411c5a5c9e23ac9cc1beb6,472e619c6c2521a2fe89622646a7db961c95a87d731f012919b2fea72410ebef
2026-07-19,2026-07-18,retrospective_reconstruction,settled,3487.668,3755.068,1164713.3544,-21945.7421,668.5,504.4,0.754525,0.0,fdcb4f5fb8eddd1cfa4631f86faf77b6ab41944447d37a8281c5ebcb2e5882c7,353f071e6f06f3c9130473d0f0409838731d412fffa1894dde3be8a4130a1db5,a7d8bc651c4ca4ea4cc9c1501505df0f25706271322819d632aa042d36870795
2026-07-20,2026-07-19,retrospective_reconstruction,settled,6549.163,6817.363,1171262.5174,-15396.5791,670.5,544.9,0.812677,0.0,63e43461ea642a3c42a920403879b16326024c64c2666afa21bae39ad804387e,4b6b876cc945db39782fe8187630122b106dfdd01fae930940d170feaa0cc88e,3b7abed6f2e269d55fbe73401933a3abbd3f95aa102b62b67b0627b2d3478d87
2026-07-21,2026-07-20,retrospective_reconstruction,settled,12616.433,12885.033,1183878.9504,-2780.1461,671.5,540.4,0.804765,0.0,429472eb70ef638524a1fb5779207e2c1167177d9fe58d85e311991a73bc0396,936198049bd867b40d66d0d3b9c90c371dd92efa5e0d8f8f91ad11e39bfd28f6,f1f331da5bb6c52cf9ccebc90486a1f3b6b31d583db63eb636945f75b20835eb
2026-07-22,2026-07-21,retrospective_reconstruction,settled,-2072.7168,-1804.9168,1181806.2336,-4852.8629,669.5,584.7,0.873338,0.0,b75969095611405a8d4b00dc6fccd84e25e11db1dc1f3d7396e61b11dac9dd0f,e475e10cb822133a1c74943ba7b3e9321521dacf61c39647b919dc73eb3fecea,1b6a55f10466e6d0cde21cd7a7f9ea7265556777e4d7bcfab81b569b17ebb4c5
2026-07-23,2026-07-22,retrospective_reconstruction,settled,-149.6075,67.9925,1181656.6261,-5002.4704,544.0,483.0,0.887868,0.0,7a846dbb26e4c475d4a071938186cc64f0eba8b7ee3d5ca54bba8c08ee55da71,26a41b9ab1eeacf263030ca5a7f402ec2455e145bda906834bc3182f6b869485,eae721b41af51e0ab40a3ad0e5c68afa07f3b177c7b6afb96038f68f33eb5dbf
2026-07-24,2026-07-23,retrospective_reconstruction,settled,4055.075,4305.475,1185711.7011,-947.3954,626.0,437.0,0.698083,0.0,fd23f3fc5252e492435cf0410975914821873a5c50e8e1d426eb814d3fef4760,95e8ae43b5a7d0b56c96b729aac9aa0e0991e034c77105dcaf595d966149d05f,faa6b31646bdceae2c65efdc2a68ee751fe3b33318f931e5e50e59e1ead78150
2026-07-25,2026-07-24,retrospective_reconstruction,settled,-1338.888,-1080.688,1184372.8131,-2286.2834,645.5,609.3,0.943919,0.0,00094be9e8cc0ee3217826edcc27eafd0feefd3352c8e5057a64bd46bc049655,ef5b322b293048518eca7f6dfec0af352484ca21eb588014255179961b10aae5,c9960ff0d1a99d0774f1f3b9294b6190b8444e5f796eefa58035d44858e04500
2026-07-26,2026-07-25,retrospective_reconstruction,settled,2235.4375,2496.0375,1186608.2506,-50.8459,651.5,624.2,0.958097,0.0,725373bcf7a05c3794adb9b37067faa3c718dda4e885d550dd8e8640487f1475,49de8ba12b64c2802d13c057fab8cb0efb8e700cf0b8411fb3548853f3a3b030,0fb6d9f51180826a152f3dd6163786868d75f5b943346be9bf73e3c6ba23e46d
2026-07-27,2026-07-26,retrospective_reconstruction,settled,-2291.8605,-2029.6605,1184316.3901,-2342.7064,655.5,567.1,0.865141,0.0,0e9a2d94712f1a516cb28f7c012648ca2f99cdc961db99ec00973a81b143a616,cda06b29a24c1e2d540d4e6d9ba70cf55b6841baa750313aa906db1f5efd66cb,bc1d1b1a1cdbb0912bae0ac2035f9d3b01cd692e2761fb15fb9012afb9bede66
2026-07-28,2026-07-27,retrospective_reconstruction,settled,6980.655,7247.255,1191297.0451,0.0,666.5,530.0,0.795199,0.0,476e0fc8dbfb903ee0e88761aea307b89b00e119daf13b8aad3afa21a26cd5d2,39c2eb14cd6dd2e4106ce6816514940e744f65ade2b09eb29d4af6f2dc5321dc,fe60fde184e59bf35b44aaf2b2a3cd144ebddd87eba7cbd3863ec4abb02eac01
2026-07-29,2026-07-28,retrospective_reconstruction,settled,4802.7112,5070.9112,1196099.7563,0.0,670.5,526.2,0.784787,0.0,6a14e06f61ff909d501fa4e401cfae650ff7ec92e11bcfb63c03b8a2f60f9f59,aa47b17781e3db650fd17155db88aff837d3b830eeb7fc1c98f8918f6ddd7a37,dc8d426cac9915e7324576be26d30f02e3f3f59653887e11e9e8a8fc80e47b96
2026-07-30,2026-07-29,retrospective_reconstruction,settled,5521.4082,5787.6082,1201621.1645,0.0,665.5,506.8,0.761533,0.0,ecf52579afd62fef94949ddc0f3d54306186c44faf4809f01897da73469e234f,2221d46f07ca225fe39ecdb0cd0af80e275717efda93e7a83b00dd0a9d8a3104,30dee2f592ab866027c9ccb16998193d72607d74273a15b479bd27861443cd02
2026-07-31,2026-07-30,retrospective_reconstruction,settled,5808.288,6074.888,1207429.4525,0.0,666.5,502.7,0.754239,0.0,5fd36c932b8faedd2f7299dbb9aee602628555b4416ec8c89814a3001bbffb99,5ba8e9ac88bb20fe896a824bfa8ad8c4c4f7cc95c4dfe511c766490429ebad49,fd6a7d83c172de7b1e7f0406b5b89fd001e9d958ce51026e65d626db31aef8be
2026-08-01,2026-07-31,retrospective_reconstruction,settled,2365.104,2631.304,1209794.5565,0.0,665.5,599.9,0.901427,0.0,21b8a47acb622d73249a5cc10d065e1f1a71bfdf508d4b4bbacaf8eb1a29df43,ad9d19da5b330197cb22ad892debcbd7abc08b94f3b77c3ea14d62945556493b,ed07a84c75e6594f1ae036e33b208ab6087cbda38b002a13e34e31fa0da9f644
2026-08-02,2026-08-01,retrospective_reconstruction,settled,2270.036,2537.036,1212064.5925,0.0,667.5,596.8,0.894082,0.0,36f75be005622396a8323253f980d6ad04181a5ddad80b12433174645b77067f,630be01e147d3599c8f3ab2f4c637ee6fa0d8c7b63241e83fab181256ac20b66,def4e3462c1f9d1c0f0ba345c5156874d0c7c9c77d97805e773126456b5312a0
2026-08-03,2026-08-02,retrospective_reconstruction,settled,2255.0548,2520.8548,1214319.6473,0.0,664.5,604.5,0.909707,0.0,91a904dc5dda5d72945a8af6e2f6a89251d3ea0057d6e36d9c764acb42d83c64,a79896a17a2cbca6f8f48459f9a20c45bf63019d900601e36d6cee4c716e3bb4,d87ca8557a025bb3eda9bcc2d687897d8c11a8c0c4e32a20ab1eb2a4c7073076
2026-08-04,2026-08-03,retrospective_reconstruction,settled,1982.6885,2254.4885,1216302.3358,0.0,679.5,542.7,0.798675,0.0,8b2b9bfccc64b54638c9055f2c5416419a160cf0c2db396b6bc3e5777eab2e54,8287422569a1976060a77a7cdd0f1f36368f74fe45c529474fca366f4a508d98,5756015c5a7dfcb8afae7426f7cb6a7d04a8dfbb5fb8c18d42ca6ba3d680c3df
2026-08-05,2026-08-04,retrospective_reconstruction,settled,3564.406,3836.606,1219866.7418,0.0,680.5,540.0,0.793534,0.0,99fc5ea05ec5b836af94961d4a1bfc44ffa529c314b7714e755353c38cf97cbe,2723a90cdbfa643532b0044a6f1b34b91dfbc8fdc0bb3f752d95235ed030d259,59d0e3bef34843541c78663ecea2c8b31a8a3a3f66e47f5a394b84371b969aae
2026-08-06,2026-08-05,retrospective_reconstruction,settled,4269.5512,4543.7512,1224136.293,0.0,685.5,556.6,0.811962,0.0,c3bbd028b317a8c50eb676bfb395a314645b6c5f23218888aff14c01ceef095e,13c07bb85493d048d2d6bee8f0479bc27cf9c5597051a3fa6b51e004cd65d80c,ad04e096c017b9f4b56e3781b2a066c9510cb522801a863d2929a46e61699906
2026-08-07,2026-08-06,retrospective_reconstruction,settled,3767.728,4047.128,1227904.021,0.0,698.5,674.3,0.965354,0.0,8fbec54df3aa4212d1e9ac9a96a29cdce95b5ebf2d7b116f4f12f72bf67bd024,54fc4da6ce4ccc0caef4584a11424acce22e0d7bd72a031da2792ac0ef387fc4,cd41947df9731a72ef4892c0492a3fa716b3807174f942ecc6eb839a4524726d
2026-08-08,2026-08-07,retrospective_reconstruction,settled,5682.1295,5961.9295,1233586.1505,0.0,699.5,671.8,0.9604,0.0,0063c535bd47b320c3896f8c6c5b4362137060400633d6486cda54483f62511a,93ffbfeaacdf03b9c7d6e3841adf057834c442d1a76aca3a071bcc862de5b846,39b0310fca6e2b339f43a2dceec58f49299edd700d89f25a1cc3f34c716dcea0
2026-08-09,2026-08-08,retrospective_reconstruction,settled,3241.848,3521.248,1236827.9985,0.0,698.5,672.0,0.962062,0.0,ddc94691d250229ac6ad6800fe880ea5fceb51187c6264d8558851482490b32a,380d8b1eda02f117379d9425172856c8e4ab2b9bfd919c92d818cd389ee02e4a,251cfaea46cd235d14f35126ddfb0b569327aa40ed25c31278d794298bbd3a77
2026-08-10,2026-08-09,retrospective_reconstruction,settled,3847.2205,4127.4205,1240675.219,0.0,700.5,662.1,0.945182,0.0,84faab29d35cfe8fb04e366de0189aca5d6880b0d4edceea6623690eba250071,70559a8bca55c55e96a557f1ca8857dec97925683d1e4c2abf146ab7bac42a55,c626b63e33796e0b23712fff98a6fc0ee8907177cbf650e186c72732035861fa
2026-08-11,2026-08-10,retrospective_reconstruction,settled,13064.4812,13345.0812,1253739.7002,0.0,701.5,625.7,0.891946,0.0,172fdf24b215f33970848d89bb7a60aa0ce99614a7394ae1fc561e5f32b25ba7,32576b8a6d537894bcd4f2fa11cb30aa527b6d676f1420801327a291775e659b,1697dc282da7ba58001422459bfbbadb09a8028c46d6daf28177c2fe0896bde3
2026-08-12,2026-08-11,retrospective_reconstruction,settled,-9529.8675,-9240.6675,1244209.8327,-9529.8675,723.0,618.0,0.854772,0.0,cdea228a6fe58089c1c6cab9a6ff1fd272042ec2e1f83ca4153c5b929a1cf016,790da6baea54733084d6fc89ca14b6d0d4e4cad1f4c96aad6ebf3977042bb165,1388a175a12c955a28046adf2814123f97bcadc0596fd49030b42ab3299ae270
2026-08-13,2026-08-12,retrospective_reconstruction,settled,-6906.6592,-6638.4592,1237303.1735,-16436.5267,670.5,541.7,0.807905,0.0,3753627e9608bdb2e62d8f04fcbbf6c138a3665325c4e5071b69382a7c3725a9,a4a02909fa1cc1bbaba60431ecad30dac58f90a83659dc1fbfababaedb02c167,044d72e885e8d2de6d64e1fb60115bff262185b6cede97f3c9e5ffd18c2c2000
2026-08-14,2026-08-13,retrospective_reconstruction,settled,4461.2408,4724.2408,1241764.4143,-11975.2859,657.5,526.5,0.80076,0.0,1dabaf3fcd7eca06105a0544295bb6670f53346d73bf51f240f8219b8c5220a9,c1a043676274a3f5aec631485a135ecad7ed074e559ef94c755745461a759613,122477b3ab168a27ed637740495e7723e491a20b9d101e48bfa80ae5b2940849
2026-08-15,2026-08-14,retrospective_reconstruction,settled,2213.8825,2475.6825,1243978.2968,-9761.4034,654.5,598.3,0.914133,0.0,095daed60b5cfdb40a738987dd111c630a9598e74141a083c87a0ab1ff0d20a3,9c64a3a6041d91eda83fefa0a562d71db4b86a526d07031df62efdf1b547749b,ac2aa7b8555686a6fe13f29e717ed54ca408b79369f0c6e559bb2cf714f8691a
2026-08-16,2026-08-15,retrospective_reconstruction,settled,2053.2435,2314.2435,1246031.5403,-7708.1599,652.5,581.9,0.891801,0.0,5a78388995e7e0c6a23497a14ba63e0accf66fb94cc13fa109f437e2b3725531,6afda86263505400fb9b014c83ea2dc857286d492424f29765cee6f14827c885,8a17e2ab9baf3960dac0508c91f5a527541d5b358106805905928dff87ec669b
2026-08-17,2026-08-16,retrospective_reconstruction,settled,-2171.93,-1907.33,1243859.6103,-9880.0899,661.5,593.8,0.897657,0.0,d7757c202d06bedf5888582a00cbfb72ae979c25ab79c19b48953814c1b2f86b,3a6c8b84d4b5e30cd15641ec78f234724619a055b5643f2e24536316d0e8f352,85af9bdb4d0623d6bf7c437316acc08a0aaf741c50d39fe1665ac4adbc6f7e24
2026-08-18,2026-08-17,retrospective_reconstruction,settled,6044.8868,6312.2868,1249904.4971,-3835.2031,668.5,615.2,0.920269,0.0,1b3f2cbc19d5d85bd2a8ecdadba0ae04702e6b7eac43740fae093bc1e833de7b,845509fc8e67912b6aa1c2452f2137c7a5524b6853b05c92813030e9ff06611b,727905b756e25331aae5ff542427f1a5857cb70e06b4b635782bcbfe4187ccb0
2026-08-19,2026-08-18,retrospective_reconstruction,settled,7329.1452,7597.3452,1257233.6423,0.0,670.5,586.0,0.873975,0.0,8dea0b97bd37b6d510280ea45707676163f8dbd2856026af2c095e34e7d1cbf7,01b3e5fe7473036171140be2a2c974d81184e72496542bdd632ebf17916479d2,4832cb5adabc3b361b06b1c6b6442818afdd9a5cc5c793e66be7fe348ed28b7e
2026-08-20,2026-08-19,retrospective_reconstruction,settled,4795.278,5063.078,1262028.9203,0.0,669.5,578.8,0.864526,0.0,0c46fbeb4afda38abafab359f3101b91e2dd90bbdbe96d788b0627737fcaf8c1,b59421e373313911b7cf0ff169df2a74227f072137827498a6e22009626aa50f,161726e2331e257732a964d92fffc0b9bd7e2329ed17bfceecb2c56faf3b43c9
2026-08-21,2026-08-20,retrospective_reconstruction,settled,1083.7268,1349.1268,1263112.6471,0.0,663.5,582.6,0.878071,0.0,bd6650ee0a7e1414995110653558f52afa5f7f4f511a81752ca2fa3981f3ee46,1b13bf5e5460018cbcd658a01c482e75871d511c7cc5c92b609edcba61896649,5a0d0aadee6f25a61ad50a9c4ccefe411e83f80a18f7b8f5ba9457900728fc3b
2026-08-22,2026-08-21,retrospective_reconstruction,settled,287.8603,554.0603,1263400.5074,0.0,665.5,560.6,0.842374,0.0,83c4e9e1bbef6b4d6e0c7ec825acc32eebd7c2e1202e395b0bbaca4dbe94cc80,9dc95d3191aed18f3119bb56e86824f0698c460e8a1e59afdd19e9e00679f2d9,fbd3eb59deae238a1474af042071c13d07a50d88a9da9b8ce459d6dda7fc080b
2026-08-23,2026-08-22,retrospective_reconstruction,settled,-3128.7188,-2860.9188,1260271.7886,-3128.7188,669.5,606.7,0.906199,0.0,b4ef5062c09bcec82b037301b702beb04186c509d587c8a3b23693ced3bbd8ac,692e2582b2f8c5411a25c531aa991338c557402a9901a95ffb7623b2ed6b657c,6465f10b745b0151dc49d548c59821cce5d57c75dc60342f578e70e7eee29a2a
2026-08-24,2026-08-23,retrospective_reconstruction,settled,8287.0083,8560.4083,1268558.7969,0.0,683.5,664.3,0.971909,0.0,5dbe32e17235af65739dc86558d5b9ee7b77710dd1169bc11209ffc3cfb52abc,83d83e25499e0e855b8c1717a31b90340d241e12dbd97418c7fb511d16d68d88,4083d2e8346bf851a8437dac42889784eae38922f9cc72579eb7bb3aff83cb36
2026-08-25,2026-08-24,retrospective_reconstruction,settled,6756.934,7030.334,1275315.7309,0.0,683.5,650.9,0.952304,0.0,d8a905e7b0e6ad0c9ad5ca64bba8e44958d9bf3a98e7075e098a6d290a346cbf,15951278cffc519b03e2092bc1640e6833c2eb7ff807d0f7e9b71d349462b267,598e1c329446c6021800abb8fd77384c41d8d56cd652d1ce49d316ce2b458651
2026-08-26,2026-08-25,retrospective_reconstruction,settled,-20262.8708,-19995.0708,1255052.8601,-20262.8708,669.5,561.6,0.838835,0.0,38cdccc69a09ca678fed3333e9b6944eaaeb683ef33d7a18022609dea4189214,3126bc3e353654111b40e4a2105d511e9dcc41fed4cef20b7907691b941d0e28,ec1db11a68064ee5435e97c1ee8f37f1b4b7019cadea0f2dc332650657d04b73
2026-08-27,2026-08-26,retrospective_reconstruction,settled,-548.2058,-331.6058,1254504.6543,-20811.0766,541.5,395.7,0.730748,0.0,ba17ae884ca01fbca2fbd9c25e280ca0198fc096a0a5c22fcfb8741225500f07,b8ec0e8ed47097ea2eb01e533f336b9fd4ec892e061847454e14e1971e55a15a,bdb757d5d7bcf844090c8d9ff5a1940be0b14da553de068a01b18e244539124d
2026-08-28,2026-08-27,retrospective_reconstruction,settled,2899.8375,3082.2375,1257404.4918,-17911.2391,456.0,406.0,0.890351,0.0,8c668f370f61a89f309af88d7632bb4dd096777fbf942513dd183e9d177ba5a3,eb1b525ba0233f6366056c986dbb0ea6c4207fb0e46708fbe98eab36bb006207,30f4c0ee5cbf5a827710792d0d5f5f8c92955669a44521055b8c2b3c00be7da1
2026-08-29,2026-08-28,retrospective_reconstruction,settled,1333.2675,1554.8675,1258737.7593,-16577.9716,554.0,490.0,0.884477,0.0,a0bb7cd36bc8a71b3216bb2ee13a85761a6b3086dc32c448e6a6c5ca97cb196d,e87430d0e21b591c6085ec23030e03be31943bc5a79a20759fd62b6dac0b120f,48442362689d16fca24ac6973c49b6830ff5b080517bdabd8842c684a9265358
2026-08-30,2026-08-29,retrospective_reconstruction,settled,7942.5625,8168.1625,1266680.3218,-8635.4091,564.0,555.0,0.984043,0.0,3ac138ec15afa74f2c076d1522a39809d0c03d5918393d7fa8384c323178c765,077a06f426f5afb2fa541683a228313dc8f79745b189466c956c37d4cf0e66d3,c0a5ff1b5127b22f84e7e0311b081596d67fd3a69c7ab9db12362dbb7b511c1e
2026-08-31,2026-08-30,retrospective_reconstruction,settled,2706.1675,2933.3675,1269386.4893,-5929.2416,568.0,548.0,0.964789,0.0,2f5437bfe48131667819cc88abb4afdd582beac92a71786fa71e14ae63166a7a,64b1cd3b5e58266fc057eb3ce0612c645e431acd39df81a0e10a458520e78d95,86c2768fe8d1112c6ac43aff4a0fce18c053d4ab3bebc792ad1102aa822fcea9
2026-09-01,2026-08-31,retrospective_reconstruction,settled,3084.3425,3309.5425,1272470.8318,-2844.8991,563.0,530.0,0.941385,0.0,019d9f7ea9aa9c714d1a8b3f6805410c3b0db50c64906ddeb0723d4449af9cae,df89608c3e91d8e9e1f33acac0531ccff57b5501671f32ad1658157fef73de33,761d84f67036e055fcf8ed5383f108156d03940bfc922a54fe9cc413d7f8002e
2026-09-02,2026-09-01,retrospective_reconstruction,settled,675.5675,901.5675,1273146.3993,-2169.3316,565.0,526.0,0.930973,0.0,805a0f4b0faedc445e2aa1ac9cbdc5231936c859e0d14661d89a1fee205bac6a,bf5922b432ce806f66a054eab32d41314bd0c26c895a4a3329b9270a80e6b5f7,c5174cce1150afe8ac3febaa8fa58e9ffcf36b3b7cb565461f1603ac14e03be6
2026-09-03,2026-09-02,retrospective_reconstruction,settled,-425.9375,-225.5375,1272720.4618,-2595.2691,501.0,480.0,0.958084,0.0,9162b5088172dec002e26b5396b0cc0b4c9ce673780e80a2ea208681c7186d9b,be667cd2711394fdcf868dafff9ed572e94969ff2958bcda422bdba19199b8b7,21ce8a0a495f985e239b29bcb72f262e0fe98f328be807c09b3863c0c0cdcfe9
2026-09-04,2026-09-03,retrospective_reconstruction,settled,2967.7625,3199.7625,1275688.2243,0.0,580.0,563.0,0.97069,0.0,236f2daf5f25e457711cdf2ecf61102140ac98b5187550aefdfb5410cc353bd6,6449e54e4c96a84cd32cb2da79ed259e2af3c84558bd460e11216092e3491837,f941a96ab69204a729654d86e193287fb5e2d8b47c945393e48d0f0bc9520a80
2026-09-05,2026-09-04,retrospective_reconstruction,settled,3618.3275,3857.5275,1279306.5518,0.0,598.0,527.0,0.881271,0.0,0c5678edf831a310c8399788d3d7cbb9e8e7f4d7e2ba5ace304ef8f32ba3f96a,b33427c4f6c78d7d93ca904ebc7750af19fbdf62d704c365dede5b92d38eaa76,553330362b07d59819b9bd09eaa365d712d5160814fa9a645bc940f6ec62017a
2026-09-06,2026-09-05,retrospective_reconstruction,settled,1894.8725,2133.2725,1281201.4243,0.0,596.0,537.0,0.901007,0.0,06bb29f84cc02bbe05bf7889f2f4d150528df19353fcd6534e75439048604995,185e4a4ee20bf8aadf990ee2c1758aff14b3a6b293ce33ecd02a1b810aeececf,186fad6e67b8eb7dfc4c6abd89d62b01173a4395407d50ae6ab801745e97fb70
2026-09-07,2026-09-06,retrospective_reconstruction,settled,1469.245,1708.445,1282670.6693,0.0,598.0,580.0,0.9699,0.0,04046133a9cc4a22f2d0835d747f8d391b2d5c70844585a45dc0001a83a5d462,778a0e98f57c0a4f6c0ca25f507109cdd70ae63bda3735a5e03720ba9979a37f,930cee0a304474074b7f13b8b5ed38c7ec2d2845d794256f1604658f4c7d891f
2026-09-08,2026-09-07,retrospective_reconstruction,settled,129.27,367.67,1282799.9393,0.0,596.0,581.0,0.974832,0.0,d25d1e3379743337834fbd1dee1ffefc408adb00588e6bbbe516b0efa225f457,4c6f7bd4ec151173413f89ae45c106c8ce2e7fb268c919c6d2de339ecde703b3,cd2c1f2a3c5cc42df65cc6a1187dba4120c9d8b0b87260558c35e913df29f136
2026-09-09,2026-09-08,retrospective_reconstruction,settled,2179.07,2419.87,1284979.0093,0.0,602.0,542.0,0.900332,0.0,56da9b38e286a2a12289b4d20f232ed028f0915ccabb00ff1ba58e1f112eb1af,6bd18388ef6eac676f7a5f632e5edb47595d8522f026c8fd2a46a786b2f3c511,40ab15da2501c65a11ca08f26fd41fda204d3e83a1f208ea068f44a8f6b214dd
2026-09-10,2026-09-09,retrospective_reconstruction,settled,2886.645,3117.845,1287865.6543,0.0,578.0,552.0,0.955017,0.0,a7eef82d738cda8a7aa6f1042b114950712f8917c37cc6cf0055c5523a7ad7e6,9dcf0495bc8b764e9419f1f89ae3d04aada3edfe56b8455b8d64151a4407df41,4c9a256feb47bc1ed56e3064f5ecfaaf32ef029a5cfa1db479dab7f92fff5286
2026-09-11,2026-09-10,retrospective_reconstruction,settled,2691.59,2912.39,1290557.2443,0.0,552.0,544.0,0.985507,0.0,b9aabd6c20e4ab18e26fa8844da7ccbb91d9500dcac89b51a34e2b10aadba50f,730593eaa5f92b867c9d55e8da446813bcc8ca920359bf2f9e23e10571e53da9,14f5c7fe3b24ececcd677399381091d8b2872a4c79304b2cd3b3728ba4d8f2c6
2026-09-12,2026-09-11,retrospective_reconstruction,settled,4245.8225,4492.2225,1294803.0668,0.0,616.0,558.0,0.905844,0.0,da9918c8157da4ddd906d1f787775cbe09e52a0b31534abcaf4f7d714c3ff429,e08438872a2db573b5461d2e8fb1cfc48e49e7501b0ef2d8ad15fcbd33ab6567,cdf791cca603b0cc40a356cdc53dcc1c30a04126a69d2803e385fd2854495544
2026-09-13,2026-09-12,retrospective_reconstruction,settled,2022.78,2269.58,1296825.8468,0.0,617.0,594.0,0.962723,0.0,77bbb0b2485d7dd03f56b3fb7f02aa6f9c60e5ba014a4917c4807c286678f369,6e025770a9be7e9e956f4b4be79674cd5674f77aeadedb90b2af982e8390bb7b,417fb2301af5a6d45f68a3a56128f3ec7527f0651baf3eefcac20c6b4cbd4112
2026-09-14,2026-09-13,retrospective_reconstruction,settled,-504.76,-256.76,1296321.0868,-504.76,620.0,568.0,0.916129,0.0,8ec8d7db0b21b4f3ea9d2f4142f60c727008b7eb47923223cf08fd35019f5034,d6d70ff2e4d8c124baf6865ef31a9dd5d5fd98160a27d47e728c73cac688abee,a9655b87f2011cd85b62a1f225ad638788eff66a2c62bf5ae2e696d1bd9298f6
2026-09-15,2026-09-14,retrospective_reconstruction,settled,3843.53,4091.53,1300164.6168,0.0,620.0,539.0,0.869355,0.0,b9aebf8b2487fa90e9d387c533447341d1d97b8966136f70cc129ff2741ffe88,61cc3b66464424cd5315ea735cca53368db6cf45ed62f74c8e6bacf4d29a38e9,1744a6424ef8dafa07fbd4af84420791066943ad869fda0fccfa5822fee88c38
2026-09-16,2026-09-15,retrospective_reconstruction,settled,7203.819,7460.019,1307368.4358,0.0,640.5,585.3,0.913817,0.0,76f28527ea36d7105e8d05e27e0c0bfff2813cb9b22810ebb21c64adccbc345a,18684d06dcd8051bdb4b913e8461f30388943ef5784caa2b165c20ce30817adc,325f055788826f56af5966869a2a5e9a7de04211464c4873e20b62b32f04aa6e
2026-09-17,2026-09-16,retrospective_reconstruction,settled,830.9102,1085.9103,1308199.346,0.0,637.5,552.6,0.866824,0.0,93f62fca4a5c98c56f6ee02c8393d6b0ea2f6d85e752a23353876f62b5c0a9ff,0e121bfac549b7e63b323bbe70ea303d9366dfde467445b8faf16d4aa3ec1ca4,9bdeb9891a7383846fbab2ff3ead7b666478fa15db8d6329f1d85ace5c778e79
2026-09-18,2026-09-17,retrospective_reconstruction,settled,1477.541,1702.941,1309676.887,0.0,563.5,489.1,0.867968,0.0,3abe394c873432e999b60153bd8251b01711f8e0dadd44f424b5551e55c922d2,c78076e75da968ece03a952f0143a9964353213acec1e2abb2cabb4b504f602d,b0213efd03a24e7b1fbdd69e9aa2855be237cfc3ac4eabb4e4593765849ca4b8
2026-09-19,2026-09-18,retrospective_reconstruction,settled,3866.7752,4121.7752,1313543.6622,0.0,637.5,555.4,0.871216,0.0,4696c755ce0b8f21efabe21c75e842fff0e25cdd42427c2bc2d15ec9f321bb54,6ff8bb96fc1c2010c4488746ba60520c3cb1ad83aa80ae71111379577c0ad730,376de69c58233e102017428a539d235977a998771e89da4a2c147160386b24f9
2026-09-20,2026-09-19,retrospective_reconstruction,settled,3607.5345,3868.9345,1317151.1967,0.0,653.5,568.7,0.870237,0.0,fb0485087b378e209e00252f9f22102f3f50f5605665ab5d2ed051828d7c8021,7b044c5110fa24c1e6598e09425699ac860533c757444d5edfd06076139da072,f63044951463461fc168d38e15a4c577ad818e3d5048b21449d6aeb26e46b062
2026-09-21,2026-09-20,retrospective_reconstruction,settled,1723.4157,1964.0158,1318874.6124,0.0,601.5,524.7,0.872319,0.0,7f1ecc3c2ef2da751fc3773733b48a2b5877531ad2665928928c44e938ff3618,c61e38894c2d6ddd30b167dc7b5749ec3522d0536cd8a4e8259c4377f1233916,71a4e8ff439c6a213fb7a7d6b3c8e3d96c2362a09c4a6f56808a27d210941c55
2026-09-22,2026-09-21,retrospective_reconstruction,settled,940.5092,1127.5092,1319815.1216,0.0,467.5,415.5,0.88877,0.0,85cc39e53307eba178748581599e6a3b1dbe514556ef9180041d71bfc90ff249,6415d680104af28d3878e89110a5af11a5a74fae27dd55c31068349c1dcb21f9,dbc9369e9d477e7f268bb3250fa0952ed6248ec506a6f6da26b0526629255799
2026-09-23,2026-09-22,retrospective_reconstruction,settled,7141.8315,7406.4315,1326956.9531,0.0,661.5,582.7,0.880877,0.0,5dbd67e1d4be105b88d9e1ec37e338b6a39b70c12450acfed6dab8baf290a379,1d18021955fb12de8d80964195386e1648ca66149ff1f29439f84e96c1930848,4725104543970dd44e58042ae5868e7bd136b4bdcba4827e2580ccb59c44d280
2026-09-24,2026-09-23,retrospective_reconstruction,settled,1644.8625,1691.6625,1328601.8156,0.0,117.0,73.0,0.623932,0.0,42775e4589d8cc0fa1987f62fb71f20f14162f9848f1bb66989c8e0e585717cb,b9f0d92f47bf7303a6bd6bfa89cd0bd443269b0665914a320347cc0c5cd82968,24749f29e61af61c1c1cd1bedf041a521622702179bad2a871cd09d088f59cac
2026-09-25,2026-09-24,retrospective_reconstruction,settled,3366.2537,3638.0537,1331968.0693,0.0,679.5,559.8,0.823841,0.0,921a1573741b1b437eeb4c125df3508b4b3de736d4c7eda9e4db5ce4062763a6,c76fd6fbcf2ff6983cebcfb2cdfa44e2f9296aa6fac694a4ff04acea7e12ad39,41bda0ded3e0f498e64d87de6152741bb58b11ab8a6768e9a36b0e6276e98f29
2026-09-26,2026-09-25,retrospective_reconstruction,settled,3375.2272,3649.0272,1335343.2965,0.0,684.5,555.4,0.811395,0.0,0e0b7b8126f6155419b90502754038c407c051d7acdd7baa63304dcf05666c13,a9323b207b7d5b5b1da101ab4564272448cf7d1048f2e0fe33b350a7cbe45314,c684ffb5912801fdcf7448cea700da0feae1213994ede41e97f52b53a3e75a09
2026-09-27,2026-09-26,retrospective_reconstruction,settled,3682.524,3956.724,1339025.8205,0.0,685.5,586.9,0.856163,0.0,ddb289bf14df31632bea2478f3de54b2d4187289d696193d87b1d86ebacaa111,b6e9041d4c39d84176b4a682a7ddf0ea7bc8ad8978369f69173fa0851eba59d9,12853d9fa11a642b55e30b12b8e423554a23de428f1d864fd4ff05b3b22253b3
2026-09-28,2026-09-27,retrospective_reconstruction,settled,-460.681,-184.881,1338565.1395,-460.681,689.5,600.0,0.870196,0.0,ae4eabb657b173e69b94d84ac70786f39c1562a5e8c57d8da0f09b83a1f512e1,d3a5692f586126f718b23456bdef56a5169b8d48ffc3240c46bd3856b7c393cb,8092c7df2d8f4234aca03719780cc5e89e54333d0af72e42d2ed998270744ab3
2026-09-29,2026-09-28,retrospective_reconstruction,settled,-260.0665,15.7335,1338305.073,-720.7475,689.5,615.3,0.892386,0.0,002b9cda5dd5931f67f44c9f249ebec037f5b7c3766119b0033037e8469befe3,60ecdd14252dbf04dea8bb6a1a1c5ad33a0836cd89a1c8bc87c42d2e881c72b6,f5dbeb3d56a8001c8a426b35996cc232ec33c2d26ecde0c7c421419238d1d30d
2026-09-30,2026-09-29,retrospective_reconstruction,settled,5393.6245,5677.2245,1343698.6975,0.0,709.0,641.4,0.904654,0.0,61bbef152a570cff3043c867aa18b7dba45082d8675b3c86adaec57f842ee9e3,f2945a3a8461fa1c103c209a5269c5da4b61fe1517190006e688dee316116243,5d6a73afcdf8ae1d55c0777aa102cbd7813e91b2a3afa5ce137600ce9125abb6
2026-10-01,2026-09-30,retrospective_reconstruction,settled,-5160.1195,-4873.7195,1338538.578,-5160.1195,716.0,583.2,0.814525,0.0,865090ff7c9f752985f16036531c5d548f668e06f922d0f74506c44e5b4d4ad3,09be5923469259fa4a6828669221c424fbf0e7713f94ed3343fca37543bd6936,42d80cef71f9a2c3d6794f3e2d6f66ea1c028e61752d6cd63302b498fbe6a19a
2026-10-02,2026-10-01,retrospective_reconstruction,settled,709.495,752.695,1339248.073,-4450.6245,108.0,85.0,0.787037,0.0,6a888651a9c54d0cc77a5950023af9cec6c0cb07a15674e4e8879017799d49f8,5c5ceb6a0c44e36455078f586ab22a7fd758a402c02c04a7ac6f0221ce8e044d,b94ab1d06fcd89e336b8ec7becdfd62bc1d9fa0ecefb5ff8f2c3886443b1a6ac
2026-10-03,2026-10-02,retrospective_reconstruction,settled,281.3125,325.7125,1339529.3855,-4169.312,111.0,78.0,0.702703,0.0,b97bab40daec49c25cbebbff21a3517252f3b276e3e7cfd6d418551053efcaa8,f6ce99a1412f10b877f2cfa7dbbb1e6008b90b5c2d7396fad51c5ecac89f1a3d,20d8a7f1ab5c64fc535908d441c0bc9092a888f60fcda4a9656953073e3ac527
2026-10-04,2026-10-03,retrospective_reconstruction,settled,581.926,843.526,1340111.3115,-3587.386,654.0,487.6,0.745566,0.0,f13d71edf73614355683b68582707e89eabdf70e9b43827ece5e915514534a95,5aaf9cc50303b41c626cb9e5a4f67c82eb27837171657c111894313d8ecb4762,2cab6c5d825be4eba583d0b8666ad36451fc6f1cd7ef06c49cb63ed1a24c8369
2026-10-05,2026-10-04,retrospective_reconstruction,settled,-9490.27,-9194.47,1330621.0415,-13077.656,739.5,552.5,0.747126,0.0,28cc76db74c14cecdde3e1be64bb490e24df669a51cf3b5eeffd2de98a0155c8,054b0249a5dde730c8db72aa88bd936ea2abc06c4d6afaf9436b51e25c6055fc,7ca5f35fd8ec073d140c23c5c7543f079574750696f7f564a4891671e3f2577f
2026-10-06,2026-10-05,retrospective_reconstruction,settled,45903.1405,46197.7405,1376524.182,0.0,736.5,637.8,0.865988,0.0,25a22cf5da40429cb3e018b4d3ec5f18c8e1e648c88656a57856ce3acad325c9,4747f2083cd1adbb7c12ce188051da5ef98b7b57cf8eea9e12fc99fefe6e399d,7e737dc6feb29ca6759c7cf334254d0ea000d99504eb88dd03ea03f7ed7b66e7
2026-10-07,2026-10-06,retrospective_reconstruction,settled,9035.3725,9323.3725,1385559.5545,0.0,720.0,617.0,0.856944,0.0,0e8e00d3a55aa002dc8d93aa815eb409d63036e0db45e6d2bd66dee9bf835355,c26b05841e244a57e92d4f8c39dea995d5560aa51be77e825fe26e1326f9ef3a,cabf9e40f2c865937948bb5f23cb117c23bc0a6c8e50e9738a08f1ca8fe16b4e
2026-10-08,2026-10-07,retrospective_reconstruction,settled,-2491.48,-2311.48,1383068.0745,-2491.48,450.0,394.0,0.875556,0.0,cc03f7837a560bb4184e8212f4e762cc598e3d9083b2e88d4357ebdcf5dd60ac,698c3f919048c97e8c638ccb0db30d57af0f91536de3aac80bb48321eaa55789,e6d0432e897de656cd9c618be375f38a729fa454f5d82b32712c03fc80b40176
2026-10-09,2026-10-08,retrospective_reconstruction,settled,-3350.04,-3171.64,1379718.0345,-5841.52,446.0,387.0,0.867713,0.0,3c709e2a846cd82b3d68aa54eb74dec1869774c1ff527af253636f5a0dd5b3f9,c62eeba83cc79c8b8d24b90a23748cff2d22ec84fe05a1810402bbe11b947dd7,eb7588bef35c3bf839468fe3d04d279d9c80ae068c7469493c7d2378320dfd08
