series_id,date,signal_date,evidence_basis,status,pnl,gross_pnl,cumulative_pnl,pnl_drawdown,placed_mwh,awarded_mwh,fill_rate,decision_proof_id,settlement_proof_id,proof_id
series-01,2026-01-01,2025-12-31,retrospective_reconstruction,settled,-2251.19,-2251.19,-2251.19,-2251.19,800,780,0.975,8f958c26ad62bf11d08cb65dd63855ef0590fc2fa06be30e3ad21b5f7e20e0fb,0da6abce7cb4b56fcc887b84e0bf4346c2fe1f1f3d9e74fcff9465105cc82c6b,e2cdbbef2d14fb493efd50f97c5d41d2d1fc148ed8ae738cc5d1183de047cbda
series-02,2026-01-01,2025-12-31,retrospective_reconstruction,settled,-2251.19,-2251.19,-2251.19,-2251.19,800,780,0.975,195edd2123ddfed1a29e287875a3fefb20c6d619a3eebf785d2557ae8a76b618,1e95209b0bed07251bb115be862c606ceba015f46f9222fbb0964fa3d3e89b65,8842f3d3cf67f4d7d09b1c6025b2f03206f81dde6d0e4288c625ac82f41988c6
series-01,2026-01-02,2026-01-01,retrospective_reconstruction,settled,10823.6,10823.6,8572.41,0,800,786,0.9825,f98029aa49601b3be2ac1ebf06a544995414ac74e3dd6d40ba64794ed2b78d13,2917b93ca12c8c0d4efc1b66ef66acd33dcd65c6f35e70390952c9276ee31e80,b47338f487dcebc665935c3689a64cc83532939bb9ca31a7f6cf62203ab29dca
series-02,2026-01-02,2026-01-01,retrospective_reconstruction,settled,10823.6,10823.6,8572.41,0,800,786,0.9825,69834e20511ff76cccabf6e52f51c712c300415f8d0be2caf94aec0afcae85af,24121fc25f16209cf155fc8895489abd14266bb1df0cdb6033a14b50cb3333db,a3faa708a3a9345af60dbe21dffd1d20b71b28c5bca1750e24d6262d187e65d7
series-01,2026-01-03,2026-01-02,retrospective_reconstruction,settled,-1135.6375,-1135.6375,7436.7725,-1135.6375,800,679,0.84875,752e4761dda6197580494bc6e11027ce4b8b36833a758bdb773dec51cb97306d,efe5797e04663ee5ca7484db5c6e95b11e7d8d4fefb3f3daeb9145dc6a2dc73b,0ad89b9eac09349af94ff9df1ce04887cf18b0b56de244f776004546a693c40a
series-02,2026-01-03,2026-01-02,retrospective_reconstruction,settled,-1135.6375,-1135.6375,7436.7725,-1135.6375,800,679,0.84875,06ebe2889d81d6cf0364a1cfa2de2756db389e3a8a3443dbd692c428e337cb59,2076382f4b00807ecc9c604a2eff82ea8bdb9eb68f3030a8573dcdea87c0972b,b5dd33b97c664682ad46e5ed525fb93715a7ab08ad54e1a0afa6b90f69958479
series-01,2026-01-04,2026-01-03,retrospective_reconstruction,settled,2701.505,2701.505,10138.2775,0,800,652,0.815,6130dae87053051791dddafa5a036c38a7c40c8086b9b974539d897f126ec7c4,822e0ba021471bef7df83f47d56d96c29055315b0875971cb2fd6502d8a43561,d46abd98d83b8cf5980544eaa9c24989442a14f0c362b399842813319ce98763
series-02,2026-01-04,2026-01-03,retrospective_reconstruction,settled,2701.505,2701.505,10138.2775,0,800,652,0.815,825a618227efe19c48330ed2636fc5adf9c76e04aee58c3f8ff6abf4f400d888,70a2a95935b01bd37394db06cbdb4537822c2418afe40d99c4fbb43c5f4ffbe5,20d786e82b897c54321a0a20dfb520ec2b5457839b15c69898f3ea277159e641
series-01,2026-01-05,2026-01-04,retrospective_reconstruction,settled,-21243.56,-21243.56,-11105.2825,-21243.56,800,779,0.97375,6096498fead48596569fc7b0a0f76481eda9d54e2e2b4f2abf2ce3ef9ea3a918,06976e8a7454ca73b88937da4fbe7971ff2e52f5a2b31394ca0c3a2058f77710,3eb4e05a7628af05a79fb97a6b1ddfe3f73c7cbf09ddc310df66066c8db60fd5
series-02,2026-01-05,2026-01-04,retrospective_reconstruction,settled,-21243.56,-21243.56,-11105.2825,-21243.56,800,779,0.97375,48a91fe3d79ce12c0562f37cc5da62abe74606ec9550af06b23a1d730fca49e0,e74ce3f870fe281dcc05ef82f77b5215e901a7d17edc16af29fe8fe0e50efc03,bcd7a451c3daf64a574c6f269bd754e409e5f8c4af0ad3950564216388644f2b
series-01,2026-01-06,2026-01-05,retrospective_reconstruction,settled,6084.9675,6084.9675,-5020.315,-15158.5925,800,800,1,4d28342c371af1b6bfd7abe996eae075782ed6b4fbc2e8496857535fb92f3a03,f58da617aa41f9102a16a6dde073f19d2bb409c032a8b95b4da72b709b306f19,7f616317e08e930ebf11deb5153a0970d9da3367ed0942b14fae100838eafdf0
series-02,2026-01-06,2026-01-05,retrospective_reconstruction,settled,6084.9675,6084.9675,-5020.315,-15158.5925,800,800,1,690093d2acc80828c42298cd8bcca2092aecb6a1efdd16d5fd1f858d1afeb1a3,f85545b1192e88b14b1a58badf2652a430f53e092efa1de7531d439d8437e446,8290f8d27e047e3a410e47ba45a6a6615b2b2ea5d2812ef17a75c22a97832aa4
series-01,2026-01-07,2026-01-06,retrospective_reconstruction,settled,-6898.6025,-6898.6025,-11918.9175,-22057.195,800,790,0.9875,db51127cc02e7ae2bf19530139f24cb6fa2d4ceb4431bc408096e394606ebcbe,b9ad89358dad57375c43b989c199fddd136fe92c7ce85f86ae76f9f9f2fb38a7,06cde3a9ddf1513220005b378b0fe48ce43e5c9159197c7e20ce0f25b59c6257
series-02,2026-01-07,2026-01-06,retrospective_reconstruction,settled,-1427.8775,-1427.8775,-6448.1925,-16586.47,160,160,1,1378efef834ee2ce411dbd46f21d8fb0d5ada1765f02de47ea7792d87e740bec,3726e59b551759bfad90484cfd88ba2ae5942058384177ff80a159805b80f1b3,6b9e1ec50d47aa1875be8cacd93d942bbd37ef1f644a548566d61abdfce41202
series-01,2026-01-08,2026-01-07,retrospective_reconstruction,settled,-14219.285,-14219.285,-26138.2025,-36276.48,800,734,0.9175,163671d9f06205c5d20133afeab5bb903144d3524ac97d27aaa1c632ad8c6fa5,0e09d08631c746becf2a355bcebbf8ab8aedaf4a81ffebd129a5c3642faf9297,471245c57822f1767080deba54b4c45a5f04cd61cd913dea2854fb4b87e69718
series-02,2026-01-08,2026-01-07,retrospective_reconstruction,settled,-14219.285,-14219.285,-20667.4775,-30805.755,800,734,0.9175,4520a6ca4d1cdd5390f7495c5530f25fbca30e5808924774e1c4fa9774276b94,36122d06884da3f2fa7b5222ebffc50516a8e563d72c7629a6ea22576407ef54,d049d03669de1b0ce7a162595ebff7ac3143284f0d681f968242db2c90af7efc
series-01,2026-01-09,2026-01-08,retrospective_reconstruction,settled,11212.7625,11212.7625,-14925.44,-25063.7175,800,796,0.995,7019414d566cda9a01abc50a28d41f32cc7fbdac553ee0212e5dc464f29db72c,bf25ec5649b6a293fb6f5f2850557369bd15ae7e2f037fe69ed006766aa8a496,36cc8bfafa0a9353fb2b59a9f040fefaae8f89904d42e7adcb5bac9ccae276a1
series-02,2026-01-09,2026-01-08,retrospective_reconstruction,settled,11212.7625,11212.7625,-9454.715,-19592.9925,800,796,0.995,7908145dcdb3c23f9f8f575637305d10bf64bdc6981740462c8bac9b47dc2721,13f61b567444a84e4479497494fbca0cc1584e60a2131c7227bd4264addbf30f,ed1c7382112f312407dafa912a19cace711dd7926e603dfbe4a5c74f850cb87c
series-01,2026-01-10,2026-01-09,retrospective_reconstruction,settled,15880.1825,15880.1825,954.7425,-9183.535,800,751,0.93875,9bcaea80669b43a40590ad5e231d9ac7e10b79a8e6eadb9744b60ea7755ccb67,db3b4ab3ee581d41ab5de959bcd4883b6f0846e7c551b3476b0721c18dc61506,5870611b68aa254849dc32f098237d4cb64dedd691ff1fa2df1332854d40305f
series-02,2026-01-10,2026-01-09,retrospective_reconstruction,settled,15880.1825,15880.1825,6425.4675,-3712.81,800,751,0.93875,acf56cd5e8436aca267b967b1daac8d49e6d25eefb27a1201fe9a9107fc9eb04,f3c1e74b97e786d3367a254c9d240d00778d1dfa4dc354bf712ae36b28e99400,5da260ff12b697d085b24078ab978aa80439e37dcd6800a31c71e8d246899eae
series-01,2026-01-11,2026-01-10,retrospective_reconstruction,settled,-24853.33,-24853.33,-23898.5875,-34036.865,800,795,0.99375,9e1107b927eb45be43412589bf8599d94253d6278086bba4245feb3f336e0d25,5b400fc4211b69a0b407aa924b7ce445d5ff8c214f7019d76c8db475f9bfdf0a,bdc5287459085faf8117e2bb587294b97e695e3026fd73f702989bdddb209edc
series-02,2026-01-11,2026-01-10,retrospective_reconstruction,settled,-24853.33,-24853.33,-18427.8625,-28566.14,800,795,0.99375,b9d5069723b36af0c6c20ba021b397eb007f3b1189a9364e15d79c320df9b7f7,0265933d722b402e3d75fbcc2bc0a88b7e0a71321d08d1ae107af212a34935ec,c6f0f7ef52367d4542cf247617b1e4ac20e785b5ece0aaf4061f218a19f344d1
series-01,2026-01-12,2026-01-11,retrospective_reconstruction,settled,2757.04,2757.04,-21141.5475,-31279.825,800,800,1,33e1382a10d0b29b3d797fbf4b0115c7a6cfebccf244ec2c01e62ff36605d45b,c4f552c8d68750619c42d63acd5cb14b629f47c4d8102a677fdf427c5c98e02d,688a33cce3294f33db297a48070e175bac80090ff074989a04dfc2bef1a760b7
series-02,2026-01-12,2026-01-11,retrospective_reconstruction,settled,2757.04,2757.04,-15670.8225,-25809.1,800,800,1,87412a2193e721cca960bb98807a005ff47dc7b8acd9358decc149431eecb381,345d047424b6c9761f7b16dea8a5c1cb8916b6807cf60f32792c2a44b0196154,7e9102d3ef2e61e3c3c66fb5e07b8365ff3ecbd128fcfec9a3ab1be273dc2654
series-01,2026-01-13,2026-01-12,retrospective_reconstruction,settled,-5743.055,-5743.055,-26884.6025,-37022.88,800,800,1,58f036f960555e094bee5b67c684674872d570f25c1727d38ee08f7dacf3c54c,43f49f2ba2abfe83aac40272df072ddd3a6b48bf69b9e25a61e745b57116380f,2029adb76f6603df26a2cbae82b805fcfba55fff5e78aecaed19d75bcb4067b9
series-02,2026-01-13,2026-01-12,retrospective_reconstruction,settled,-5743.055,-5743.055,-21413.8775,-31552.155,800,800,1,971d2a795b62947a21bb72000fd9500fc85cf508cfd87c507b6060971a6e1dc7,a5185a49a582a7dbc14263b38d7d783a4013368dc77ea6c38c91356ef4b2295b,b78248e3757981affa0aa97ecc0a509f2f9e45fd7e9585bcb47de35dc13f1b62
series-01,2026-01-14,2026-01-13,retrospective_reconstruction,settled,-3686.265,-3686.265,-30570.8675,-40709.145,800,795,0.99375,95a301e67cf50adb32b9af4b9c398afa0846d3aad62a3c452ae16514c2334fbe,b7fbc5c78d7801d69bd977bf236ca45fe23993784e811b4785e1bcf37cd7a389,1cb89ccf43de261a94ab5602e69c11ad2a7e76836c36605dc157298c50e07a2b
series-02,2026-01-14,2026-01-13,retrospective_reconstruction,settled,-3686.265,-3686.265,-25100.1425,-35238.42,800,795,0.99375,be915efdf8177f3c4fbf39b27090f6be0698467543d9a65927b70539389fbfa5,a35ebc518715347d9aa87521c4ef6b694e519ea572ac7f2bf4b340c3aa5b6a88,fe7424998a31e17545a3261aa0e1b292034fa16c24038807761006b35e90fc5e
series-01,2026-01-15,2026-01-14,retrospective_reconstruction,settled,23081.1875,23081.1875,-7489.68,-17627.9575,800,754,0.9425,6737e7f554f03746766a21eca40ca1401cf9dd6ee36b288ddee6404114a5a00f,c2b368bf8dec21c8ea6474ae5c89a89c2dfdced61136f88fd8d3e18d1f33eb95,890ebe903d800f429bdae37f04348de5c1335d6c6a42ad6ea1a7ca8dceb73410
series-02,2026-01-15,2026-01-14,retrospective_reconstruction,settled,23081.1875,23081.1875,-2018.955,-12157.2325,800,754,0.9425,f331362c59248ba05c22d3d33ac8c42aefec66a98c18f9807f12d372720b93e8,d46c2948f98357fee4d9734ccf3b39f75f155501f371bf862d7aa0145787f947,a5d1270d38e20c52a25679df832474ffd8568a5a60a420e62b804ffdafac9ac1
series-01,2026-01-16,2026-01-15,retrospective_reconstruction,settled,14470.76,14470.76,6981.08,-3157.1975,800,795,0.99375,ba6635285b5b64cbff16caa2a51fa4d5d8e1c73f611951380bdf317f035292db,8f820e1132063c5bd50025394b4326839663038a1b528254e35b6f7a3eb2507d,95173a13ad7f10d8781a3ce0f1a2ab25a3d91588a7d530a07080cd02004b4f6c
series-02,2026-01-16,2026-01-15,retrospective_reconstruction,settled,14470.76,14470.76,12451.805,0,800,795,0.99375,54e329bfef8cbfe18a0f923d3f4f0ba361a1cb812d48aef12e5e8becd3540512,14ee619d7d41fa478795890e77e99dcd300e80aab0c0cef8c6513bee26a23c2b,63674a48dc20aeb02dd75d854824084f300d530220fa1f283a47c2bde75122bb
series-01,2026-01-17,2026-01-16,retrospective_reconstruction,settled,-149.55,-149.55,6831.53,-3306.7475,800,774,0.9675,055ed31a74ef3a9faec5b909c34a523f3b338557162753a0ca204c7d6f585ffb,696fb97eca58fcfa029b3678ea872c75ac3a83d89720bb2e126c9fbb46519a4f,340622f40dfd142ab94e9b652b4b8e89bb358da2194a6fab199ced18580e187e
series-02,2026-01-17,2026-01-16,retrospective_reconstruction,settled,-149.55,-149.55,12302.255,-149.55,800,774,0.9675,65055c5cf41be1912558808d0953c9a6ad189c6f2a42af8e7eec616cbfae0389,db14171651be38d615d229e7307b64b956f2352a582fb38f07c3982bbfea098c,e3df4ee4e445ec9ea6add9db2df9f1101b4d3aaec6ce8b5b85f82cf9fe5c5af3
series-01,2026-01-18,2026-01-17,retrospective_reconstruction,settled,12640.1925,12640.1925,19471.7224999999,0,800,730,0.9125,8d8c2a1a13266255bc1a1ae5a4bc16b884cddf42318318b81f5dd2a8e67753fe,f1e338fdddcd47ae6d5e6b5eb55f0b1645d007721db245034517888450adffe5,e6c183e763ac5ad4da4a4d214ca6fae58cd3a7f984c8b6a7036bc25076689fdc
series-02,2026-01-18,2026-01-17,retrospective_reconstruction,settled,12640.1925,12640.1925,24942.4474999999,0,800,730,0.9125,2f1c06d0c7587bb013f5907651691a059563abbc73380c385fd059e81494912f,fabff41c53cc1b1d5b10ef7863dd9c51cbe173409331798af0876a07666507c1,b891f926bb13d0f46deddbd0f723439eaf7a42a0454d1b3dd6749f16c5e518b7
series-01,2026-01-19,2026-01-18,retrospective_reconstruction,settled,4483.3725,4483.3725,23955.0949999999,0,800,696,0.87,b7291e19821bf502ce240d31fef5387995bdb1b40d559270585692f8eeb48d25,11b6a3ebf4da4de3b2fc100bfde1388d8ace6ccbfdc321c0d6de53b6679f82d6,d878a3ef43d19fb2d863981261946210bb8794ee121b203184a92fad8339a978
series-02,2026-01-19,2026-01-18,retrospective_reconstruction,settled,4483.3725,4483.3725,29425.8199999999,0,800,696,0.87,3844036f339f6f4cae89658979a623eaa2e62be2151c3ed2447a53d70604cc3f,9f94fed9fd64fa7aa7a30acbd6b20eb30d89e714950c289dda24a36d87b11562,af0814b0c0bb2f8afeca905b7baaa869ac90466e6cb95fcf834b593e97f29f42
series-01,2026-01-20,2026-01-19,retrospective_reconstruction,settled,21500.04,21500.04,45455.135,0,800,796,0.995,9ffd81fa29257bef3502e3ce3f653c2dec17ba4492a84110132980e5bc01090b,a99fd78d97c007cfaae96b0de5b64df3c5ddfedb653af75f0d862820476567ac,3705f5cba4afa384bc8fd5adf8d18b5917500cca2a3229bcec3620bed78ba5c3
series-02,2026-01-20,2026-01-19,retrospective_reconstruction,settled,21500.04,21500.04,50925.8599999999,0,800,796,0.995,50ec0a95b6a755037b36570fbd5a92f3a320bbc28a00e45ff7c8598a37f97533,32cde53c370823ebaf6b01ccc8c7a8056214749e3374b42ab28df275d06a4106,7fec4016da39bfa65da04b950d09e3ec553e01033c16c8db60dba71a41b77591
series-01,2026-01-21,2026-01-20,retrospective_reconstruction,settled,3141.2475,3141.2475,48596.3824999999,0,160,159,0.99375,d4792948800c32f4e0c818add5d23194a92ccaa8d58116b58244a7623f5f7ad3,5cc47ee8e087e01fcb31c1df95cd3537a5a0a9724190935002a8ba9d1425bc7f,ef54b2bc16f5614daa9371c95d23874691c2f6fbe37eee5c1b08b8b36f7b2c47
series-02,2026-01-21,2026-01-20,retrospective_reconstruction,settled,3141.2475,3141.2475,54067.1074999999,0,160,159,0.99375,15396635259b82f6b1f02dc36b75f08926b531acefce1e84270e6efbb435add4,3a95afcf64c4a58096c24a0032b2fee6abb0a57ba9579c63c07edda2c3039e04,52d73ad4f7c90e4106969df0bd30b93f7ad63d7b4a3ea1e8522c8b2f07e2e78f
series-01,2026-01-22,2026-01-21,retrospective_reconstruction,settled,344.27,344.27,48940.6524999999,0,800,799,0.99875,8123baef16fa4cc4a42059dc637a6e9d7a9486115c5e15f4b84577c1f81a7d6c,935276ef800c616f49b0f2755707a9ba2cf667a60ee4a320bb58e5ea65ef3653,3a92fe17361bd3629e04683117922d903428c830f4e03a78a65bc92072437c0e
series-02,2026-01-22,2026-01-21,retrospective_reconstruction,settled,344.27,344.27,54411.3774999999,0,800,799,0.99875,5d4436535ff6d208a4b26d7a29e6892eef56d7ec35dddb3a417516853545cc28,f2f8a0bfe2061b531a3a123342d225fd028ed45322cb1312376ccd13a92a46f9,75695fa9e58332a6b87b614c2160bbfba2afd847c14a6a609e792056cba272e8
series-01,2026-01-23,2026-01-22,retrospective_reconstruction,settled,4272.055,4272.055,53212.7074999999,0,800,790,0.9875,d97cba2838cc3c0aa410dfaf95a18ca2b5229f28a3b08858fc4591e8a9b11a37,b52e6213f55148d853cf26e11145faac855434fc0a70f885c9dd7417423d2477,1b26fe0c42b2f33c42c3589877f69a45367efdd6bdfd70b53efd426e95dae6cc
series-02,2026-01-23,2026-01-22,retrospective_reconstruction,settled,4272.055,4272.055,58683.4324999999,0,800,790,0.9875,401a8b23a147010971c785bea9b0276a45b221b236f7d9f1771ca8ea90f8cb48,bbb01e39b3f73f5276acd39562d8d1c9a9765a02ba4a43042ff1229619d4744d,b284b76d83d6eb0a41a1e5f1a9eef91b4ba037a13dff839d13a26a9a40ecb2d3
series-01,2026-01-24,2026-01-23,retrospective_reconstruction,settled,9948.2975,9948.2975,63161.005,0,160,159,0.99375,97fc14ef1f3a722d98989419c72c81a64b072f6458b4d5c81854e824d9e26fa9,1c5bf49cc7365dc9e1352fb862d15b54cc7cba3357960f4eb6885cc2ad314731,498c5f12ddf1bfdd8a4fd066f25e71a1ec518bc656d6278ce6f55098efd499dd
series-02,2026-01-24,2026-01-23,retrospective_reconstruction,settled,9948.2975,9948.2975,68631.73,0,160,159,0.99375,712b3a95e800dcac43251381e0c4dc9cd90610a944c8d06cc9f99d6cbeb8193b,3aaa0eafa1a7aee1a5742043c802591acf4ad9f812f172eea5ce093f98473340,0dd01a0c06aa28f62e6a82187403b815cf30bf2f5f6c31601f2813062dce1aa0
series-01,2026-01-25,2026-01-24,retrospective_reconstruction,settled,28528.785,28528.785,91689.7899999999,0,160,159,0.99375,ec20a5131f869b5284700d4b3fa203f24b465ced7bcf2f543dc51ce1ab7686b7,7cf0a163e9e0197f62464d6f9af6b315ebab044181df7afdf224cd08d858723e,a7938bb7b895064323501d3b3d1647b029be11bb89d0fb977f95b5e2c63d19df
series-02,2026-01-25,2026-01-24,retrospective_reconstruction,settled,28528.785,28528.785,97160.515,0,160,159,0.99375,bdc11abcbebf63ddd978c19fa7b3a77a3b1ec5083e0b2bed6d2c6906f1858cbd,d41dd8d9fcee83e300e596e9ce1ac0314e1b189d28866c38296bdc8ef62e5d73,fc8f5c1b513373e09df2fcb0e679636b03d4a188d132700178fa40f27c558152
series-01,2026-01-26,2026-01-25,retrospective_reconstruction,settled,42358.9575,42358.9575,134048.7474999999,0,160,158,0.9875,0c47a40e0a0ac6315253e12794f4502cb42035bb3b21d20b8fea5bae9b804b4d,cca3b8051fe10711ae4ba0122f130b08d01c28bb4ea5866f3e104bc6611a0113,b14b7b49b5ad009928838f88e05233816a1b3e5d2ac5d84ae52fed15f867b0bd
series-02,2026-01-26,2026-01-25,retrospective_reconstruction,settled,42358.9575,42358.9575,139519.4724999999,0,160,158,0.9875,ae76f02eb64cbcf094ca1bd48aed425c316c4ceef3d83fedc465163b097cc4a4,658103d0c05f1df5ac9c0fc0a536b9b50c8e87e75c8a6c51c198b635489f8ae9,57d14874b60dd223c7a286b851749c9a576678f699eedbd3748b016d69c4aacc
series-01,2026-01-27,2026-01-26,retrospective_reconstruction,settled,4425.8325,4425.8325,138474.5799999999,0,160,160,1,03a0c1b980aebe528939fed8468c16b8a790ad95b40034b92987705526ba76c4,3e9fe0f8edb465bc82568355100f9c22b403e0879a6d77fddae690deec0837c8,b6842045a5ca42def7d4ca46d554cf7dc61c3ffeb2d5c8da3875fb89a684ad88
series-02,2026-01-27,2026-01-26,retrospective_reconstruction,settled,4425.8325,4425.8325,143945.3049999999,0,160,160,1,aa6d587c2aa90e03edd377127dbc7e34154ab2858cd0a5358610f21241d6fc27,12a69b789d5ebac6a26b8146873764f7cdad818b1b3aeb6ecfc1caec6ec03ea1,18dbba7497991615c18e25242d1ca9d932909f7155196b223aa1b8358389bf73
series-01,2026-01-28,2026-01-27,retrospective_reconstruction,settled,900.7625,900.7625,139375.3424999999,0,160,150,0.9375,cf8b7edaa540c201bed99157b169493da1db136869cd8643834a909c55a39373,44261c4ef0612f0583a8928bbb90edf5ad886dd647fbdb84ef97dbd38b613cfa,04d0fc6aa450c18b13ba8cf4b5fb06a95d3f112b5746edb81b258526ecd4f249
series-02,2026-01-28,2026-01-27,retrospective_reconstruction,settled,900.7625,900.7625,144846.0674999999,0,160,150,0.9375,14a1ab1d1553f9bef52e29cf6e7d24e638b20d9df8a39bda7a0430edcb841b7d,13415b51b99508446c39e0169ee03b66676300196d758ad95583bb2ac1eb71f7,659135a4c117389e63bb87da761db623946b123c6fcec4211c87003223d76e6b
series-01,2026-01-29,2026-01-28,retrospective_reconstruction,settled,1032.1925,1032.1925,140407.5349999999,0,160,94,0.5875,f484b007db9722d7117ac12d3577d401358366180409d2f80d1165b5e26b63cf,9f0bb960a9853dc6ffce129c5b203849627c675c62c56452308e65878524f269,ec44f49be3efcad09b6aa7b38cb7718e566c9a8bb8f1a2b3d369bad57ec03b56
series-02,2026-01-29,2026-01-28,retrospective_reconstruction,settled,1032.1925,1032.1925,145878.26,0,160,94,0.5875,cbb10f3557b0f9693a597c93c2dd787bba57099204c02a2664ffff881560e203,46f819a0d821d37327fb9780ae794d804de9a90a78d8b7601fd015ccfff58bb1,9c4febb421075321291862f40fd0bbb4c7ea20b86860e2f2dabc568b9d9032fb
series-01,2026-01-30,2026-01-29,retrospective_reconstruction,settled,1194.77,1194.77,141602.3049999999,0,800,711,0.88875,ec32b58f8c62ebfc915ad979408a9e0381a7fcf243057366b839b64126671a1f,e4bfa4f604ef0426511dc0768fddf57ea7603ad8eda2002981bb0e0619b575a7,edc7b83908338e63cf5a71e4ea67f37b00ea36bf79d280c847ea2286a8e77976
series-02,2026-01-30,2026-01-29,retrospective_reconstruction,settled,1194.77,1194.77,147073.0299999999,0,800,711,0.88875,02f8e6c37f9f715f07da4441a462303200fd754aee6a2c3c233d0b6bf91ae3a3,7adf47e1d76fdc028b2f77485615ede7d9c91a7326d4caef428c1e4213418e09,a887c059a43c86686d8d606352414b1f46dfcd881303d403de648874444ca22a
series-01,2026-01-31,2026-01-30,retrospective_reconstruction,settled,-4108.54,-4108.54,137493.7649999999,-4108.54,160,120,0.75,929caf667de14ff2166cea85b79678b046e8e0e69198cec8cebf9f6a278a24d7,06fbb0eeab6d84ae2a13485792c8fe6c8e99b5a330c1a2ba4b1f36cb4ed71441,c0bce35bce46e718f3d7f2fb062de8b22d8a4678e8b634fe78c70afd6d5dc142
series-02,2026-01-31,2026-01-30,retrospective_reconstruction,settled,-4108.54,-4108.54,142964.4899999999,-4108.54,160,120,0.75,61e39209906bc7ff04f02f9d7846215287a4fbaab7819989520fea77e565a78a,e1e3471ad74381b95a4736851c56beb627aa80791021cc2cc1e00800252e6086,a033fbcf6c65cc20d0716ea7ff8ff24e87e37468551af041d85cdce3951135ff
series-01,2026-02-01,2026-01-31,retrospective_reconstruction,settled,1123.1975,1123.1975,138616.9624999999,-2985.3425,800,619,0.77375,3cd7bcb0eec43814f61ef81ba65ec604a68d3cc33e10423ce4675a68b9a2f331,1a7b788731894d70fb17215d763033134f9f7c2f3f03b9d2ba013bbab680864d,606a9b6b3cd2eb85d174e3ce48c37fe14e17bc6311da3c3593a22188f31aa536
series-02,2026-02-01,2026-01-31,retrospective_reconstruction,settled,1123.1975,1123.1975,144087.6874999999,-2985.3425,800,619,0.77375,e73240f5c631de264eedd6f46a0fae8de03f04c192a888a3058f91389493c847,487d8276196e2ced6ed389db17572e6dd21fe84016b162111dd7d3ae6b6e2144,6b8effd3e4b8b8df12c0160b238b5b62590d619771972f6cd19c5ff40453ab9b
series-01,2026-02-02,2026-02-01,retrospective_reconstruction,settled,839.4775,839.4775,139456.4399999999,-2145.865,160,128,0.8,5e81b54794d3b3ce3b95c1694b683fb9045dda751a07ed221a4b4c28b2f3b770,55480ab09fa6fa1291de67a0d508339088857101f6ee05b456fabe4044c91cc3,4e5a7eae8b871df673296bc2b4a39d64c08c87386f112d2c8d9b5155a132e959
series-02,2026-02-02,2026-02-01,retrospective_reconstruction,settled,839.4775,839.4775,144927.1649999999,-2145.865,160,128,0.8,5904aa5dac4686c50c6dd9808b0340501b2a26b701456c6366f76910df237dd0,b546ab2cba65366fa199b29dd89635a9135dd8ada780549d7d814e1a06e6f6fc,da81a873b7fde5a299777643ef036271d1bb93e5e42b938274c7654669db97ed
series-01,2026-02-03,2026-02-02,retrospective_reconstruction,settled,519.9925,519.9925,139976.4324999999,-1625.8725,160,125,0.78125,e75dfec5714a691a5c6ef6e4ad49083c84a7e29536780a4b6deb0cd420b1a11c,4a85fdda3000aa5df1249d5b7477a0cb7cb9300916db2f286ce3aa9e94391b03,44ae731efcf56195fa874d6b833ab43b73ab7bb6ee9a68fd0ec725bf9e043445
series-02,2026-02-03,2026-02-02,retrospective_reconstruction,settled,519.9925,519.9925,145447.1574999999,-1625.8725,160,125,0.78125,bf2b520621f34d77b2f8b705ee58a423def87fb0b7980e4a5fb645d40d07668a,352d5c35486162b36398a65d8e57561631a1a56844c0a1fe12a59665d08df718,bad8665d15ba9dda725a90d009ed8aae29b01d6cb75a23556c56f3f89d66753e
series-01,2026-02-04,2026-02-03,retrospective_reconstruction,settled,981.285,981.285,140957.7174999999,-644.5875,160,150,0.9375,800a68bcc28e9ed05507f2864ebb5c000f2d105a9628730c7c5a4fce5d19f09c,7d2ef818941c862d67fdd89cfe19f12f8577f6d0c126dccfaf6ddb105e9d1385,aced8458117cdbb8b3c9d9f5551767fcb6972b4a69df89f30319967f88aa7b58
series-02,2026-02-04,2026-02-03,retrospective_reconstruction,settled,981.285,981.285,146428.4424999999,-644.5875,160,150,0.9375,c46528b02d561adfe37b610b1174b2c6211425096df156c355576be3425ed730,fad8644a68752a80c9c01355b953d6812aa5ce8a84019f2728474b94090c9e86,827b4ecc1be39a222822303b5191dd985c4a4de7a1e11d29d20ef5ab81595772
series-01,2026-02-05,2026-02-04,retrospective_reconstruction,settled,4504.75,4504.75,145462.4674999999,0,800,799,0.99875,3c6a6efe7bfe5eb72711ec0a47f6f7be5a00bcef16b13b76b744dfd2e7ae7069,a663356c0734e637e3612dd35f18b96eb3340b7667fed0ef451ce2ddf623617a,b1ba048c62d1a67fb4be3c49935b7f0de3e0f11fad02757499756ac6ec85771c
series-02,2026-02-05,2026-02-04,retrospective_reconstruction,settled,4504.75,4504.75,150933.1924999999,0,800,799,0.99875,c4e305d2aed965167ca4dba30179efb8f7107e07e8691cf612d1f5980b0e691c,9051b5fbe2e566e134cab0cdcab3f4af3191659b61355dd349681d59fb51145a,641428f07121a195af4735b5f4f0baf41da3fb2054ae23981e2c730b30f3ad82
series-01,2026-02-06,2026-02-05,retrospective_reconstruction,settled,-30830.24,-30830.24,114632.2274999999,-30830.24,800,800,1,89f038a6572002630c9c1018c38bd2fcf196ddb492de9d4c4699ba396edf8baf,d65c618bc31af24493e5d604a723f3e302066445ef29d6f1acdde19caa39a406,92667ff0961607e671853e0bd417e6bb1d9327875384956250b4bbdf89ef8542
series-02,2026-02-06,2026-02-05,retrospective_reconstruction,settled,-30830.24,-30830.24,120102.9525,-30830.24,800,800,1,30122a8b3b5241b20c10d931869828c9e6444c9c140f9c98db12e008c8e5ddf1,d3fbd3d05d539176ed8b0367ef2d4c6dc87e72e4da6deac99f44787ccd79ec91,a7ef33acfc6dab0840a3b8f53b20cb23afde40ca1389c7d7ce81276609e5365b
series-01,2026-02-07,2026-02-06,retrospective_reconstruction,settled,-12516.585,-12516.585,102115.6425,-43346.825,800,800,1,78771819fec6ddae0746d49dce2ca52c6f8257999a42bd7fd6ab244c25d1e20d,96d6bd1f180cb6a431883d754bf6be16641eaaab1f56a1ba58c69634b26d3e75,5d413a845b79bb48141a721803470c53e38db6c8ec0f92903f8291ac6992df1d
series-02,2026-02-07,2026-02-06,retrospective_reconstruction,settled,-12516.585,-12516.585,107586.3675,-43346.825,800,800,1,15571d194112848f54bf7fd5b017028d92bd1614750007272aff90754bd1ec98,e02b421a979444576d08fe538bf74c02d04b4b3d7909f489205ef349a87467a5,37fc5bcdf825b7c74227438fdfe013844d4698dc59a5d372a3badcbfd64ebe03
series-01,2026-02-08,2026-02-07,retrospective_reconstruction,settled,-9373.94,-9373.94,92741.7024999999,-52720.765,800,780,0.975,cb43fae12a845ed432093fd396d7209f668d027434712b0b78bca9e37047a384,6473d612f05f9b9d560cf0b188efc995a26254903b0ffa4a1e2a6514ad0563c0,2e119d9c19a85131032240c2c7553b9c3fb7d5658c4214921ea0edfe354b300b
series-02,2026-02-08,2026-02-07,retrospective_reconstruction,settled,-9373.94,-9373.94,98212.4274999999,-52720.765,800,780,0.975,2e07897a86051eb57a64ffda1ba355879dd653c9d189d3f621a0e87f3bf17f03,65f6657a03add69859c25ea6b0ffa60c84bf6c6ee9da6241c3e2a609cf93923b,1b16eff21648b2c2046e15c483d8be4456700f9074f49978621d07e946b16ca9
series-01,2026-02-09,2026-02-08,retrospective_reconstruction,settled,-1757.67,-1757.67,90984.0324999999,-54478.435,800,780,0.975,bd8ecac80c266435c40279df824fe24785fda053e34794aec649c7514d3ba5ac,77ed73e412325d0d5a86eae9b2d7f442cde21f798f206e5c5b68bc4c265b5f83,ab482f2ec7adb1889f3b3f7513e62f510665be72969c0f04e6a0091d927872f7
series-02,2026-02-09,2026-02-08,retrospective_reconstruction,settled,-1757.67,-1757.67,96454.7574999999,-54478.435,800,780,0.975,b9ee9afe1029502c79813aee68a45481b1fa11239650f753218fb3f5ea35b65c,a37a2b1029a5fa467b88a66ebbc6f1db38f99cf2bedfa8bd35ffa36c9f1af99c,a06a0c03e359bcffd96543116e92e495bd4ee984333c83250030809e55b25bca
series-01,2026-02-10,2026-02-09,retrospective_reconstruction,settled,2783.335,2783.335,93767.3674999999,-51695.1,800,693,0.86625,c6e524a7d02f9c01d297d8d3e0af0605b81dd737f854b5af27cb44b077e1fc08,e8d3dce2ecc49393998c5a393d08cfcad3c70ccd27a128efa6abcc3da7916162,df7db3d7c593fbdb61027584f9c99f5e36b1630a5fbf6da3793f4b87be21cba3
series-02,2026-02-10,2026-02-09,retrospective_reconstruction,settled,2783.335,2783.335,99238.0924999999,-51695.1,800,693,0.86625,b6f09c75ae45e243f4c0ff39f8484ec58f6142aa35959969c94bed5cd8227c5e,fca714763ec739b3cff72e01ed62e9a14dcb6cef60e26052ad56f50c99fe6629,f3511ea0d8166ac4ce78251ae1a7c6f8eaa90d541833e6e03e424ed01060b009
series-01,2026-02-11,2026-02-10,retrospective_reconstruction,settled,6042.4325,6042.4325,99809.7999999999,-45652.6675,800,796,0.995,7e0c1a839f2b2533351cfdbc2adff39c260d3d664eaaebcc0a52d77306c4ba3f,ba4553f20c44a9d52e07f4b9feacc64da7ecad0b0152eab2e13b2afbb605b6bf,390c80f726d75d7f6137377c78b1f9baad18b189ce0895553380e70af131135a
series-02,2026-02-11,2026-02-10,retrospective_reconstruction,settled,6042.4325,6042.4325,105280.5249999999,-45652.6675,800,796,0.995,05fbf9c6e5b2c3d716eb6a8cd2d8525b53adc1a0ef826a8c14a8bc87806a341a,828df91c2bb69597eab8007c74ba47d69c31c8aec972ea2d04afccc645851238,883d5e4bb186455581461322347dfb41c473da2c03fd5ee84d92daa12773fb36
series-01,2026-02-12,2026-02-11,retrospective_reconstruction,settled,6125.8775,6125.8775,105935.6774999999,-39526.79,800,744,0.93,ac89116cf5827db264c455d9b5b45590566cea7730b482459b0ff051fe6b3760,e94d44132ed7a94bf40d66421b48bd3fb0e74651f9b22fc43cc4f09d6b88bf48,ff18fc1ac82d36bf5f52eb2451539915b97a8c92445ad97b83bb314afc93e28b
series-02,2026-02-12,2026-02-11,retrospective_reconstruction,settled,6125.8775,6125.8775,111406.4024999999,-39526.79,800,744,0.93,540d26dd959b087b4e78fd8ded86059a73878a3c3cb704cd8cfd955fd344eb8e,241a22b26f0887942ee0bd9cbd42ea44fa780c3c75f828dc0bf44c4dd8993646,561ef276bf10815cc7df97e152a8508a1303fd38737f693c25c8a755d40daccc
series-01,2026-02-13,2026-02-12,retrospective_reconstruction,settled,-905.845,-905.845,105029.8324999999,-40432.635,800,694,0.8675,7b3e9e0e8c311fe3a1cba3413cd908b98dec137851e772d411a4ffa5f55fee6d,cdfc6dea69a0df87fa3cdf9fd78cbf7ddf99a9a73df7dd71d58a72704f228dce,b0fae49cfa51f9ae1e8589117f58dd16f58fa6218c7f2a905ceabfb7165d34b6
series-02,2026-02-13,2026-02-12,retrospective_reconstruction,settled,-905.845,-905.845,110500.5574999999,-40432.635,800,694,0.8675,fe08377bf90192f901696912996fc31f5dde9325ff5f6775c11743fd77fc2cf1,b817fa53ef6b99ddd32b68a9f252d617d6d9c1903e3b372e7c6a1162d0a7c448,fe851d14523abad34782de029cc1dd5182102a3f88fe7e05168d1456ae67dc03
series-01,2026-02-14,2026-02-13,retrospective_reconstruction,settled,2109.6125,2109.6125,107139.4449999999,-38323.0225000001,800,564,0.705,4d918e4157e231e2ccf0adf08f0f35ddf40fbc4794d718fcd2d73bcd72d33e83,b57d7d821146dfa9133a3971676134255ab31cc42629cafb2a0a5836c89770ce,dde25cd15b89fd36aa1430327848c8a01ed7b9bba96e6325bc1b6eb13b412677
series-02,2026-02-14,2026-02-13,retrospective_reconstruction,settled,2109.6125,2109.6125,112610.1699999999,-38323.0225000001,800,564,0.705,5a2b173f1751954fda785689a485678f777a6ebc236d7f91858aecfc684e6e66,b2f11a2379af21768cbc8c4399ce2886e014c444f654206c34194bcbf0361d33,722177195660f06b11621f3f95b970cc4a82beac70aeab4369c40782eae1006d
series-01,2026-02-15,2026-02-14,retrospective_reconstruction,settled,12868.48,12868.48,120007.9249999999,-25454.5425000001,800,789,0.98625,1d0a13b790a1c805cead02a1ac810493b51a630a1c9eeb68a64e6e5b7c35233b,93a9226448cc8fbfd0333e3e1a3142c086f780d9b3cc25e2006e10f15999c6b0,47ff230caa8df15e9b902f9c9a8ed4740e96273c789de46e7e56fb624581ac2b
series-02,2026-02-15,2026-02-14,retrospective_reconstruction,settled,12868.48,12868.48,125478.6499999999,-25454.5425000001,800,789,0.98625,9283de5b5a5e9f6782bc238ac27a48e6bacb1c3515f9091d9e271c74beee375c,f12f4d21eb8000cfa5c485e3332d499e8180cc4dde61df586645733545fbf83d,6d92368f5979fa9f73a1aa03304cda2d39583dbddc425bdb0555dc5af6e5a3dd
series-01,2026-02-16,2026-02-15,retrospective_reconstruction,settled,3419.555,3419.555,123427.4799999999,-22034.9875000001,800,659,0.82375,9e2a93db875e91ec27a6fde6499a5201f88c33b880ab09d907c35c1ea1717994,97f7feecf05844fbdabb12aa5676b4a4cbf0bf5097d7dd8f10de7f88daf53ace,14d0de8f87f6c843423cbb9d9e605582dd1364274c44d895958ac71da4b714c2
series-02,2026-02-16,2026-02-15,retrospective_reconstruction,settled,3419.555,3419.555,128898.2049999999,-22034.9875000001,800,659,0.82375,41bfab8f723a4b83900affdff65975c0b26b2df2fec9df2b79294cee15c6b133,0d66343a7b5cfdc453a6af58bcd992136d6bf74e2dfe6380b90f84bd9ec16321,b8b80c928a2f75b91796a12d77b3d9fcee1abf2da4fd91d62c45b6496d51aef4
series-01,2026-02-17,2026-02-16,retrospective_reconstruction,settled,4261.43,4261.43,127688.9099999998,-17773.5575000001,800,589,0.73625,1ec4568947617b3aadc884350ca1534629df125eaf911d3dd80cc2c91dd527fe,31941be1ea9ae7ab85e75a9ed116598d6aed0e4734de2d73110aee0dfff083a9,f44ac82e9503405c9225750c6afb40267d10d7a74e13d836b7460c8635c6173c
series-02,2026-02-17,2026-02-16,retrospective_reconstruction,settled,4261.43,4261.43,133159.6349999998,-17773.5575000001,800,589,0.73625,4b1e2e9c9389b68edc70a0f20e3fb67a8f75369c0c2b607081caf8c984b294b2,10737816ea7fab0730ed47c0e22e8e1d4621063019c8e5c183b7f800ca8ef41e,d7c17aeea893765f25e973e6aa143b0cd2a727418f0663336966bcecd8439ddc
series-01,2026-02-18,2026-02-17,retrospective_reconstruction,settled,13408.845,13408.845,141097.7549999999,-4364.7125000001,800,774,0.9675,802872c2e39e349474aa9805f1d697c60c96504144a56409e0abc9c9e2ef65ab,56fe165cbdd87b2226cfeb5928d1e04c2efd77a7e7282e36c6ff051da7884a3b,c03ea74b3610dd10a18a468065d86c446f067bc34e943364ce8ac71084d9afa3
series-02,2026-02-18,2026-02-17,retrospective_reconstruction,settled,13408.845,13408.845,146568.4799999998,-4364.7125000001,800,774,0.9675,0dc342ab41b4e06a6caaac04ea8d909ea75c0dacf2353b9a683acc0d0fe30973,cc8b9eae042de031c95b1781768a49d2f8c5eee3a1ebc794c733971df4a67923,1efc8a58ef2a6ec2f1a728a84eeb4a155ea898db5b9bf89e2d3deb20538d5677
series-01,2026-02-19,2026-02-18,retrospective_reconstruction,settled,-2559.6575,-2559.6575,138538.0974999999,-6924.3700000001,800,605,0.75625,a4da7f92ce32640ad492d9518e45cc97e49efc68581a298c6a2f20b278bc7663,6bdf547a52c003b78e61123588705203bae7a77ca00bb18aaffc96167597c643,7028dea6ce4e2ab2c2337676089735f8261d6e4ce9f32d18286078478b0a05b5
series-02,2026-02-19,2026-02-18,retrospective_reconstruction,settled,-2559.6575,-2559.6575,144008.8224999998,-6924.3700000001,800,605,0.75625,71d8c5d6eba7e7c77c8e392cb4192d7f11835da45f26ee2d8348ef45f8731f2b,9191ec3b1005538eee6e075d61a6cdd6979e080fd0bea47c00971b6e198a73fc,3f2d804e2bf32482085c63d3b2558ae117350514da88d241ba7c4cf34c9d0804
series-01,2026-02-20,2026-02-19,retrospective_reconstruction,settled,11776.895,11776.895,150314.9924999998,0,800,800,1,4efe72e58770e32963e168dfe619e258cb60743fbd437a7905044c27aca7c409,6294ad99573d36bc80669bcf155e5329102ef46278b8e8d05af0d31935bf073f,d53d4b0da3d30f1a9845bbab715711317fe0b5ac97b30c8f5340a04c8510e951
series-02,2026-02-20,2026-02-19,retrospective_reconstruction,settled,11776.895,11776.895,155785.7174999998,0,800,800,1,f59fa6680cbb745e5b0352dc807cc0522ac4807a79f5269052271f60b7a7c966,4fe37022d928ed3d5deea033f8775c507e0c03497a021fbc6da96a147b2f5773,818e6344910e76c72ce71494fa4b09131e2d9e6511e1b6458d19f763f11ef58a
series-01,2026-02-21,2026-02-20,retrospective_reconstruction,settled,5394.4975,5394.4975,155709.4899999998,0,800,734,0.9175,b103e3b3b3300ca30c06568f282e1dc963210237cfdb04200aec57ead4cf6bf8,00e46698b254b4f45d8c1a94564c9753300b142e0337671ea5d589a99f2159d2,6d08c1b4bdefa4633d81761617d9b93eae3b3445d9eb761ee31506fb062717af
series-02,2026-02-21,2026-02-20,retrospective_reconstruction,settled,5394.4975,5394.4975,161180.2149999998,0,800,734,0.9175,2db670240398066355be52140eb9664a7d922162ed8d8b746febc13af181ac82,19921057db64e23bb7538724c24f9b9b268451c23028f37de218d96c56b13b1d,7f1c6dd708fee22de31e43920b1f08e1f08126c246ba02d1b4db9f3dbef7c9d2
series-01,2026-02-22,2026-02-21,retrospective_reconstruction,settled,879.375,879.375,156588.8649999998,0,160,125,0.78125,3f0ce151cf064fbb3138a2540769dc2549a94ba32655a72ceabb1497e99cb78f,c3a3f93482d5e7eac0ffe7314ea09f14982ca8af8ab5852df6a213d6ec8b1cf4,4a5cd6276cad936abc26ad277e47a9a63f3eb62a28feb4b6f832da5b0b045156
series-02,2026-02-22,2026-02-21,retrospective_reconstruction,settled,879.375,879.375,162059.5899999998,0,160,125,0.78125,413368157625f665e452a137a9fc2d55d590676a3385b92246d771ab9964c571,39c83579491168eb994368498f25bfc7a6537b3994049b7187def809fd90132e,66576784907aacc5444ebe06021bfd289339b9dbe91fb88cd8a8a7656f9671df
series-01,2026-02-23,2026-02-22,retrospective_reconstruction,settled,2040.6425,2040.6425,158629.5074999998,0,800,540,0.675,4b61dafa83da0c78870d1fc514bf76d8221c3dcc09180c579533797fd8ca28a3,bc57c16233c573a04800e728e62f2a18fb8d3dea68ab2eab82aab2da1c5aeab1,eb66682ef8f0fdc61ceacbb3a8c02eb4f2e5e6e4b89c84eed08f861f4c85411b
series-02,2026-02-23,2026-02-22,retrospective_reconstruction,settled,2040.6425,2040.6425,164100.2324999998,0,800,540,0.675,a1e9a555929e14484a765e5cc520c566447457620266ed05d81a581da140f049,8f95242c5ef8261ae57599daac98350de6b7b3d4bab990bfe24970a42b05403c,5f580ed7a3f5b043c49c8401825a50dc82d099b19b324cc0271751f5b5a85b62
series-01,2026-02-24,2026-02-23,retrospective_reconstruction,settled,5774.2825,5774.2825,164403.7899999998,0,800,471,0.58875,95e1d96cfc4d33d57ef8f0255d1329bae548b76561522352b0233440b62f5d34,593767f39903cc7826faaf9d72e42d396e8d8e9352ecb1b588c7bbb06b34d2c7,89ef05df81459a86cf4de29bf9ee39a56614ff7a9180fba91243e0a7f1c0eff4
series-02,2026-02-24,2026-02-23,retrospective_reconstruction,settled,5774.2825,5774.2825,169874.5149999998,0,800,471,0.58875,194a2a9002ad00cf663bdab25b60d9814ea2837fc05c30c2b13390bec4b399e3,f015fed00be97c040ea7a306cb3824fb6e37dfb3a9af0cd0d1de31ed25e0db3c,dd8702cb142adc8487b5e61bec3821696d33db2dcbe7b1a4dc5e2e9e25601601
series-01,2026-02-25,2026-02-24,retrospective_reconstruction,settled,-2084.435,-2084.435,162319.3549999998,-2084.435,800,759,0.94875,46c0ba73451f326ab279e82a5f0b7effa24c44f7fb2b9a4235323102803d0e02,b76a601115a35cef79b98959844233a80d01fa4be3354242b1a4ce9dc3d21a31,5cbcf7314e88867bee36002a7baa7f8fd2c09b6eff6c6a523852fdfe7c4592de
series-02,2026-02-25,2026-02-24,retrospective_reconstruction,settled,-2084.435,-2084.435,167790.0799999998,-2084.435,800,759,0.94875,b8291e773935a4b7725e330834bd5a54bc251fd05867b26accee08959f1afb37,0d4f6c6a5135cc68211db1e1cc728baaba3d55b49514971719bfb713058338a9,4a1a7b28f4cafa955184b67dcb525f5352bcacd44449695e5d1b7a703155b6b0
series-01,2026-02-26,2026-02-25,retrospective_reconstruction,settled,2470.9775,2470.9775,164790.3324999998,0,800,583,0.72875,b9b5b61c9f65c9dfe38eb51a237f00c708ae1c6ad48c73b50f88933c82d3c8be,9d564db0119ef7a3b5b2156080948aa135b40f05e393ca81d9dab103cf4d2fa8,32d6758fe5bab37b9314cb96027c9cc2258b692cfbc021cebe9e4c951e392650
series-02,2026-02-26,2026-02-25,retrospective_reconstruction,settled,2470.9775,2470.9775,170261.0574999998,0,800,583,0.72875,13f7981525bbb1d38ac0db1171ba8282f66be4ac0fd85b405a725065462af21b,757ee94f6682dc2950182adbd3ecba89cda2e4b6277f1970494af273ec6e4b05,caea1e21c7a31206add3e90445a75faaecf41b358b6ebd6207f2337fa693470e
series-01,2026-02-27,2026-02-26,retrospective_reconstruction,settled,350.6925,350.6925,165141.0249999998,0,800,693,0.86625,63603c6b64fa25931cfbc1ec3ff0640e2c3bec4619492b754a0ad12025eca1a4,fc26a382a4723e2cabd5ab2aab5f41904a08c7f843f3bb27809128140d487ddb,b339c5c992836d3a26800a99e6d06bee69e1a87b7d61a930d3120417cf0efef8
series-02,2026-02-27,2026-02-26,retrospective_reconstruction,settled,350.6925,350.6925,170611.7499999998,0,800,693,0.86625,a7d42647d8d5250c2c54a01a7a90c993b96955fd4cf453cf5256fa7044d266cd,418c88b4008d28ade058af79a9be5e16a445a5d643cfa26f2efee5bda3946bfa,0078fec386ede7cf5ff2ae51ed791793706a2a7813247c5420895ec53c72a9e8
series-01,2026-02-28,2026-02-27,retrospective_reconstruction,settled,2760.2725,2760.2725,167901.2974999998,0,800,399,0.49875,166af1f01ce935fc6815cd5e6d39ff503e13101d73b070c30f5640b911acfa8c,53be59e73ca8ec5276a2b87a7c4496044ac5b4ff513f205c13ff680dbfa8c780,f77b816e5f97c39e1ea609907b1b95a54044af7409fd62678c407da6eebf63e5
series-02,2026-02-28,2026-02-27,retrospective_reconstruction,settled,2760.2725,2760.2725,173372.0224999998,0,800,399,0.49875,a8df22f6f5b768090b3840f4d06d64d6b819f5b70548d47a8e395e9c6b87c095,00f14419ef4c46d89298d5b436f6089004631808f8ce87749f78a4b5f26f79f2,9ca74d233583a7f1c920b90ce0a5de3a68a3375fc57cf2158f9c53e776499513
series-01,2026-03-01,2026-02-28,retrospective_reconstruction,settled,3260.7825,3260.7825,171162.0799999998,0,800,705,0.88125,abb48f87e596adccf444ba01af0e171b16c09fc216a8db45ef655c55c37560e8,df57eb3a34427c3c93b17128e2ebf2bbc90f87f9ce6567abf306824a502f29ed,4c31c48a33434679d0bdeff80d10450f4c0023d157dbd40c15de88cd3e090da2
series-02,2026-03-01,2026-02-28,retrospective_reconstruction,settled,3260.7825,3260.7825,176632.8049999998,0,800,705,0.88125,534e5a212a0e9436c7f1d4063c3592d9af724ba4f2d488bf5614ae157a01c93a,1be48c0a9a295da8f2f5e4ecbf5d6e5fe660171fa9aac2a18d373c3ec4e50b22,186f5cd823ed4d39aac57c097a357488a55a1e43eeca83f869a566b2d97cb67a
series-01,2026-03-02,2026-03-01,retrospective_reconstruction,settled,-720.7725,-720.7725,170441.3074999998,-720.7725,800,411,0.51375,db9ed6e3ac963f4438262720ee7741cc97c4ddca18012432d72dc010db5fb84f,ead0ef0bd05f5476b0152186cc81091a3d128563da482486c9c93f14019f8cb9,2f6a5f9b387ace3833dda65db741f901d798867e3dd1f16197ccf673e4aa04f4
series-02,2026-03-02,2026-03-01,retrospective_reconstruction,settled,-720.7725,-720.7725,175912.0324999998,-720.7725,800,411,0.51375,2c823f6ca5469b9f2458b13db19432a00c47c73294d5a9ed64f0d9a73dd4b870,f506115b78a2438c199b6e8300a00a034f2bf368222797972ec79c6489dffb86,bc48df93c080421d1e077b650ba20b618b13a8b28c040d96bb234a16ab7ac47a
series-01,2026-03-03,2026-03-02,retrospective_reconstruction,settled,-12937.7675,-12937.7675,157503.5399999999,-13658.54,800,608,0.76,3f6b609f75f49c048d1421055102241c7c74329e32f27b01a7d11cdaefcac881,5c7c9fe025a23a42842213c9a233fb2a52feca848223f335648cca4445e96092,d0694deadbeaaf399a303c7a4a798c360984f31174acb8b094310fb573fa872e
series-02,2026-03-03,2026-03-02,retrospective_reconstruction,settled,-12937.7675,-12937.7675,162974.2649999998,-13658.54,800,608,0.76,995b91d548efd80603eafd39c8ad423a2b13cf9fcb53d80c0b9a3f9d698949ea,398b52691ac02f5d702b358f5a55460bee53a8057f103e0cbadce7299ae30ca7,88a6433230b604c6776ff33a8124f1b450f0752108e2d667ce9af6e8d943c528
series-01,2026-03-04,2026-03-03,retrospective_reconstruction,settled,-1202.895,-1202.895,156300.6449999999,-14861.435,800,765,0.95625,235c27ad2cee9030a0cd8d36e5a2f9301b7d557ca70814e997da7688daaf1e34,9804a4c3d1ebc03ed4bf635632c4638e184043444a14791065b1a1aaef9e28ea,aea96756494eaf5ade3dfd8d11d9fab9edadacc88d229f421a229b5228e743af
series-02,2026-03-04,2026-03-03,retrospective_reconstruction,settled,-1202.895,-1202.895,161771.3699999998,-14861.435,800,765,0.95625,07dade9e903c9b4e5faa979a342a59877d9b3503dc109ac9b1941be63fdaedd4,1a519a555b3244405f29f8541b4437531a90c5315363d193a440175390dc03d2,7cd1238b0e5078a4466db38bcac4e1c1121b743277b67a748072f61e80fae0d4
series-01,2026-03-05,2026-03-04,retrospective_reconstruction,settled,-1123.9425,-1123.9425,155176.7024999999,-15985.3775,800,757,0.94625,32070b01328a55362f7a5b140c4912e6b27c3f3a13c76a07b1d209b322c2b7dd,3c0cc9bdaff5950af360b04da0ef10d2b9901e674a27befc6495aad88a13ace4,d6dcc798db4458523efa1bc96944c6b4c17c99ed92330f46690f2f73d57e6bfb
series-02,2026-03-05,2026-03-04,retrospective_reconstruction,settled,-1123.9425,-1123.9425,160647.4274999998,-15985.3775,800,757,0.94625,96b1906715fe1f9589ca8fede6b1bbf0658ad5c589fa0eeda524a873bcedbe89,c0961992bd21083da2affbf9bcd87764a90e72b2ac6421a4256d01a7f1558e1d,06ac57987e438652bbdd41a55cd751d0035e2001d9dcadfdd74db93cfb14ad0f
series-01,2026-03-06,2026-03-05,retrospective_reconstruction,settled,-9888.965,-9888.965,145287.7374999998,-25874.3425,800,703,0.87875,6bc91824af47e2332be2ade51204fd2a3e994b47c45e3d771b39e2c8adec3177,1b8a4d7305cf870e1e7e2f046a4ab0134f9be536add379d80b44fa3bcc7e4346,651b1e23a8c0e07d3f958c466d73abbf92a1f4b0492725e0637aa080f6fe58e5
series-02,2026-03-06,2026-03-05,retrospective_reconstruction,settled,-9888.965,-9888.965,150758.4624999998,-25874.3425,800,703,0.87875,a1bbe68964f6c69096fae69fc8b80096f75a72372473e7174647ea8b6f0f7e09,16876fcdcc52347d8da244637a552a2e319eee65417cbecfd1ceedd7dbd32dd5,0646259528995cb005616879277eb50abf7239ec1ab93c0dbeb99129e4afea76
series-01,2026-03-07,2026-03-06,retrospective_reconstruction,settled,-12013.755,-12013.755,133273.9824999998,-37888.0975,800,674,0.8425,f04e530ad26768689f0a667c18c22a03ba3c324512bf077f58efcb2f98de14a8,5e0f247d234e1e9337619b81a03b3b51a36df4e65a7d7d38146337a5ded3f35a,32a345c0ce3495f8f6179c2db65721c63a1ac8586ff27d81adc32d056f24dfcb
series-02,2026-03-07,2026-03-06,retrospective_reconstruction,settled,-12013.755,-12013.755,138744.7074999998,-37888.0975,800,674,0.8425,81d28b943a9fcde0d229caad9b4a628f93d35f46b0ea06503b014b26187d01df,26adf0639562215e28be385a79f425885cc9dbabbf99b1ea1c6accc154e7a128,890e8ebdac0858679d31e532011dc965b25fba3e23c68ed8870b95b553eac61e
series-01,2026-03-08,2026-03-07,retrospective_reconstruction,settled,4541.155,4541.155,137815.1374999998,-33346.9425,800,800,1,8074725c865cb3450dfddb06a8013f1967a266f324bfd94a110dbda381f704ab,e0cfa9c5851ab096fb88de2a2097c03874f27eea7a3c9ffa5122219b016b56b7,e5aec1153efb354cbd87fd2d7792fa7d8e8bd3b981cb5edca5ff9173f3bd0cd7
series-02,2026-03-08,2026-03-07,retrospective_reconstruction,settled,4541.155,4541.155,143285.8624999998,-33346.9425,800,800,1,73513599a5f078cd1127da46548aed92f5c594e6f176b56054cee76bc8646637,840a32e2773c261152c3e031c84822be0647aefc03547fcfbe30d1891623bd86,4fd21d0a125c0d91ee6b240a2071ea11cc8555368f844cc893220986f5fe0abd
series-01,2026-03-09,2026-03-08,retrospective_reconstruction,settled,-6031.8975,-6031.8975,131783.2399999998,-39378.84,800,792,0.99,4f4512ea760cb1b31ef562a1ba8d17cf5513d1c1b158b720a13fc932c6aaddb4,b04f057dd8879bc7e2063a2ebe4b391a337622fff871507cc1301f5beba5e59b,ad09e9aa8a845e59d13a87462091ac7e0414e506f2596dcbf8711b0b1021564e
series-02,2026-03-09,2026-03-08,retrospective_reconstruction,settled,-6031.8975,-6031.8975,137253.9649999998,-39378.84,800,792,0.99,fb02abf5164e90cc6a1e2cd0c9995ce2b6c5525dfd3b7ee76fb6641bacdc22f5,b11f41c931c5156fc15244e980968910e4ff9bec8f4f447367dc4a9e3c6fd81a,881690aaae53fcdc53d57044be4b95d4aabedb98a5ea261a1cd17b3734b00067
series-01,2026-03-10,2026-03-09,retrospective_reconstruction,settled,16337.5925,16337.5925,148120.8324999998,-23041.2475,800,621,0.77625,ec7b154b50dc4028bae0f8f1764a4b6fbf47eee0cd0cc2ccc34465d1da1f4b1d,110ffd192d1a0f39871119076a6f7877a8522a3eda511d004e15d06eb9d6e179,6084d82d577f89c8b87b060609ff8e97d1fed0a067a100a336861d99d1bfe631
series-02,2026-03-10,2026-03-09,retrospective_reconstruction,settled,16337.5925,16337.5925,153591.5574999998,-23041.2475,800,621,0.77625,3fbeee60fbc279421b4e20b7b0ab4342bc2b5e452418c2139be6920ec5f5351e,b6bdcc203171f66b8a133d7911b047a653b01832ae34ba174b3d60231346a842,7d1a8b7a39c296d2656f217c008e509a1fd71582c88825ad0ce1a27285cbeb04
series-01,2026-03-11,2026-03-10,retrospective_reconstruction,settled,4208.7675,4208.7675,152329.5999999999,-18832.48,800,623,0.77875,ed8d4eb796914d242a7d681881fed673ffe0a7c2ab3bc65b306359a343941dba,7d0064ba9a53686fe511b29e8ad14f1212f85b4b2c39643d6ea157e40387efcc,ddddc6e35a471babda0a56aa236c8b9c28254ad0c2f25b49a534f450ede71c05
series-02,2026-03-11,2026-03-10,retrospective_reconstruction,settled,4208.7675,4208.7675,157800.3249999998,-18832.48,800,623,0.77875,02368f485d887a75fd35df078b406fbef6e4ae48fd6964816bb434a31709a5d8,697e10298bf21bb7da26b576a45b5145b0286a65b79af1688d618268547b01b9,32d9787cca13337e04eec575c6bd0244c907c49bf74ef9f02a87aa43ee22dcba
series-01,2026-03-12,2026-03-11,retrospective_reconstruction,settled,14609.4025,14609.4025,166939.0024999999,-4223.0775,800,517,0.64625,bf8b86d661fc8b0590a5e628e697db88cd699a74755ab314533e4c62bfcda565,710843615832cb7dc3141fcd548f64902792921d0179c128422d32313e8888eb,5cdd5d2a13557d2b0efafd00d5c85ad113998e1fae77ef146687d1e197d72539
series-02,2026-03-12,2026-03-11,retrospective_reconstruction,settled,14609.4025,14609.4025,172409.7274999998,-4223.0775,800,517,0.64625,c65d892c9a7201b2715fa57e3a2fad799e6d289bcd4499a8d429d2c654c2da97,c66033ca0115c56937efd7c0a64da1bb1cd4bf24a5319abdaa002881b0581478,4abeee233fa66270216d30795e520d153d4ea483c8a6c4fbed29ff4b79316244
series-01,2026-03-13,2026-03-12,retrospective_reconstruction,settled,9386.4425,9386.4425,176325.4449999998,0,800,693,0.86625,7d08e0aebf460b31eb4099a2439d149af0dcb568f081890372b243c019bd94c4,e551e0d71397d978fbe339d305f8f8f44edde875655429aeaf4e3c900dc1d0cc,5dc615ded6c5d87e31a0b0fa3dd5b96ac31d5e219cea0db935890c3e7a5527a7
series-02,2026-03-13,2026-03-12,retrospective_reconstruction,settled,9386.4425,9386.4425,181796.1699999998,0,800,693,0.86625,0dfab9dfea8558545661359f6cd8be562240b028c57ada896e991ab921d7703e,0884b4a94341936c7f047f52211a5e26e88b2134e8a1a32c0a598440d988e0e1,9d0cc80521799149eb8c6b77f868b91763230b5e1f733694adb3bbfa426fa378
series-01,2026-03-14,2026-03-13,retrospective_reconstruction,settled,-5867.9,-5867.9,170457.5449999998,-5867.9,800,787,0.98375,bb94e40a4309b1c0611694b0faac670cadb001c028d7e0ddc0ec5525dd7eb5bc,f03626db59694e90e82396e9788fa17c83194692a03603b1d47f88854bf247be,672726691263c280bb4def88308c6e5c2df3c2c81ac2c26aaad453c4d35ed9da
series-02,2026-03-14,2026-03-13,retrospective_reconstruction,settled,-5867.9,-5867.9,175928.2699999998,-5867.9,800,787,0.98375,cc43ae150854331ba4ef7365731cec84887cd298579e35f6645123d7fa845464,d08d6e6ca27ce33cefa16c2b3e6f17ec0f25b27b877b976ef5c9e723887a5101,cf7cfcf30d2dfdf3067a2b63dfd7d9d03d9c53d131a4f8eaf0b226e4615ae750
series-01,2026-03-15,2026-03-14,retrospective_reconstruction,settled,3877.8075,3877.8075,174335.3524999998,-1990.0925,800,617,0.77125,e529c8044277301794d69935b9d00461dcffaf72b61fd80200cb4996e90decd2,7752c43c5716c833fe1bd9cded5a1e814910b4aedc8b7cea2b5ce0a702119915,1ab276b5a0712f347a0edcbc013ff4741d37de9b09f883f17658a79fdd657db0
series-02,2026-03-15,2026-03-14,retrospective_reconstruction,settled,3877.8075,3877.8075,179806.0774999998,-1990.0925,800,617,0.77125,cb98a98ebfad3c19eb1738b24565986e265ad172131458edb7db0c93fcb41d65,1b133e2e18428d381e44e9c40190f5c2d43a025282508439e43c41dddebbcef0,e1235f833c26f836745fbc36e38696b5debbd85c4436c42e58981a9c6cb28725
series-01,2026-03-16,2026-03-15,retrospective_reconstruction,settled,1784.3,1784.3,176119.6524999998,-205.7925,160,154,0.9625,c691b2403d670008224b64b74046460d033a754a247de0711310dc331cbba112,bbc30f35c501d473c09e7ed6ffff66ac46f8357ddf575cc7487c16df58eef4fc,1bd533cc41432dc640656cc4e5eff4239e7618e5211733c6136faf1b9c2e042f
series-02,2026-03-16,2026-03-15,retrospective_reconstruction,settled,1784.3,1784.3,181590.3774999998,-205.7925,160,154,0.9625,02ff7e6b382b72dc7e32a3608ca5d30551e2a4f220b8b1d50c55e65c06add1c8,25d271bf7167f8d284f7d9a9c3b08b14f77392b0e31995fe79b2c19b5ba2d8f9,9797c2eaaba64ce9ffc52c29d2e2950f6b4ffb5f269c655ce1a333106349ac0e
series-01,2026-03-17,2026-03-16,retrospective_reconstruction,settled,-298.84,-298.84,175820.8124999998,-504.6325,800,304,0.38,b29817fc11e4083d71fd8a2d97612a4fa2fbee3b320efaf529689d7c745e53e0,c045410cf71c53bc8c8bb8740ec8963f3e98eaca2bb9c9012757b39124f6466f,ea149965c1ba3327b227439f9515f745d56c41d6806e773424a8e64cb15690d2
series-02,2026-03-17,2026-03-16,retrospective_reconstruction,settled,-298.84,-298.84,181291.5374999998,-504.6325,800,304,0.38,38f2d5cb8bda95fcb3c6a7fc2ebbda3809b42848421e8ee06afe17e24978e162,1e3caabc76c5faf8f389e009a448e03beb9ec9c32e4a4db32cb2e92cc0c6f0e2,dc1dadd5494d1514439f85052140c451e226ebdab2cf3c6c0206adb6dc8710eb
series-01,2026-03-18,2026-03-17,retrospective_reconstruction,settled,3451.9525,3451.9525,179272.7649999998,0,800,607,0.75875,bec3ea2315a030d4c0df26829a9dbbe7d5dc55348599d9b1b2565b27e9ae9dc0,090db154857d83a40296350f0f3baf2acb6ae056d818e071afe94f4672a8a754,0b19d13e8e5c5ae7ab6192fa3b85a98c1beed8773741065cc75c140d35d9c8ca
series-02,2026-03-18,2026-03-17,retrospective_reconstruction,settled,3451.9525,3451.9525,184743.4899999998,0,800,607,0.75875,e80b93f91696873d827ff38646a79d07c676bec36cfd5a2523b22cdfc63052dc,979cda1600203a03a5006f61367048a824ba0a2bddb61204ecb521aa25ea9459,037cce27e81b71cb06212653f4c4cd2c67f08cb9fd64a927cc5764ad6e4196f7
series-01,2026-03-19,2026-03-18,retrospective_reconstruction,settled,6780.2925,6780.2925,186053.0574999998,0,800,505,0.63125,bf5608c4e2b8079b90ffbdacbbab569fc962524cb8687a5c5fa7ac4ab89de8dc,42c2177a09cd6972fde7d2f85e0181dd3a59cb74543e9af65f5379cf60ac77c2,0986e311e0cf9055a184fda37407de95d2a427420223e31c001a5b62f3257270
series-02,2026-03-19,2026-03-18,retrospective_reconstruction,settled,6780.2925,6780.2925,191523.7824999998,0,800,505,0.63125,e8111652d74987035b0771a2274a3b1d474775524bcbb94e157f42d3fb5e7ed4,8504ed4ed1c06978b36c36bb8aa394cfe8f66394fe04572a6916418a13861867,fb1983b0988a259cc417cde28b51ff19d6b3b5824240f34b6d9c7b012c90decc
series-01,2026-03-20,2026-03-19,retrospective_reconstruction,settled,12180.9425,12180.9425,198233.9999999998,0,800,781,0.97625,9287eebbbdd3f7ea33b7f6d8b560948f08050beeea168e7dd81e1e50558645a1,a9aecaa0710a0e7a8b63e82ee9b63ce92a862028ce21edd2f20f575f6359486a,de9417c974058c5165901842a00c47ba7bec28e1440fd6cc2f4a7efff12898fc
series-02,2026-03-20,2026-03-19,retrospective_reconstruction,settled,12180.9425,12180.9425,203704.7249999998,0,800,781,0.97625,b3c88b73e24ef5be42acde8fdac7e89f3fd480e3176a2ea86d3996ae4733f8ee,ce1ef49919b6dea6c00b7a3dd6a2ed3e964c55aa125a1e6a3976c011b95eb217,833ce8f58f31ef819140205c97180b52154d3510179eea173ce621a864fa0fff
series-01,2026-03-21,2026-03-20,retrospective_reconstruction,settled,8662.6175,8662.6175,206896.6174999998,0,800,682,0.8525,50bec3b744a10927da44be86120c251e9db815609fc92c26c34107a9ff8e1553,334479bbfa2739008cd46d9f9fe57575c6adfce7a610d79c8a4246a2bf76af85,6af2de3d6a8b5dd765462567f4398398c8a02bf7004efc3e154c0a2601209f99
series-02,2026-03-21,2026-03-20,retrospective_reconstruction,settled,8662.6175,8662.6175,212367.3424999998,0,800,682,0.8525,fc4e26f114b76c3950f399d8e36c3951130c5368a6050e39bbd048280b7aa369,84028b568d9851e2abde64bef7f7b4b29aa3d43e3ee2f56ea7944cd5b4ae982b,5b69a6511c108c7e9f32ad98eb46db6786f277fb6c2ec6d228680a8590686c85
series-01,2026-03-22,2026-03-21,retrospective_reconstruction,settled,10429.815,10429.815,217326.4324999998,0,800,626,0.7825,b191dcc7761048cf55da86c13ed0d41e2bbb240e5056a35d38fd98a8a2353b12,8ccc85538be7d53a45d25e9cc40a5f404e36fbe12865e380dfc1a40fcf2498fd,516f49fe5c7240640f99aff90e61c15030821c29728ad56f4f4446d2c80dd2b9
series-02,2026-03-22,2026-03-21,retrospective_reconstruction,settled,10429.815,10429.815,222797.1574999998,0,800,626,0.7825,3b64c2188733bb97d275144db26ad8b0b3d4817a12b59a32dfbd9feeabded08c,416fec01e780f0ad34d54224c5a63c0fd576d3866bdaa517602989fa926ceca0,fa5edd9a2699fe7a503ef18acfc6661381349c6f3ecea8e55d4d9848ddf576bc
series-01,2026-03-23,2026-03-22,retrospective_reconstruction,settled,25851.3575,25851.3575,243177.7899999998,0,800,653,0.81625,476f91ae3c5f7eeaab6f3029e69f3a499e132c81a014299313a9499fb22459b2,1fee1c4d24a7e39b57926230e010028041191de30bfac2a0fe95fdea97f01570,7e86f2571171f5d59367a501b70221db74714096eebd0c64b40d132d291b95ba
series-02,2026-03-23,2026-03-22,retrospective_reconstruction,settled,25851.3575,25851.3575,248648.5149999998,0,800,653,0.81625,0827d5e7cce1253678633aa31b1f10b44229bf39c9106dfe4a937c8022c8865e,69b6ee266dc2011197a63b9536629c42d2a9a5f10a969d61ae30d9fcd9b9f281,20542de69b93d094cf453a369463b1690c3f6eb554f3e06292bb31b9a376bd14
series-01,2026-03-24,2026-03-23,retrospective_reconstruction,settled,-2527.775,-2527.775,240650.0149999998,-2527.775,800,695,0.86875,9a294f1e54029a3b0842921d7a64790d10b9762ce807a2fcd7506e0a206de728,bc7747092c2ec5f4b859f68b3e30cab71f9bae12e05a139496cfdc471f190e52,1246d266de5f0ccfe6eb012725cfd55bffaf4f6c218cb088e2e0c68d4f2abebb
series-02,2026-03-24,2026-03-23,retrospective_reconstruction,settled,-2527.775,-2527.775,246120.7399999998,-2527.775,800,695,0.86875,4d06e4ee700d46d740c767dc79866c8d429f2fddb525df77cb4583d8b2dfcdd2,05f2df093b716c24337e504ae8196fbbfdda7d4b251712cac66533107bc49eb5,40c9709f8e6aa9e840067fd724762df836797337bb4af67c09d06b525284cd0e
series-01,2026-03-25,2026-03-24,retrospective_reconstruction,settled,4802.0375,4802.0375,245452.0524999998,0,800,562,0.7025,053d2316f3e3915a290936eb313ea5472a7e8ec19aa514d97e6fac28d39f5e50,62c47b58d471122cd6f4f04bd58126da7629fec6512747a6644b271654253e16,d7414240b363be46ab8010a3cf9fd450625d8c08b7ece7c9f9816070c9e36835
series-02,2026-03-25,2026-03-24,retrospective_reconstruction,settled,4802.0375,4802.0375,250922.7774999998,0,800,562,0.7025,ee7a47c6630d016f09d2c6f0999ef7e2157169892c7645145edfcd011cda04bc,92352eb88bbc71abc5e800d64cf847f29b7d3ea836c8cc064cda128787f817d5,f5e941a9f93d0812567f6d4aea5a061328cf1eeab61014132e528b130ed7ade1
series-01,2026-03-26,2026-03-25,retrospective_reconstruction,settled,1174.515,1174.515,246626.5674999999,0,800,214,0.2675,fb62786f480b17297ee705e915d5adba1a0b6a212b7308431eaf1a7c969606a0,5cd7eec8883738a49ebd137be92b2771234ccd06b1f871f908309937bf783edc,76336024fda27d8d90c30277012f6ebf4f5391e2dc67f8d8af5f7ea6b8ed4cf9
series-02,2026-03-26,2026-03-25,retrospective_reconstruction,settled,1174.515,1174.515,252097.2924999998,0,800,214,0.2675,9b8ee7c34c980a4353eebc4d62267e9d11170b75909ce52b02641b57c030813c,fa42404a52ef130d2517a5314a38fc296ff5e271702135d5d8bfd773fe633c20,74866047a328014eed60fd51679d0e3c44578c885c8766c1f69567f65c55ea0c
series-01,2026-03-27,2026-03-26,retrospective_reconstruction,settled,1898.71,1898.71,248525.2774999999,0,800,222,0.2775,f742eec2a83895b60a56422f99a7e277ff6850a89a127c3935a8f1c5f4c5d3d3,bc81de52b83b82db8494ae8f3fb7a431d902798fa5048a1944edce8b3635116c,61e9b347e54fe677722f7487065ef7c33a2631abab1e32224e2c15f6aeaf99f5
series-02,2026-03-27,2026-03-26,retrospective_reconstruction,settled,1898.71,1898.71,253996.0024999998,0,800,222,0.2775,5f04bd7e3209ac462d17d9f1afb0b6856450cc2ee8e732455c4c46871f1aa58c,2a949245b68719b55f138f5626cb59f3538f149f8d24deab0ad8192868e377b9,9292f2398b7e26c758567255882d10014fda7f1c7cfe127978a5722ca2ab1fe6
series-01,2026-03-28,2026-03-27,retrospective_reconstruction,settled,600.8275,600.8275,249126.1049999999,0,160,142,0.8875,14a60117915716d3ad8c1c321a00caeb57b00a2384e14dad9099cc0f9304125c,e4e82c19a82812e928ba38809d4e6ae91d39b707a04eb17969253b2b7d325bc3,3655900e161b6cef88a169ddfbc6419687879eec28963b36dd5dae2358fa8f2e
series-02,2026-03-28,2026-03-27,retrospective_reconstruction,settled,600.8275,600.8275,254596.8299999998,0,160,142,0.8875,10ed7d423be555313fbde1f30c56f41b78cd33ad3ca14d94599cec002f191cab,4e1c9e19a515198ebd22a8bac2f75cfa2961f22387a7a523b345b14e0a748e24,c0bad62372281cd374eb7294878f15a7d7b9653866385b8aa13ecad0a0af890c
series-01,2026-03-29,2026-03-28,retrospective_reconstruction,settled,2395.95,2395.95,251522.0549999999,0,800,368,0.46,03582c6ccffae3f980223e23154fb8882c3f19d914dabdb1ef93b01db1b618c6,5f3654d65022c599734da244027b9eef8c8bd8b8dc71823ff08f2181cba72f53,bf01968f35128c7b9a2ce4dda30f626ba375c2001ab79d9d7bb6789d1ee8be9e
series-02,2026-03-29,2026-03-28,retrospective_reconstruction,settled,2395.95,2395.95,256992.7799999999,0,800,368,0.46,a9613793c6758490dcc3ba8ce3fb10817a153b80b5f1adb1967df6e19db6aae7,75506a3ab9e3a85243279b22cbf285e8c1be90096ce704b234d4b9ff1d4301eb,8584b4ef268f25266d60418cba105521bd9b33507e47912280da1851ac89cd7b
series-01,2026-03-30,2026-03-29,retrospective_reconstruction,settled,2418.8775,2418.8775,253940.9324999999,0,800,380,0.475,367e099dce198d481914da2fa474ed2dcceddf6847ff402c5d534ff4439a1cb3,7c666ba3282712ef60a47ee4951cfa794bc0645c4c3ce283ec95bbb73ecb0562,0bf779a62cfa5296e6d70a020cf6ebb04ea8275e14ad13adc5018a9d7f35be50
series-02,2026-03-30,2026-03-29,retrospective_reconstruction,settled,2418.8775,2418.8775,259411.6574999999,0,800,380,0.475,45bd90f32205d1fdc312fb5cafe1ca9397b009be85ce8d8a0e027ad728485063,50fce42c25fb4554f0a09213ec3544b9e9081672ace88f52970b21754984ea05,3bc8f07540a86135bbfadc7900567b6087ee96091525a0b2d99f84fa5feab5c3
series-01,2026-03-31,2026-03-30,retrospective_reconstruction,settled,6275.2675,6275.2675,260216.1999999999,0,800,480,0.6,254bf00e4b4125b389e2440bd9a040efe63d4c5422c8cb302f7a49a5565d3fee,d428369272e93a1a59c1c043319b067d45e1a3a1d10f7b1aa27a6790fe4bd763,703130224a12e4095b3ef4f869e3d682c9408b0fbcdaba05299dde2b8d26812c
series-02,2026-03-31,2026-03-30,retrospective_reconstruction,settled,6275.2675,6275.2675,265686.9249999999,0,800,480,0.6,79b2c04df18f550e53845c2145551f76e5e88bc1212e00446e8232e57028c3cc,1649fb0ff280e10ea47c06d37c7ff3ba2bb85609c935d857b75a8a5e5e5ef617,9e807cada2fa2e7107772a5ae82634b4cedf65e45f38090b076ec6a1bd0018e5
series-01,2026-04-01,2026-03-31,retrospective_reconstruction,settled,2765.38,2765.38,262981.5799999999,0,800,577,0.72125,4db7358e2ac26a8fdebf2052f9452deedfc63137e7ec9e38eb669fe29527179b,34b9ea25067ecc167b8e387d33987f74e0fce0d5b97da6ba894e8adcce6c0c3b,06771f105a4867968965cdcaf6e74b4f1dbf1ad3b28b220337c88f3e32cc6d8e
series-02,2026-04-01,2026-03-31,retrospective_reconstruction,settled,2765.38,2765.38,268452.3049999999,0,800,577,0.72125,18423e98d80b3f4cd88003af14ed98aeae1fc79d12a912814812d9d374be5fcb,bfc26291b902431ad196b4ab4e95889a909b32c37001d3db304c9945729cee47,46a45d0b9164589934fd9c5e08e29c86b6cd5ab676b8dd8d51399987d3777da7
series-01,2026-04-02,2026-04-01,retrospective_reconstruction,settled,-3689.025,-3689.025,259292.5549999999,-3689.025,800,784,0.98,bcd7dba9687ac723a7b05b73be0245ebe4e1619071680c2d10da12dd3c1dd2a8,7a254ed1ffab3a67780480a469846152a7e1821b6265e6b90368192be3c265da,26be013a81aab538ea3367ab46f4c400294dce6eef5f7e1bb23bf37a62af6057
series-02,2026-04-02,2026-04-01,retrospective_reconstruction,settled,-3689.025,-3689.025,264763.2799999999,-3689.025,800,784,0.98,53105343caa213d64a4d45c4e77b8a272e256041f8164b58747c30f7bdb5e6f1,9d4924fdbbcfc3afc4bd47fad04de987499d38f7c4ce311a535bcd161f358c86,4951417f223a6d0205bb81083c304b4c7e353f24ac6d26c1b424329a10dfc9f1
series-01,2026-04-03,2026-04-02,retrospective_reconstruction,settled,11271.0975,11271.0975,270563.6524999999,0,800,675,0.84375,90c6504548980d61c54b49200f91c1cefcbf173a447a563e42fff0d5b387ed4f,d7a8a918b388d50a6c721d71baaccb0c5ca0a53ceec9b1b92f4572d700ea917f,dd7e19e5d7ba6a0e217dbb5ec57db99d5f5c82a01302c38bbf74af39be4b40c3
series-02,2026-04-03,2026-04-02,retrospective_reconstruction,settled,11271.0975,11271.0975,276034.3774999998,0,800,675,0.84375,4e5ca37c5d53619d421d570b0c0c3b55dc2f5352112c9cf22f20210ef4ee5a43,722b55092e57e9db006d47605dede248778632b379bba2052ded0513ee74b6f8,7fd889a0deec9ea1b4fb5964a95b5f61caa4f946bc91135c979458ad18c470d9
series-01,2026-04-04,2026-04-03,retrospective_reconstruction,settled,56.28,56.28,270619.9324999999,0,160,52,0.325,2eb9d2b12061660404ad2079bb3b53f9cf6e554438b3024c89a555723b18e809,0130dfcc753c50d398679135d2eb1da0142b9f66b81361eef23b3e57e98f01cb,5547848e890eda8811f01899cef6c132a911d9eecda031af6a83fa4f7bfac6dc
series-02,2026-04-04,2026-04-03,retrospective_reconstruction,settled,56.28,56.28,276090.6574999999,0,160,52,0.325,864ad08cf8172119890fdb16da9c3e3a1fad52c9e3a6f55e7edef3d2a0362f48,a08289e3936a5cf313e8c2a82dd702a2889fec82b4d96e95526e8e37566a5da9,187581c6f6c61927e8d7bfb706da8ad530fe4de553081136de4f4d29d4e88b08
series-01,2026-04-05,2026-04-04,retrospective_reconstruction,settled,1176.26,1176.26,271796.1924999999,0,160,152,0.95,dc220b93f080033abbe53c8061bfe0806745d45ef64c59e901e9ce4d10f79944,79e521ea893454f5fd4679be356f0351901f49e5ac938097da0c36c29502a210,6b75377cc944020c45cf12c7233e29a1a611be459f5b55f6929d34a7f4163cdf
series-02,2026-04-05,2026-04-04,retrospective_reconstruction,settled,1176.26,1176.26,277266.9174999999,0,160,152,0.95,411aa48363559685959ec33b9478bd74b82292eefc2a1ec5fe76a73b65d0c7f4,ff851e0267ad2a23988bbbf74ecea23a6782a2457e50db961206d8c6b895c194,903fb3bd03a051633fd503c7019e0268d37059cad4014324df967289fd7e0c0a
series-01,2026-04-06,2026-04-05,retrospective_reconstruction,settled,15908.6475,15908.6475,287704.8399999999,0,800,778,0.9725,37c858cc1dd576f19f4798a25f1f633487819a03c1811734db0f4cafe10d27b1,54bb7c92bb3682da9243c1837f774e40476e6dcfc544b65053fe2da874adcb8d,37bd516810f20562f3ee64e02e05b371898dfb0d304794ab858653b6b202e3fa
series-02,2026-04-06,2026-04-05,retrospective_reconstruction,settled,15908.6475,15908.6475,293175.5649999998,0,800,778,0.9725,45753d7d93b7d2b9c8e52c5965b9b155fd65d10072d16fed78d8c5fb3c1a011e,1a07aff2c8f6bef9dde5495347c2f23ccbe978ef3eb564384bc8f6c58f34b9b0,40dfd95f1cfe363343abb48a7ac898ed1aee614d19ddb394895b696f90fd2625
series-01,2026-04-07,2026-04-06,retrospective_reconstruction,settled,1643.185,1643.185,289348.0249999998,0,800,770,0.9625,3a27e22ae888d2f2bddfa90e3dff11554473791a2ab2c798659ff2b8687fd318,fe8f895ec32a89f61828c6d74ce7b81c293f5028a6dc221a6c7371e77dc4a4b0,fe1f61c5e4e4a8a3aad0de91a1c82a08a1ae9c95bc17c12bdd404e2ea068216c
series-02,2026-04-07,2026-04-06,retrospective_reconstruction,settled,1643.185,1643.185,294818.7499999998,0,800,770,0.9625,a67824fbd72f0b0728f21582fd41e7d2571a73fd963674a3a8615266b2265e17,1d25140f209381acea4a04e4c9f58a8f8fa447246b3c7f53ee15b1a5917b8f5c,188a8843eb0af2d2e29919c92ff9f7027a8f13837057979fb7161a23b4fbbedb
series-01,2026-04-08,2026-04-07,retrospective_reconstruction,settled,2727.1975,2727.1975,292075.2224999999,0,800,594,0.7425,b93ec6a3f0c5cad6f38916c5bec8d8157ab7a1124f675fa9b91f76072fdbdebc,f37f90b8dae2ee569288fc7afd43d0d1e27929f9347b1cdc75e0ef53d027ac18,235b711305271f7ca631ae13d1d0786f75f7d24ed8058f0a0b9ef2e57b8471a9
series-02,2026-04-08,2026-04-07,retrospective_reconstruction,settled,2727.1975,2727.1975,297545.9474999998,0,800,594,0.7425,a2d920a99f8d3162254cf8aa36ebddfe6ab429bd9cb05557d88770c61d0e93e2,2b7621710dcaa62c6a15c45d3a5c706dd35c202e028c4c6ed46d78ffed7e61a0,788181d4b17afbbd8068dd35570519a16a8ed4ed84caba60ed29cce6236bd22d
series-01,2026-04-09,2026-04-08,retrospective_reconstruction,settled,-2359.4125,-2359.4125,289715.8099999999,-2359.4125,800,400,0.5,e9535f31026d1a75e43019575d841812d1b17db7ab3582c83f096902375f1be9,9b7c25f7739a93c59df2b44e420b9a300684053a3899b2b21d1b845f9fafb599,ef9b12dde473b8aa4164dc931b13d03d5c037c50aeaeda0589605428bcb6a874
series-02,2026-04-09,2026-04-08,retrospective_reconstruction,settled,-2359.4125,-2359.4125,295186.5349999999,-2359.4125,800,400,0.5,a514eff858d95660126b6a930d5ff3c63451e510f7ad880769110524170e8555,c75cecec2151256115c43ec41a6c27a2c01bf0579fdd08a7fccb6fb3eda7bae4,07c50bff0618441d34ff8251695b55d5bc67a14669db68993892cb12492b8eca
series-01,2026-04-10,2026-04-09,retrospective_reconstruction,settled,-145.195,-145.195,289570.6149999999,-2504.6075,800,420,0.525,fe7513a682a7a5b98df2ae235457a08ddb154c6613ea243ea57c1de2678d2c90,32523868d9201a300b8a7e505575aa13e47a8e517b9ec571d0c3b975bf7126bb,260584888ab2d86802d79e31ab24b6146bba4e12ae757f3cafb4230ed082a446
series-02,2026-04-10,2026-04-09,retrospective_reconstruction,settled,-145.195,-145.195,295041.3399999999,-2504.6075,800,420,0.525,ab21352d04c2a540de664f987c894330f2a3684c50d5e928afe7d533bfc4fd28,3988206786f818aa9c967d57f7125c9560bf426d66faad943f93a05be77a0a2c,e8f9c972f4401dd31075fc1e67f73e68553df0dca6daa1133c55b29776f054c3
series-01,2026-04-11,2026-04-10,retrospective_reconstruction,settled,-18048.525,-18048.525,271522.0899999999,-20553.1325,800,690,0.8625,32ce041ca75837f7abc7483e73fab8de4a2ddf92c215232314d85424b2d5c905,76299cb6aeb016a22a0d78fbc479a2388d5f7653d664d84c7362a73b6062565f,142ea7fcb44c9f448f25fba6c85a131d21b03321ae00b8be9ea72a79b23803f7
series-02,2026-04-11,2026-04-10,retrospective_reconstruction,settled,-18048.525,-18048.525,276992.8149999998,-20553.1325,800,690,0.8625,a8f951922f5e3ffa66cb8486d82bcd6510720ec3ed97c781aefc1a633a60e3b3,91637e4d71c572e8d41e90ccec82ecabe22c2a251892d8a033cf28fbb30266ba,de1408f7a5163aac3668440b95095f6ba663666d0e2f1eaed2f2d670353a7442
series-01,2026-04-12,2026-04-11,retrospective_reconstruction,settled,-57.6,-57.6,271464.4899999999,-20610.7325,800,620,0.775,eb4ffb653387174d22d166c5d56b64f84765bec4a545b8148ce10f185d0dec69,9395db03af3b9388e8e431e6c6b6ea874cc4d6b5a0bb23b053ef43ca4e8fc062,167998f0311ca5606eeb70d7d278f816753fa925c65b752860623b3080c223da
series-02,2026-04-12,2026-04-11,retrospective_reconstruction,settled,-57.6,-57.6,276935.2149999999,-20610.7325,800,620,0.775,6459f48be151547d2f83538e9282dab6c687807f1cccba39c45f796ac1479cb0,29eea854d166e218d42657efc3e9a3fd35e85f13c46fd7897386f438d801376c,a9cb80c15a59ca64ec7e4880dd19cae12d76a1a58014905c264210e1ca48845f
series-01,2026-04-13,2026-04-12,retrospective_reconstruction,settled,2410.2075,2410.2075,273874.6974999999,-18200.525,800,656,0.82,7c62f8fe34808831165177b56a6825236ae8d02d73b1ef3079ba158a38a086ab,bb503e37d70bbbb02660d000d6127de991c8cb31741db5ee34b48c61fbc751c4,df6f82ad509aa9915b6556c7dd282ea3c517d19b189d90ef4ccfb165f836ee45
series-02,2026-04-13,2026-04-12,retrospective_reconstruction,settled,2410.2075,2410.2075,279345.4224999999,-18200.525,800,656,0.82,38f001cfa01fbde7879dcfad03f10e458c746143939f96f867314127b07062e4,ab38800df93bc9ec25bf2a8d11c296d57eb18fc73b4397f65f148a1cfce9e200,7076a8ff7a1d5380b991174924129e10b92c9fc1e0fbe900f0a164a29f6b166b
series-01,2026-04-14,2026-04-13,retrospective_reconstruction,settled,3459.245,3459.245,277333.9424999999,-14741.28,800,695,0.86875,53381720798a525908df402a5c2d1296fd85ccd2a8d980c841f882cd351febe5,5d0709e10f539d1831e71af120eba4f21895498617ebec76919cbf30240ac475,539e960a0f2354ae80e62168e4feaadbfb60649d6f66f4ce877c876c309bba3e
series-02,2026-04-14,2026-04-13,retrospective_reconstruction,settled,1137.79,1137.79,280483.2124999998,-17062.735,160,158,0.9875,a68c0f16789e8fdbc9640be800fa19a45c181e84501372eaba92ccd3e73f5a71,c81e0ed188e030bdd198b6102154745ec1f69fc3a5c39a8f59b65a51caf39e9c,bd56bd9c84932518108af28ef8835a2f53dac8af24e7cc359bffcd431d0eafe9
series-01,2026-04-15,2026-04-14,retrospective_reconstruction,settled,1902.015,1902.015,279235.9574999999,-12839.265,800,660,0.825,8f0d0166d4e000a58c86fd64f203e6ed0f01dc4b7cec957af9231778b37c8bb6,db42af274e8d9ab0dd68edb11ec3ba7b82388ff3b3ab93b3257c62b92759f599,ec2775d6ea56c900b08b3e6f5d3be9e91dbd3bda82159ea1f3f210a11741b8e1
series-02,2026-04-15,2026-04-14,retrospective_reconstruction,settled,759.445,759.445,281242.6574999999,-16303.29,160,144,0.9,45b50934e70e2be9a646e6f07d0033bba5f5dfccc3aa126832cc62666aa92c00,cab84c01bfec6984617cb0d1ad9ec23f0dad48775d45c7cfaa49fc2f9ce088de,d08cfa14aa02e74fad8a39d3ed6b46e7778cdf0689593fa375b1998148026d1a
series-01,2026-04-16,2026-04-15,retrospective_reconstruction,settled,1006.28,1006.28,280242.2374999999,-11832.9849999999,800,788,0.985,4700f6a6a42a4649381c9024338718b2e8cd7d16d58c1aea8945a74ceb00165d,f20774244b2b59c2393cd507ec95688b44f3e583b8516c06a7fcce9692dfa1f3,3731e633836cf0bfa328801666f79ad78b719bfb99cc643f4914ed05c04dce70
series-02,2026-04-16,2026-04-15,retrospective_reconstruction,settled,1006.28,1006.28,282248.9374999999,-15297.01,800,788,0.985,f0c99ce9a0d1352a7398a0a51994daa0b19facb89bd01d890361ef7717096b8a,7c1ad4f7562e2a53543784be33311f5c789b88603d0451e0dbead960870cbf5c,5a73ca22a2982c9e66c9791b8990e0e2c7a59d163c252b608c55976cd8376bb7
series-01,2026-04-17,2026-04-16,retrospective_reconstruction,settled,-12003.545,-12003.545,268238.6924999999,-23836.5299999999,800,645,0.80625,a3eb872bb06c80e2b759eb6f905313757ece8db22566d33667052621cc707814,e31a6c183aeb53b819d8f2360ca5a90c1c1009235cbad5851594d171076f0dfa,b94f752f26ec18e6c78fdd4c9bbd174964164fc6c3997559e4a37603b3cf4102
series-02,2026-04-17,2026-04-16,retrospective_reconstruction,settled,-12003.545,-12003.545,270245.3924999999,-27300.5549999999,800,645,0.80625,83f96d12e178a97dce6a9a4d571f87618187a6626a7e701e46e49d2cba0477d4,144f884a98d5d0e0afc1485484e3a185870c940cbe33521cef1c5391c1760898,e607581cfaae52ac6c70c5976b43651ff7557dce45d7f6887655bb73a7e3eb19
series-01,2026-04-18,2026-04-17,retrospective_reconstruction,settled,-905.2625,-905.2625,267333.4299999999,-24741.7924999999,160,130,0.8125,1ed3e8914d727013de030c947347dad3efc7c1c15a87c01dfadb97cdd00c79b7,dfd6f91d374cca64cfbbf18f340a6083fe466a8cbac7f87d144518654b6365c3,8708c1a796d3184c9b88b01ebe104da1bb31fe4e174a649421efb5676b255f7e
series-02,2026-04-18,2026-04-17,retrospective_reconstruction,settled,-905.2625,-905.2625,269340.1299999999,-28205.8174999999,160,130,0.8125,3e88aaf6d8f184136bebaa9f08385409babc66379f72df254ca4e588ece8ed10,992b3295be0cf19134450d05a06a6c7a0e67a9a68eda2ebb181c422df31c0a9d,97f06d350e324376349f250667d79f5490ffad91e2657831edf654a6752d45d1
series-01,2026-04-19,2026-04-18,retrospective_reconstruction,settled,1247.9125,1247.9125,268581.3424999999,-23493.8799999999,160,152,0.95,51e8b87adf48a75faffca3eab891aeea9e6d84fd08b1f3aa02f9d3b2b1172607,b1fc163cf3f2aa96e1ab6a4b6d3b38d58f77c1b72b3df767f371edaadbe2590e,5529104b814a005fbea5d5f4235c61166c39c3845c7b16b34a0b77fdcd8a5494
series-02,2026-04-19,2026-04-18,retrospective_reconstruction,settled,1247.9125,1247.9125,270588.0424999999,-26957.905,160,152,0.95,1480e0742e38a4dec94f7b46c6189f0d83407d00dc31e8df8de47a31a9982623,89bfe9ad0aceb1729ad2ba79a619d66d66a410163ad4d0493f1ae46b4c2a0794,4b35ab1b976f069edbe03689bfb2ffb98b766234c78ffef530be940abf361e92
series-01,2026-04-20,2026-04-19,retrospective_reconstruction,settled,-13212.3575,-13212.3575,255368.9849999999,-36706.2375,800,800,1,8df2ecba6f60d0238be614106ec9e95e7eba4aa70cb52a2caf5fcc966088227f,7e1ce53f035e9d11c7c3cb2b351f8acbb9293e70b32df457ffdfb0a21bb9fd44,48d206fb6ef1377606e283fb386390fbce3b5021ec602e11d24a4276cd04026a
series-02,2026-04-20,2026-04-19,retrospective_reconstruction,settled,-13212.3575,-13212.3575,257375.6849999999,-40170.2625,800,800,1,5da3a69336f4daf8bce8bf60e94afaa478c8b2a984e09de1b0bc8ad05f6e87c8,2915b85cbcd1bb4bdcd8630e8ed2870ccd302476d0733260b43870be245b9c0b,5dd45b6d94e11abca6c95a868e1741d501ad8d5ca742ddfe5786ddd296aba354
series-01,2026-04-21,2026-04-20,retrospective_reconstruction,settled,-902.8225,-902.8225,254466.1624999999,-37609.06,800,799,0.99875,ba8508f9e56ad055f0d84e0a00b36b1f5981e08b3ea5b5ca2aae4a7c64c8f0db,95a15cd7c1a4153696637387a4a495c68d50ba8ba990aaa9b80ec67ef6298a44,c2129e7f0df01f696db8d83d2e233a9a8a4c7e8c225bbb70d6e786fbd5afaeed
series-02,2026-04-21,2026-04-20,retrospective_reconstruction,settled,-902.8225,-902.8225,256472.8624999998,-41073.085,800,799,0.99875,e24c2000e0f51f805a5fe6c226c94f8f807b9828e14432fe2ec94593ef294241,f1d1473c0c951e9ce632164bf96305f8adca221bc90720aec6ec8ab2c4b55d7f,b47b52ca9dcbb8b0bcb5c0ae74156eba294de07fe218e457eb1e9e0ed866c2e9
series-01,2026-04-22,2026-04-21,retrospective_reconstruction,settled,4507.1,4507.1,258973.2624999999,-33101.96,800,539,0.67375,543474b680faae5bf39994542129a0a9f5faf7e83362c0fed066845ee4168051,bb72c1b598680a212a8d800a29a7a97c24760ee9a5d747fd9e9d3ca9aaf7e05c,7a62e5f6560f27f767a1d81e8221b1a9b429a47d67bdeceebe8b6433a91f5566
series-02,2026-04-22,2026-04-21,retrospective_reconstruction,settled,4507.1,4507.1,260979.9624999998,-36565.985,800,539,0.67375,208e427b1c2b60750990872b9ed01f8f963cbb64e97832ec57adc5b78040c782,4ed54113aacc1a1fe5f370d8858abf5c7deaad873ce57992839d9ccfc14f865d,cf592ac7eac5e1821b4a0321c7317fb9372ef1f0de259b3475f41b2ad9737f56
series-01,2026-04-23,2026-04-22,retrospective_reconstruction,settled,3160.095,3160.095,262133.3574999999,-29941.865,800,227,0.28375,bfb06cc7676d279b5752acbf02277ba2d83b87d8f3b203c5381320b51c28a87e,ff85d8aa186bd6280451d985bef145ed22783a444274c4bea98439782da648e5,fb70c6389dcc06e6c8a39ae8483da64c408879b61fec300a90125f40282b06c9
series-02,2026-04-23,2026-04-22,retrospective_reconstruction,settled,3160.095,3160.095,264140.0574999998,-33405.89,800,227,0.28375,67192f76422792ca87d2409c58d4193921524887fd6b1d2a601b3a4324a4f905,c935afb7f401b7dd45ea7afd120e4984e5edf90e5d79ea364bd53c747ba3fd72,232497865b5b92fc02d8f2963427fd408cfbf8eb7782d2ed04763eeba26dfaeb
series-01,2026-04-24,2026-04-23,retrospective_reconstruction,settled,19054.98,19054.98,281188.3374999999,-10886.885,800,786,0.9825,72b832c2214e9f65509dc15b99aaad00aba8f74ea19426f603eb177bb4ee18ec,b399f5b08781403d176bf038863ead9c551797c82ee2ea489a04b9bda38081fa,a8dcaf1058d4a06e7bda0dfa04cc20035ba87e8a98529997e21a02234d5ae7dc
series-02,2026-04-24,2026-04-23,retrospective_reconstruction,settled,19054.98,19054.98,283195.0374999998,-14350.91,800,786,0.9825,edc570fe8426dc9730b7c4b3bdd707fe0c46875e20bd8b613d928e5f6b163cbd,323362c3195ae3fa6f8c81aa446bfbea0ffbe24f6e0cb1208510d1758ee70004,f0ba8af75d392af250055ea01ff4925d53a18f2551baedf59a1e0e33cb552fe4
series-01,2026-04-25,2026-04-24,retrospective_reconstruction,settled,5022.3675,5022.3675,286210.7049999999,-5864.5175,800,800,1,ef67dcb5475a7270cb1879386b74791d23189034c7150dfa7dc305a40d2e3319,a0fdad499c7adb733565f43903bfeb5c055bd3051a8304426b3f4b9b04f31bd4,b4fee99be835a9ccf856e7eded4cc471ce91902cc707432aa64c210a44690449
series-02,2026-04-25,2026-04-24,retrospective_reconstruction,settled,5022.3675,5022.3675,288217.4049999998,-9328.5425,800,800,1,9ee374e90021e5f267bf0bd5ba01ec67325d47b615a38f8a55d520d0124dc0eb,b1c3634a777784a793ed69076b3a01812546624e217909df472db276dcb5a0c1,5c5a3dc12046966695b78e3edfa22186f35a94a36caf5f3a58d42ff8229963ee
series-01,2026-04-26,2026-04-25,retrospective_reconstruction,settled,-3212.1775,-3212.1775,282998.5274999999,-9076.6949999999,800,485,0.60625,46b622350bc09d9ba0f10fddd9f61ea69a43fbd7de4d36d91f8dba14ea625c8a,e70ca54829a3a96e0fdacf382eb8243f6d0487b130606a3e9bba94a520f355aa,31f816b25e9575a5c13bcf7c85229b75a92c1cfad71cf198fd571f8af5c680f6
series-02,2026-04-26,2026-04-25,retrospective_reconstruction,settled,-3212.1775,-3212.1775,285005.2274999998,-12540.72,800,485,0.60625,f287de7376b424546641f42d4e32b0844cffe79085bf81148d2d1e0923bf68d9,35466a16106fb449039b5416593b324999af765f47a347bb42b4ade8d9378b6e,f7dea07e53f091a85410799bf20abd633425d202eb5cad4400196313b8554639
series-01,2026-04-27,2026-04-26,retrospective_reconstruction,settled,-3077.505,-3077.505,279921.0224999999,-12154.2,800,781,0.97625,d868ac643230483fb39d3d69a2d99eed80f425c6c806e0910bb699af1df5e40d,03d9020ee3014bfa523cb563d4da1e42ec4aa7c8c8904fcc144e47e39bc7c878,7afcadfeec26cee312d5a46f9cb5ffb5af33666701c529b6cac08c4501861041
series-02,2026-04-27,2026-04-26,retrospective_reconstruction,settled,-3077.505,-3077.505,281927.7224999998,-15618.225,800,781,0.97625,c7fb0d9b6459e8d067fdffe2872b46e3c232562a137bf9b4e488c5e2c1a5831d,3fa066b1d627d8a1dda89496e8249fc4a87f89a84e5f148e1efc88209fc33152,83a3c5c31c776fb408f3ad54a0c34e1d45ae09036c4564d79f7e2207e15cc7b0
series-01,2026-04-28,2026-04-27,retrospective_reconstruction,settled,26138.4975,26138.4975,306059.52,0,800,800,1,8d3994d0748477e691d127cbb5d533cd8e1113b3f2c728668969d89eaa4c4ba7,c985adae52f10b50fbea4442ac9ca857b3c29679b96d9d7f2224f70e4b604b95,9b023c64231870b1a0479f518299536b6dade9307a35875d77702621ad2b046b
series-02,2026-04-28,2026-04-27,retrospective_reconstruction,settled,26138.4975,26138.4975,308066.2199999999,0,800,800,1,5283c0a458c7d1e2f67c0fa19d0f3ee57f6687c64d0119feeef5572ab653801a,a4c141e93757e98b6a7bba886664c7a12fa229292b02be088e1041a643461bf9,5d699a018210cc0ff628d3b6db9cadb8bfd71f9e048e5c63196ad221c95964d7
series-01,2026-04-29,2026-04-28,retrospective_reconstruction,settled,-2436.2875,-2436.2875,303623.2325,-2436.2875,800,800,1,8b76fa51637c72a43c70b17a891018fc9f3b527033aec2043cf95730ca6d781c,a217a6c3135b39dfd2fc0dd451efdca322ed57daafbf4a8010a1084bc7550b33,7e3beecfb5e7f61dcecce107432f2cbfcaccb35b33ac9d124f7685853fa86e7b
series-02,2026-04-29,2026-04-28,retrospective_reconstruction,settled,-2436.2875,-2436.2875,305629.9324999999,-2436.2875,800,800,1,b7f6e70a72a7d677eaf85408ffd410f8b8cb80055aaf244e47a16d3dd0a6222e,07bc83fc5a048b1ea435f32ea1c853cd753e7f3028af2acdb42106c27f730157,3f483c095a549c2d27996b35c7bf3f068248c21f8e31d13b48adb65396724e47
series-01,2026-04-30,2026-04-29,retrospective_reconstruction,settled,11341.1575,11341.1575,314964.39,0,800,790,0.9875,e9adad232b0ad6155b37d5e8e93c973e9329289afee83fb635567287b4fbe544,a6d5b07833fc70afddf6db581f6e1e2c4d5179116a6985308b7d0f107f9bb204,a6c545ea1873b1fb801e8e2ee79cadd62f66eb783f0dd3f705686cd63f7d6583
series-02,2026-04-30,2026-04-29,retrospective_reconstruction,settled,11341.1575,11341.1575,316971.0899999999,0,800,790,0.9875,5d3e7ec80b408db4ac493520ca5634acba53d08a1589528441ed7f9b56b17a50,73044fab4227ff50e50549c41d7a2dd706339f500bc61ebbd382593619d0ace4,b759f40643077abbd1e6fe49c31d00dbe295236babffd39f7e8db40949260f17
series-01,2026-05-01,2026-04-30,retrospective_reconstruction,settled,-14764.8975041008,-14764.8975041008,300199.4924958991,-14764.8975041008,800,800,1,2190ed8642a16b54569e7690e263e843485950ebc0b6116ea3f22b0e310fd1cd,68a612174c3cf618f21a5f85317fc6c2c9938cd65c159219358a2c0fb227eef8,be3919753bb2c8b293187adfc16af54706fd9fee48d0df2b9090be4c682ed1ef
series-02,2026-05-01,2026-04-30,retrospective_reconstruction,settled,-14764.8975041008,-14764.8975041008,302206.192495899,-14764.8975041008,800,800,1,1159f7a510ac5dc8e1985d34e749be78148d5f9a1ab3981498863427cf62bb00,065c7a07b11bc8c2365911ca4287fe1b3bed1ee0a24f0d5cf29d3fc16c5d71c5,434741c8a72c90bbb0c98fe1f73646d6ab7a7663503c1cc2e71f7ce011bd4068
series-01,2026-05-02,2026-05-01,retrospective_reconstruction,settled,-41303.1399923426,-41303.1399923426,258896.3525035565,-56068.0374964434,160,158,0.9875,227abef0300ebd43ece6ac6e98ef1746729594bb36fbd103f0bb64e2b41824ed,addb3f3b7a79d4707c660a9d38550bc3802ac1451822dfac5569fb38c223dbc4,c72cbafc909412cf4c515d1f6d782bd07c8ab7a1b23fd0bb7e2cca061846d817
series-02,2026-05-02,2026-05-01,retrospective_reconstruction,settled,-41303.1399923426,-41303.1399923426,260903.0525035564,-56068.0374964434,160,158,0.9875,864c79e53a2eedb89ad092709b7bb7a001c9d079b495d9844e164c5d014b29a9,3d46cfde8c44acc03e04747c227b337abcdec03d1f8947e711d77ba8c61e0800,8fe2a6229f32ae4b8732423f77a4fb662e1267230c762691d150e650503626d5
series-01,2026-05-03,2026-05-02,retrospective_reconstruction,settled,13127.2975,13127.2975,272023.6500035565,-42940.7399964434,800,728,0.91,34f7dc73ff34130c3065788856d2aca331e8bf09c566bcd3f086023cf185867c,ab67ee4f100c6d60aa781ab3af139bcc220611f9fe31d7cb9ae20c730e42c6cc,3485b07e7ec9bd1d3a4bc8317801697347dd2a2a55da4d8a498748ab3f0b2b40
series-02,2026-05-03,2026-05-02,retrospective_reconstruction,settled,13127.2975,13127.2975,274030.3500035564,-42940.7399964434,800,728,0.91,d9f160b68c9b8f39bbea48d6bcd65c386b03244708d3c6f3c56c380034118144,5057276bef5cb00a97e18ab265c979b9dd59e6d6923247059411b2f02d5e7d05,acd5005d7d34aed9414c2880fbe1ad74cf4038d9848e6f6fab56245cdcced589
series-01,2026-05-04,2026-05-03,retrospective_reconstruction,settled,-3153.5874640655,-3153.5874640655,268870.062539491,-46094.327460509,800,537,0.67125,ca65e9970ed2b804f833e122c6f7a4c7ea4c095e4c557343da31a68da991d520,0ec93263ff8b2896d64f9911735095a53ade8da90e3b39e705bbeae59395033f,849b20430bc19aedfe2894ebe6e01c59250e356b56895f28700f76935bd5f64d
series-02,2026-05-04,2026-05-03,retrospective_reconstruction,settled,-3153.5874640655,-3153.5874640655,270876.7625394909,-46094.327460509,800,537,0.67125,b9614416691864bbb7931bfe124ce0d693264d8200479f54cb4cf060e8d8e71d,3f90b5772eefc5d28fcd5b180b467355cdef8c9e37ebf44c101b2b49584e55b4,2bf27cca5767146db113c919f2f446356fc3c846b57a94c56ef162a388289e4c
series-01,2026-05-05,2026-05-04,retrospective_reconstruction,settled,2549.1875037839,2549.1875037839,271419.2500432748,-43545.1399567251,160,160,1,a20102de19b99308964fe92aec549fbb34328e8bcb302854ff30a74a2d24410b,10577098c73a983d6d5734e0472f8868d9515d73c3d2b2234bd5230f2aa47101,e8146ea78e9bc732a23ef765eee702267137d37e9c922db3da526785f2eae7ae
series-02,2026-05-05,2026-05-04,retrospective_reconstruction,settled,2549.1875037839,2549.1875037839,273425.9500432747,-43545.1399567251,160,160,1,54d8c472d0421270fc20030ceb0e495def8d823abeefd1e6dee966c6b12a9fa2,6041253df58a1e0cad8135ff80a383eabdd9ad59d211536e01c7eb31b58e6182,e3af913cbe5b9379154b1e976f64af00d5d929b87467bcea074474b9777bc520
series-01,2026-05-06,2026-05-05,retrospective_reconstruction,settled,25018.3575,25018.3575,296437.6075432748,-18526.7824567251,800,799,0.99875,0f1a89f534330921d06f394356b58ebdc07294d33f260aea67fa01f5763c40ef,0befc9db7c4546ed872d13605ef6a863a64776cfe81f1fca554bff949746b66b,0cfb219b8996d0e2f0710570ba802a2d792f0741be8053aea8ff39a054083bc2
series-02,2026-05-06,2026-05-05,retrospective_reconstruction,settled,25018.3575,25018.3575,298444.3075432747,-18526.7824567251,800,799,0.99875,26b55a1d522286961b02d96b940cc0dcfd001bc7629dac65442b479243c1b790,f629c48cf81c8d1e960f33bcf1bd4dda1eef68dc0b7de084d6426c14d27d8dfc,b73e9f6b9fa8d097be339001715308ae2c74fa6bc87d250397622d1373c02a54
series-01,2026-05-07,2026-05-06,retrospective_reconstruction,settled,256.8825,256.8825,296694.4900432748,-18269.8999567251,160,160,1,2ea540a6ebaa1bdb6920651478fc0f4d1b09e8470a1312e0504f66aaf41ed374,4bcfac149000f52e87845c99a1a3da283d39140f58061d032fd2e0491283f089,607f3c2c9bd965121db0a1bc4d040464e82c0a13e76ecace302b98c28e348e6c
series-02,2026-05-07,2026-05-06,retrospective_reconstruction,settled,256.8825,256.8825,298701.1900432747,-18269.8999567251,160,160,1,ce30aad3f6365fb5d2188f9f8dbb79edc4bb763356f8f798b88e62e546750b5d,365ca3f861c3e991e8c0f3d3d42df8d55ad6843b0d9f429fe68fb27707fba881,62f18b14781a8b45645c89180a3ed1c56a38ca3bb7ac5a13e1e1cd9c5f8296b0
series-01,2026-05-08,2026-05-07,retrospective_reconstruction,settled,-21852.175,-21852.175,274842.3150432748,-40122.0749567252,800,799,0.99875,39d97f9d51f30c608e0799f7a85fc4ed282b90788d0895b19fdfde50f8e1df6b,074431d03d553fda2a1d2b3e258b36c1a28ec7948913f587cd2fecf1319fa8e1,12d54b1158d014df789b310bb3ee4a176088da60b021db882c7d63ad60d9caff
series-02,2026-05-08,2026-05-07,retrospective_reconstruction,settled,-21852.175,-21852.175,276849.0150432747,-40122.0749567252,800,799,0.99875,d546a0118f27658d80ba0960b5581fe3a1585fcb2e7b7159fab7fdd7d30a31cb,ad6b2cfde0028cc04f36378ed66c8bf55f69b6fd62dc1d73294ea3204f53eec5,4029a10ebe1715317dc4f74c49eff44e8a10ed30951b4adff2c68260656eac7f
series-01,2026-05-09,2026-05-08,retrospective_reconstruction,settled,17940.8775,17940.8775,292783.1925432748,-22181.1974567251,800,760,0.95,3f71d4b3721a9ef5023d8ce177b97a81d70f1e9e9342fe4acff4a6758cb6377f,7c47a04e6c10d37faecc3c04d777f6b6fd28aafdb90b655ca3a5422e1b951631,986c2cea99b4ffe815c297fe30624c4a6a6c4a6a91906e2a333eed4b1e8853e9
series-02,2026-05-09,2026-05-08,retrospective_reconstruction,settled,17940.8775,17940.8775,294789.8925432747,-22181.1974567252,800,760,0.95,66a5a50f32ee7d6155e3cde34c6ee7376fce6c94dbdfd6391c4792c09054dd1f,a50ca0471fce40a590f196c2e4467921dfad71a25ea525c6fb91c3e77bbe4947,e81d62a3bb325f22ea299dc381ce73ce9495191e9f389080a7641480a3a53d11
series-01,2026-05-10,2026-05-09,retrospective_reconstruction,settled,5972.2625,5972.2625,298755.4550432749,-16208.9349567251,800,668,0.835,d657cea98251cf4a63c262698351da133b3efa10ec89f6507dea9d422fa27206,598cc0640f5e3135d8b1b5603272358ac3f31551f2b1c09a6de6d62047fa363c,aad88f822ce8a8e5b7dd187d1640818422a169d1463f05790549104a45561d11
series-02,2026-05-10,2026-05-09,retrospective_reconstruction,settled,5972.2625,5972.2625,300762.1550432747,-16208.9349567252,800,668,0.835,ff019c3c433e1104aaa6ecf3f38f998a6e9858adcb2703014e71bffd4c5a367a,2b843a149b8c825a291dba6b6dc1a2dc6f79a84f2cba4844fb7952c7ecf5cee9,83a9cdb9b0296847664e0d9f9532631c0ddfd6ddc1812a66047f4a4741aec5ae
series-01,2026-05-11,2026-05-10,retrospective_reconstruction,settled,4424,4424,303179.4550432749,-11784.9349567251,800,800,1,af249381c27a4e12dfefb8cf2d906d47c634e9cb1e5d76870efea64db6e2b450,505471bdf698b618ca260d3b5a2e8fb31b1ab939993b62b6840700ff19c80336,4962c29367a5661fc721a735f43b67d17f2c1908d9711c5ae4c77dad806f60a8
series-02,2026-05-11,2026-05-10,retrospective_reconstruction,settled,4424,4424,305186.1550432747,-11784.9349567252,800,800,1,489a6b8c3b11e85883b892a1c54e23e16d2e7100070cfa45bd9e60bf92e0fd24,2b5bc4f0a2778b44ccfbe77a2c3f519d867ab5bad993274fdcb64696b1c58d46,70779da151727e735df6ea25a6b77f0644c0204093e35d46cb445ce9bb6ad08a
series-01,2026-05-12,2026-05-11,retrospective_reconstruction,settled,14900.135,14900.135,318079.5900432749,0,800,792,0.99,0ad95afc7794cdbbfd329c7a817b18fdc4b97e05c7197307f7455beeb8f2cf9c,783ae821153fe630b4f6c1f8073f7858aa8fb3e9bcd9cd751ba23832a0e98e4e,9e8c3e2a2341eec77d306a88ef2329b873962d9a38a7ff7cd5b256dccf8c69e1
series-02,2026-05-12,2026-05-11,retrospective_reconstruction,settled,14900.135,14900.135,320086.2900432747,0,800,792,0.99,bea687d889ef29bc51876e0c0c70b19b77db9b90ee1f5b303017a20ca4a34def,1ad6fde54fd7eec718920a6a9d72cc76f39b31e4dffc97954803c318b20b942d,5b635d30b13e22710104cf7f06c0da9d4eee5bfdd73aea680d9318f927734383
series-01,2026-05-13,2026-05-12,retrospective_reconstruction,settled,5730.6625,5730.6625,323810.2525432748,0,800,671,0.83875,84d73747a37a5ebbf84bd69df846871e72165553d0118c85a770c7aea6a8413b,baff7ff6558e9359ee08a4c40ba7b70eb31080b848640c7d5eb95fd82d13c418,ed8a5b038f6b1e5052bf7169593b36bc3cca45b9404cb979c399d25b3d393eaf
series-02,2026-05-13,2026-05-12,retrospective_reconstruction,settled,5730.6625,5730.6625,325816.9525432747,0,800,671,0.83875,6613a3f422fcbb3c71b7eece64c3d3841d5a565f8bf8cd0e4cd35edfc7d5837b,b1c3432f83cc99265bcfd18688ef4761722ab3d8914aa78a68f889e52aae8400,55c790c24cd23601d7bacdf6409b60aebf2d230de6a09d33e0d1306d42525e1a
series-01,2026-05-14,2026-05-13,retrospective_reconstruction,settled,-2450.5525,-2450.5525,321359.7000432748,-2450.5525,800,328,0.41,de1028dc0b118271e228407c78e90424d467aad0a7d28146618ebe0e9e30ff3c,ddff0c40545c9d5955af1b4cca75a6c0734321801f6c6a268f49349cfbcec467,d30c96cd3345d5bca2efffb6f1a11b59852abda4fe945b9f41d857a9d6017b2d
series-02,2026-05-14,2026-05-13,retrospective_reconstruction,settled,-2450.5525,-2450.5525,323366.4000432747,-2450.5525,800,328,0.41,95a19008f42d7b092d886005352f228bf55bf7a44b7ba2bbd8128c99c4719760,59ddcefd92d8ace7f5385a6ba25b1955d7962bf00451550c77694ef962bc8c36,eb27e9de0ddf07d13603c09e8cf23e11f501bed7b2476a56f29008e9b21ebe50
series-01,2026-05-15,2026-05-14,retrospective_reconstruction,settled,-7621.63,-7621.63,313738.0700432748,-10072.1825,800,613,0.76625,db70c863ed3f24399ab1dd17e22f0af69c96a4bccc0cec4e23ec597ebe9a14fa,f0dfa2393cad0b4d0b273173bf19d24b6354979579634a786e71b3bab20655b8,ce471422f83d4d4e26069d8af3ec880282457d57686cc02d9390138f25a54529
series-02,2026-05-15,2026-05-14,retrospective_reconstruction,settled,-7621.63,-7621.63,315744.7700432747,-10072.1825,800,613,0.76625,ae0099fa3b981dbfdc169f5b294f077b8405db68b8173d6a4e6378a04a74161c,8cb149b6917b5459a75ddaff6b86ae43fa5882069bda48580c148722db6f35d8,5582f188f3ef1c62512eb105c96e76068ea2c047bcb9677623916ab96cb31f16
series-01,2026-05-16,2026-05-15,retrospective_reconstruction,settled,3711.37,3711.37,317449.4400432748,-6360.8125,800,783,0.97875,fe6b863a561f860fb4c5aa9c2d6eef54e34ab45aa92fd81e8683448f693accce,f36bfa82c78cdfc57dfa2270e9598558e3bcc50b2a8882905549ac050b044b0b,a33608e72c117844c54a88711c2b918ee02b4a830a11f30dd88a151bce021d75
series-02,2026-05-16,2026-05-15,retrospective_reconstruction,settled,3711.37,3711.37,319456.1400432747,-6360.8125,800,783,0.97875,5d1c1f0fd248d2e9f428d284b4e64e7ab9865cd399d28aaa670ef3d2ecab0b75,c90145653413108e9e027245c2c7bcf705bb3105406318223065c6cb5398d166,4426ab50e91cf1fde199f5eeba0db4c96a07b6903844a884078c8c0d496e83ce
series-01,2026-05-17,2026-05-16,retrospective_reconstruction,settled,3458.49,3458.49,320907.9300432748,-2902.3225,800,743,0.92875,9a8cad0c34a61f045eb9ef676298ffccf2009fd3f947457a65e1d843f274adb3,33f1b2126fbec6aba99f6ed68c88dfb6d80281c1d936bf8977cdc0e9648622df,ced38398537dea0efc304a1e70c891f2fd9316581b9a006200a1d1c2b576c172
series-02,2026-05-17,2026-05-16,retrospective_reconstruction,settled,3458.49,3458.49,322914.6300432747,-2902.3225,800,743,0.92875,1f796503121fff9a72706943829d2f13fa906f9fb8e5846b39514bc4872f4fc6,7126ee65dddf8099a58317ac8e68b1edf1a837acd7718b3d6fa6115e00530bbd,93627373ec0a7efdf00f4d2b6e6b0737e87e23cc13bc6a9466ec9a9e69e9c5a2
series-01,2026-05-18,2026-05-17,retrospective_reconstruction,settled,3250.275,3250.275,324158.2050432749,0,800,738,0.9225,2ab210670195f1f63b75c3f69db9b2e265cf3dafc2d84241846b98ccce388b8d,6e85f289b3fda25e2b53cf7901acff6ccc978ac6dd37d68b7b006e7243ea398a,df6daf0e04a498cc9137b5f41fef467b3300cbe0b85f41ca820f78630737e40a
series-02,2026-05-18,2026-05-17,retrospective_reconstruction,settled,3250.275,3250.275,326164.9050432747,0,800,738,0.9225,fec1c20167ccf34453812b0bbec57e4d6b19dc3cb5dd9f777283af8d882dbecc,fba2cd4a44629a547399753665e2c5193266600d702261b44d21442b4c98bc48,d90422fc1a373910dfead07339f8d0e76d43f0f0485400c35c2882f5453676a5
series-01,2026-05-19,2026-05-18,retrospective_reconstruction,settled,5573.7975,5573.7975,329732.0025432748,0,800,800,1,9088976598c66ab442cb8a7a450a43a05c80eea5e0e8eef9f8fd7f219475cb31,2368fd7f1baf1dd28df67f85b82a52a5d9ee465a435706ab0f960bfa025c0d77,d597703b1f9b9c3d1613a96cf3ad027aa6b25c9bab9a33b59dea1f99b4181def
series-02,2026-05-19,2026-05-18,retrospective_reconstruction,settled,5573.7975,5573.7975,331738.7025432747,0,800,800,1,4a1cd05e970e7a26cb79e4c599512dca965cdb12e13ccab446d42c594dbde9dc,d02e00e5c75018fe9365b2893fe704164294fc9d890adb0ee6d668702fad6852,644bfd5135616117aed61141f2f90fc83fae97e3d7f5897c4484caf3911b6173
series-01,2026-05-20,2026-05-19,retrospective_reconstruction,settled,7684.985,7684.985,337416.9875432748,0,800,800,1,85ee753630ae280b9a88ae3595ae8c70a85837719819e2dbbf75106065bfa69e,09954f0590dd8c0d82a822865b8b20c5884ed61d529d1f6b46372c30c7035c3c,be5fdd1883c978d3595ff7b658ab764011d5b86aa276e597eaecbf09dcacf980
series-02,2026-05-20,2026-05-19,retrospective_reconstruction,settled,7684.985,7684.985,339423.6875432747,0,800,800,1,f1aa1d71587ff68843b796dad3164b5aa1931935b762863dea47b13be6828042,1d76fcc6e2de416cd4bfd29a744b62eaae4fc2d47b6edff5559b08f9821d4eaf,0866263ea7d8eaa4faa26b37a18e23bec867ddf6c01ac4386526f54f8903a656
series-01,2026-05-21,2026-05-20,retrospective_reconstruction,settled,-816.3125,-816.3125,336600.6750432748,-816.3125,800,800,1,961a1aa90c9c9751c2d7e8e2f98e1d84488320e28905040de19785bbbc2ce8ec,fce18fa428a126a85fc03e145db0d856ba24e58bcec6ec7dc5f7c3ca53026499,3504ff4133907c12f67b42f618c0d0d93b1d6a98c5f68e67070d177d61d6b5fc
series-02,2026-05-21,2026-05-20,retrospective_reconstruction,settled,-816.3125,-816.3125,338607.3750432747,-816.3125,800,800,1,152c68942806bd6762ab310db25e75c4e6e3a8eb294c5b5b8cd989c32b639f47,8e3daad68b33d229c4c1e33aab2ff19d74a72134a9dab0a862ed4bca83bdffc5,bff927e8979af0616167efc7faeae91655d35a91814e69a12c437849c431de85
series-01,2026-05-22,2026-05-21,retrospective_reconstruction,settled,2616.065,2616.065,339216.7400432748,0,800,796,0.995,8d3c86f293ea58af9b8942b04aac72e9cf18842ded9b337328bed44cd5e7e11b,a70b484870dad83c0f257670b8f2d5c792f858bc0bcc65194bb5037bd6683e0c,774273200956aef364f8ea752f8652f37c678cf0706e3b23682938317781045a
series-02,2026-05-22,2026-05-21,retrospective_reconstruction,settled,2616.065,2616.065,341223.4400432747,0,800,796,0.995,1906d9e7269cb5a4ec3e491bf3a2b89a6972c3c68eb94f3b2051125f3aa280eb,1031344af74ac2fe31b73d629a50d2c437a2a15da4f951fad5ae0f247f958557,08bc6d9ff60567ccce4ff8560110a292181347ad203c9f8fc8b0dea15fcb38ce
series-01,2026-05-23,2026-05-22,retrospective_reconstruction,settled,204.405,204.405,339421.1450432749,0,160,160,1,5138feb3c25c602cc61d76ff7f2d7a75a20e78570711ed082eeb194fed9cda5d,2e2677e28a3858b3bf94fdd35eb6525ecf9a5e51460eaa1d1c0455398857f181,37bfa43c2c0d830986ed85389b4194df46d54a30e4529ebb86938bcb5799586f
series-02,2026-05-23,2026-05-22,retrospective_reconstruction,settled,204.405,204.405,341427.8450432747,0,160,160,1,6460a2a5eef4e146376d407bbf780cae27272b88f91f517f6ef3aab92b0879fa,efe312c1da0a9a0ce3db3503a6a4d1943bc15d2342c85fefc008ce7505274f01,4a2591a24651011f1dc054dfded92c4bde0a4c7a46ac7a85d1a86637971680a7
series-01,2026-05-24,2026-05-23,retrospective_reconstruction,settled,7925.565,7925.565,347346.7100432749,0,800,800,1,7b11a3b6d36d0190be11edef7034660f65e2605f8087c1491d12b59536ea8650,61ddba87287d233c0b2dbe0c39ebd1b36351c2959f88c6284e7c9053a374ea37,845c5c9ad4ab2e20cd8ba8ffd07ec0b6fc8dd0671c664234d58f65d448c43ffe
series-02,2026-05-24,2026-05-23,retrospective_reconstruction,settled,7925.565,7925.565,349353.4100432747,0,800,800,1,b952a77b426a9737b2cd69bbce8b3945699f5445f269fec8a65f7573e4432847,61e95b176da23ebf871b9633c64c2bc0d55c8dfc01180aae422009ee2fdf6067,1488aaa0ae9d568b63d956de541cbda9fb8eafdc7613415fa272056c7635a212
series-01,2026-05-25,2026-05-24,retrospective_reconstruction,settled,3094.0775,3094.0775,350440.7875432749,0,800,800,1,2b72caa78f27fb0ccbcf5ced564cd5257276a6879691b026d338b4041068bd94,90aa7b269b446e0b51026f3489b0a0656a143d25cf3abe1a5b548a175806ec20,927e404a9591f3abdd1b017b235a9ca2f38d61b5ab30862af66e71a2ce75411b
series-02,2026-05-25,2026-05-24,retrospective_reconstruction,settled,3094.0775,3094.0775,352447.4875432747,0,800,800,1,a7f2bcba5ec0f07b9ee20cc6acd8714a3748e4af3cf0b486f6f9a4da7a829542,1866395130c75964329745ba6f644732d39b5e79640453bad638e348234dc0fd,147b4cbfc41743952b507fbecf0ad9130c84f1621e1d5c80eabaff5d7e642bb3
series-01,2026-05-26,2026-05-25,retrospective_reconstruction,settled,-11346.83,-11346.83,339093.9575432749,-11346.83,800,800,1,06b999a8f15aa006f7662d5400513eb6c8253be748b2c8d1d02698da6e603337,9b5e29f6da0d2dfb84a01e2a8e5ed5708a99403f4b20f295cf44a99115e175a2,0e5a6479909c47d53daf52005429b8016e5059fd5932b1bd065a0dde6dd4c80f
series-02,2026-05-26,2026-05-25,retrospective_reconstruction,settled,-11346.83,-11346.83,341100.6575432747,-11346.83,800,800,1,bea8b8193b50bba9f234a9521366425e6aa01b94a075a33d36a2f262fe107f44,a06bd6deabcefc350bc50aef125031e0e048b24087d8e6c9b20f9b0d60d62a7c,09e502a302ce1c0b9be15de5756ceb27733379de53167ed6e719eab6f6b9aabc
series-01,2026-05-27,2026-05-26,retrospective_reconstruction,settled,1590.16,1590.16,340684.1175432749,-9756.67,800,773,0.96625,0456732b9bb507f9c1355c1888d489bf5b104fe944e4b466f84884ff13bb217e,a2cbbd02ba575f262c4ba7bd1602489034c5fe3e3f2732036bbf206612ed33f0,a90571e3fe0abfd1bae1d3aa68d778e45a9139cd8fedb7056e99d053c8b1b2b4
series-02,2026-05-27,2026-05-26,retrospective_reconstruction,settled,1590.16,1590.16,342690.8175432747,-9756.67,800,773,0.96625,ac37e09344a1b53a061de5c6db152be8a15b957dd0c5772f91436a75a00cb603,d13005ba85226eb8d34b22a8d7ea3b7e2f89d8a21a8ac11c07d57dff2867aec3,4f2b48e07bdc4c4aea8fc7799b1b455737c5009f966e42776cf8a0f3b9ba3372
series-01,2026-05-28,2026-05-27,retrospective_reconstruction,settled,3718.245,3718.245,344402.3625432749,-6038.425,800,761,0.95125,b7b32e1f5d3b322ad30040888bf5e12a306142203b4d24b66b1245b33c720523,fb6a899ae0da96a79dc4b8d25610cf25fd287865e248fbeda5164ad305dfcf36,88b9d86b44907769c9ff4bc4878c7ea19e6b8e71dce961107df5ce0983e3abbb
series-02,2026-05-28,2026-05-27,retrospective_reconstruction,settled,3718.245,3718.245,346409.0625432747,-6038.425,800,761,0.95125,6e4f34e488efca73d2906bd81bf24ef503cb14b85210ea15f0af5b2e5a3b8800,8f2fe5fac3d4190dfdd9ad3391ff625e0554c4240aecf30a5c07222d5fe0aba0,37c3c0a43f7ebd9f3e3a23d941bb87ca080abaf3ae7e073c6806eac77cb83f37
series-01,2026-05-29,2026-05-28,retrospective_reconstruction,settled,1632.48,1632.48,346034.8425432749,-4405.945,800,800,1,aadd82dc54ba1078fc85c7040d9f381552e2c1a2c3a949e386319b9174b9d2e3,a807ba29cfba47eb2636632544639918237905e3a3d2f87d2442a7b16cdee1c3,26b71b11c495f23fbe906348ff58ddc275618565ee655a8c878ef983a2f20aa9
series-02,2026-05-29,2026-05-28,retrospective_reconstruction,settled,1632.48,1632.48,348041.5425432747,-4405.945,800,800,1,9d948f1d14aefc8bf4141d9f44a0ae4b9d2f3818e6f3e985502c37db5590befa,115b30941cd654240ba92254d29f95129e00455a9e596c85702eae2819a9f6a9,196e03f53c018effb5db1ec06e1e2b7e46333d619578e2e51c0960ad1ef4542b
series-01,2026-05-30,2026-05-29,retrospective_reconstruction,settled,-556.2525,-556.2525,345478.5900432749,-4962.1975,800,758,0.9475,be91b5807e7dd78e98980ab6bd45044a5e8fe55743d58fdf84a11dab6546fbea,bd9b1882379efd15c63e77616ff7a088ac1897964c37bbacb773a93b7cdd372d,f4dbad33e4ae536b7cb367f91c2640f0f780543942530c288f467cf9a85c5e91
series-02,2026-05-30,2026-05-29,retrospective_reconstruction,settled,-556.2525,-556.2525,347485.2900432747,-4962.1975,800,758,0.9475,2667ff6e25ef3f528889e17e4af6a418c1b9c7122bfe50c0144de2754152bc0e,f7a5ee32eee19e21cdcda2f4a248d4c684495ba64364e28164c566351c8d0f4e,6df90b28262797277fb93bd12a61ad105b7be49f7be4ecd6dc539cabd7371eb1
series-01,2026-05-31,2026-05-30,retrospective_reconstruction,settled,-6000.545,-6000.545,339478.0450432748,-10962.7425000001,800,800,1,0aa8ef74770cb9eb9c1d1c0a5b483d141e541895a04e395c9ae908e129cb698d,7339c73f303509b8bdaf50ce2e5195a3c29210b5c15946adf558465cab62e33a,47e1683e99b4ff061cd8d76f0364d3150b9f1ba3e9047628d5095abae9fdc84a
series-02,2026-05-31,2026-05-30,retrospective_reconstruction,settled,-6000.545,-6000.545,341484.7450432747,-10962.7425000001,800,800,1,850dcd8106cde2378a552b0d30bc69c79199f657bbc372bc4830ffd372e7f29e,4f47f8ac66e363f9c8f13ef2406106a4799e55dfa9e79b499ee063ab55e75c5f,1a8af1c3fa7fc06db108e5e099cdba46454eb74e01bdee2e10316d3b35e3b2b1
series-01,2026-06-01,2026-05-31,retrospective_reconstruction,settled,-12844.8825,-12844.8825,326633.1625432748,-23807.6250000001,800,800,1,b306aea3e75b7d581286fcf0d89fb05cc3d0332a6df7e87932f5d1707c680058,210a9a3e7e85d8b3d19a1d29e8d044058518cde31d3b1361bd9a184f157e3e30,5f1c04827f28ca22551c8a79ade23538d74aaf492024de514764a1a367560e09
series-02,2026-06-01,2026-05-31,retrospective_reconstruction,settled,-12844.8825,-12844.8825,328639.8625432746,-23807.6250000001,800,800,1,403dd95fbb67f7d10dba7b49e3a8e3272febddde813fe77199b72a4619ea8055,690b9252d466e4047759b87cf873676c378e38b48a012783fec79a318c42743f,598702fee6fef7da17fe3ed172760848ee8b9ca98197f248b7fa0a58ace1b5e1
series-01,2026-06-02,2026-06-01,retrospective_reconstruction,settled,-6535.5825,-6535.5825,320097.5800432749,-30343.2075,800,800,1,01b34c92f19cf9739be62c588f8a86de74772b669ec012ace591da517778abd5,2e6bf75cdcffbf99a93417c3bcfba3a391900e1c5cd3abf0b48097a74262abd2,207c5ebf36302f65570804f727165610113299d00263a32c08d136b75fdb5490
series-02,2026-06-02,2026-06-01,retrospective_reconstruction,settled,-6535.5825,-6535.5825,322104.2800432747,-30343.2075,800,800,1,5a323cc0137555a260d13cbbfb6b353126b1b5559b7aae8c64e7ce578b806e8c,085493dbbe880a8f2d4a015766f7c3580155f5cc857e808d84b255e8368c074e,2998c9a1e4b0db91f7d9b5b2dadbd884e8f9fe39a236c5453cdf6239cfe7c5a0
series-01,2026-06-03,2026-06-02,retrospective_reconstruction,settled,3170.8025,3170.8025,323268.3825432748,-27172.405,800,800,1,d4d2bda294c1eaa8842a8aa104ce1a1bb2d2099bd653e9cedf98c04c0278584a,17457b83927cbb485cc952fd4b3b3ad5867239dcd725358941cc74db3eb3189c,eb4c3d5458f13f310167160568136bae5900ae227313ea3ffce470e5a9cba003
series-02,2026-06-03,2026-06-02,retrospective_reconstruction,settled,3170.8025,3170.8025,325275.0825432747,-27172.405,800,800,1,1c6170bf8118b73c4bf9a8827de3d314f4346645c5c68a0a77e5ce14b0f7e76b,3e22cfbd95ac292e9c233d18e6abc9823c935a2fad8135f5fb3db1e1a86d4a93,1e6eceeefc381da571fc9e57d7c011c8d6e9005b1966ac55ad0e9b50018f962a
series-01,2026-06-04,2026-06-03,retrospective_reconstruction,settled,2944.3,2944.3,326212.6825432748,-24228.105,800,779,0.97375,a8c4f8e6e41094aaa507865786ad716a55957c3220427fba93c39daffdd326bd,698139606e7806711fd4afb46ec842d93a2662e9ba7793551707b735ac899eb9,0d7142ead9295f78cfda1b6433ac3b2af5aba344d29db1f052b3b6aa3aab5573
series-02,2026-06-04,2026-06-03,retrospective_reconstruction,settled,2944.3,2944.3,328219.3825432747,-24228.105,800,779,0.97375,4257171d50b1e6a963965d6d8518255347bccf22801efc06b02af33f2decff00,2d5dec0dab0da36d9aef37ba4ca0f196006fda358f54a1717560c11546754ef8,034910514329191ef4938f492c3df7516f7dc21ce82fd0a984992112e07a043f
series-01,2026-06-05,2026-06-04,retrospective_reconstruction,settled,-2795.595,-2795.595,323417.0875432749,-27023.7,800,800,1,17005ca66d4d8c6c6214c48030d9e1045508d1b8072fbeaf9df5179119231496,349e50a530c2fe09c829b95d852d02e79f8d07208c73de60637d91b3e4a4d9e1,877e0ebe4ea22d5c0a691ce1bbe91f1dc281fe4ced9881324e20012d3b73dce6
series-02,2026-06-05,2026-06-04,retrospective_reconstruction,settled,-2795.595,-2795.595,325423.7875432747,-27023.7,800,800,1,fee32aee813fc8c1ab0b1e079be9017c319bbef1f7c0a4b40a9a4d545cb0bdd0,fbb5e3d3a65afd28f1d9e79591f3dc6cd00e10c3d901ebac6e36e5f90cce528e,f118be48af65312250a99464f37f106eaecf13e014edf2361a04ab2f91153a3f
series-01,2026-06-06,2026-06-05,retrospective_reconstruction,settled,12675.5575,12675.5575,336092.6450432749,-14348.1425,800,800,1,94083c2653b4f9cd3af12d2c54aa4aaaeca717a65a7a5aae0928ea971dcf4e83,dc8bb4bd2ce6905a08822cd41bcff5f16ec5c34d4292e0caf648ec3f851fff1f,3481eb437a7c4cc80e6a912275eb2ef3889b27086426b6b6e2cf7b16a810fd52
series-02,2026-06-06,2026-06-05,retrospective_reconstruction,settled,12675.5575,12675.5575,338099.3450432747,-14348.1425,800,800,1,b19440cf4f2504e52fef5b2de65d002e6e2f538fcb814a5d5f168c35b6644582,8da890d84209b9aaf355457a2a5859fb3c1501325e5dc34b383360f91c9c3be5,eea4d585512fa2123190665bcaeb36be8dd760432c5d95d63b0e19b7b4198cbf
series-01,2026-06-07,2026-06-06,retrospective_reconstruction,settled,1668.02,1668.02,337760.6650432749,-12680.1224999999,160,160,1,7d3afe68068066a428321b02ad93ff57bf3b24b41c8cca8fa780da294b953c83,a32148d8ec7cb953f96132840be97a3779130da6a72d2f6f37b828b78be8a553,00486e110799fb2f70a4f94cf6e2d4c0ede3c12197a6b695441a96c61a9f4df5
series-02,2026-06-07,2026-06-06,retrospective_reconstruction,settled,1668.02,1668.02,339767.3650432748,-12680.1224999999,160,160,1,5ca811656dd8a5085ebb6c3a7f6bad50eb16d986222ec8ce4e12cde5987f3362,988286fd7c0e81800d0e477a09cc7ed9bfef03b97582568d24fceaadec5ed6f8,ab8481afcea634b90bddab2d82e600f7a638be3a8f090a9b59531c0f6bdbb6e8
series-01,2026-06-08,2026-06-07,retrospective_reconstruction,settled,5622.825,5622.825,343383.4900432749,-7057.2974999999,800,720,0.9,16e3593d888bbabe9e8c3e05085901a03defdb8e8983f3b7e72a13aba7b6e0ab,0625bf1ac209b377552d22a33d2f5ce106a8fec3191cd724c491c8db682763cf,176dd21e02b89e20286773952bb718b67d95b0f1cce42543dfa0277d784b9e6d
series-02,2026-06-08,2026-06-07,retrospective_reconstruction,settled,5622.825,5622.825,345390.1900432748,-7057.2974999999,800,720,0.9,c3c3f6b9eb238bc5de11e29354e0185db236b90891ea53c0f8b3c0c34c970667,02422c1d1ab18ec388955c5a63835d3ba8e7a537b5ea862e2b820cd7a81f2872,a69852712d51338f4ce4a7b77a23b777429bd25e989714af489ee74189e6dccf
series-01,2026-06-09,2026-06-08,retrospective_reconstruction,settled,4163.5875,4163.5875,347547.077543275,-2893.7099999999,800,703,0.87875,3be346d1ed5e1eec5da7fc241ee11eec3f221a2279455886801c5a93ea9a0937,e71c15b812c85e95438d519bdb5c09c8c8cf7790e03cad4c5adc18b31d5e9b8a,526d6f60a5d97bbd6905ced4061f2bb630e071a0479a6ef565023a3c461c4317
series-02,2026-06-09,2026-06-08,retrospective_reconstruction,settled,4163.5875,4163.5875,349553.7775432748,-2893.7099999999,800,703,0.87875,1c2f689de0a597d7747144252d14444678795d1e8eed2562457ac74c559c68d6,0a9169c4a7f904a008fec3336a18b324b48637c920acac69db64ac1797f430f3,37251b780b5e2d87d4dbfb3ccadeef488b13558265814c6acf3c0bf0f24d5b3f
series-01,2026-06-10,2026-06-09,retrospective_reconstruction,settled,8813.4675,8813.4675,356360.5450432749,0,800,716,0.895,e84dbabb9797d4a43f81057ba8a17ea2651a2cfbf888e2ef80c12cdbeca1b38c,315b529a4d74c1a5afde7c78fd01808521be31a1d1efba49f8c919e53982e21b,830a6b2803a846ecc09f862269f1f51840e8aff0735710e7d2a1be0263432740
series-02,2026-06-10,2026-06-09,retrospective_reconstruction,settled,8813.4675,8813.4675,358367.2450432748,0,800,716,0.895,ad87480d87923c010b20a675bcace774e4ea2968b812708ebff9f8eae2193d81,c0e9d132320dd7f31884147d11a459ba5755066c985a3c3603ba4808cd8975e9,626fefbaad971eb399a350926a474cb47f20be536634eb08a05534cef6e9f142
series-01,2026-06-11,2026-06-10,retrospective_reconstruction,settled,-2386.96,-2386.96,353973.5850432749,-2386.96,800,692,0.865,d930f93d4d7a0f43dd8c17e4ecb659a77e9c27ae6a1b491e0b1a4c4468b2c04d,42580bc6c4861ec9f0051a4b30ad8a4954eed66821fe6f6903e24cdf8128298d,1f3c5b6a2e5bb755eb4ad76555c3f19c74d664f7031f833be4752bb66a311d8d
series-02,2026-06-11,2026-06-10,retrospective_reconstruction,settled,-913.1325,-913.1325,357454.1125432748,-913.1325,160,148,0.925,1f8ca654f0a4ed3827b49197282ac1958aab8c5774688d2dc6c4a7df3d7a3355,a5ba3e5e3d26db2c9c3c9d42900e9bb443423a11faca74e78a8e4361e8d5845a,b913cfbb29e0176ab83caa3bbd8258045dd79e88d9e3e66b87830702d8924d96
series-01,2026-06-12,2026-06-11,retrospective_reconstruction,settled,-21359.04,-21359.04,332614.5450432749,-23746,800,800,1,4202d67eb534fcaebd443e0c2afe1b53ff543eda3995efd4013adb6dbb67a5ba,aeef34d1b9ce3b1d0289e72ad786f05adfb6a9c51756836060c7f977e8b977c5,d0f896a68372c4c18af93151b39610e28a1254bb60585961bb4edc8ed344ba0c
series-02,2026-06-12,2026-06-11,retrospective_reconstruction,settled,-21359.04,-21359.04,336095.0725432748,-22272.1725,800,800,1,0695099330ffaf68ff31565372020807c2c9d957b484489fd2520d58ea4c5683,87aeb5037566837e926df15bd6657ccc97c16e80933700c4e4d83b581ed6c42d,2bce6bfd7d4dc431b721ea7dee990fc0afff43b4295f313c96ffdafb50188087
series-01,2026-06-13,2026-06-12,retrospective_reconstruction,settled,2629.6425,2629.6425,335244.187543275,-21116.3575,800,800,1,7e27d5de44dbafac4712ba5093d900d63152ef7f846bd14cf77c73477992005a,2f2cc97c1887578fb5a635c92b9718d8a4d9504fbfc889df268aac231ce268ab,210834b9a4332fad8cbfb5cfecc0aff45cb9076152d1b2ee7a6a5cd86e3adb94
series-02,2026-06-13,2026-06-12,retrospective_reconstruction,settled,2629.6425,2629.6425,338724.7150432748,-19642.53,800,800,1,b4063cdaed1e484d8e8b059e98734906d93b66b4e0e0e6b4aa2a81ea47922fbd,18ac9af6008c7c48fa1a2ed5d1b75d55057b19ee3dea99a1388b81a6a0b596d9,874764ac36a08049e983b071d19b228d8a89a69756587701317770af44ddfe5a
series-01,2026-06-14,2026-06-13,retrospective_reconstruction,settled,270.76,270.76,335514.947543275,-20845.5975,800,800,1,bb7f674e31979072aa74cd34738f2db2a458848b3d9d492ed55cea9874ae33f9,37456903c4e519a35c6d71007c1aa168fd852538eab1d8540b9274642d3a58e4,65a99051bc465de9f2685a9ceb47bb876d6a0dbefc4e68dbc0ae0bd69cf2740f
series-02,2026-06-14,2026-06-13,retrospective_reconstruction,settled,270.76,270.76,338995.4750432748,-19371.77,800,800,1,f96ae16c6657a92ce24d2359175764bea7ac0410a5a333a0dea19a4cbd6ae555,3a3ba79d7bfeeb651e913594f5e7210cbd9eb9bd2b946e1b7548237e9a591057,9b9d2abb52f60f5645dea388c965f270e7b7f29ab6242545b4718a015c8f7814
series-01,2026-06-15,2026-06-14,retrospective_reconstruction,settled,6698.885,6698.885,342213.832543275,-14146.7125,800,800,1,8be73b49c9da53d60373f0ff3ee36fe4ef26e1a4d4893ff9eaa8ed3a61a8689f,f6282fa086be052ca71d7499237e8549442424b3e412e58477c22c68ae5e350a,13410243e252e22f7d990bfcc9d0971af3822597cc96e1bbfefca60d02e81dbb
series-02,2026-06-15,2026-06-14,retrospective_reconstruction,settled,6698.885,6698.885,345694.3600432748,-12672.885,800,800,1,dfec13b45471a02113fcd25aa768035b7a50e1d200206eed1c06f0c8f2c04156,384ca7527d092b6500d466ca3a413d592661a1f3551f66a65aa7c447fe383edc,4561b83483f5c66dee75fc27f980d27d213d014f54f221f1c4c9527f2fcb5748
series-01,2026-06-16,2026-06-15,retrospective_reconstruction,settled,12550.91,12550.91,354764.7425432749,-1595.8025,800,800,1,4a35e0a58320e753193c47ed8bc8c37cce82984e8ab03df68729c6be1be0e0d5,5a3f0dc7fde73493b45f1b541d4c72f3d790b1931bf95b787d5a9635ca71985d,90f48ac56b65279636a8c57f9b00568901fa2c11137f4315fef79e307a2bfcc1
series-02,2026-06-16,2026-06-15,retrospective_reconstruction,settled,12550.91,12550.91,358245.2700432748,-121.975,800,800,1,1bfb332a18d1cb8665962e19e7837e6d58bddc83c505de1801f517440fedb703,4d5e515496689dfc0e7336ae7588cfb6cdf20b9408ba4c10d6a9c1e501bcff80,55f289338114713ab7467b07bd1b2287c944a512d41d6f1f2bd4e3de507fed83
series-01,2026-06-17,2026-06-16,retrospective_reconstruction,settled,-1553.175,-1553.175,353211.567543275,-3148.9775,800,730,0.9125,7740a2d92e4eadebb443d95eebc6c7cadc7c692b7bec7ca2446f26f86ada2194,e653ab45583bad6f36df9414c0b96f7fdfdeccd757661da150ba8ea5ce59c1af,cdbd58ab3f589a022001bd8ca032b0f56a597ff8fa492055727c551205815d0e
series-02,2026-06-17,2026-06-16,retrospective_reconstruction,settled,-1553.175,-1553.175,356692.0950432748,-1675.15,800,730,0.9125,4ace4b117d7d7fb8ab89dc6db307357b421bc6dd7bf2be93a281700a6d3fc71f,b00b8a3a9a594e3f43c1f61decb65875361f083bcef426ac17581c2fcbe7d48a,43fa21f08c1045243f860d43d6226e4a8e0bec7f74ed3e2ea1b53c5a4c32ebc2
series-01,2026-06-18,2026-06-17,retrospective_reconstruction,settled,8131.8075,8131.8075,361343.375043275,0,800,800,1,82d193c98922077345304e26c8a4cd8fdd672e4d480c22c0922616147f570d55,2a8ad0b42425970df0616582709f13fab53eeb36cad8556e583f20abd99fe350,5a34b0024cd65fe7f120e255605fd6a72eb21f90f541decb3c214e835c963294
series-02,2026-06-18,2026-06-17,retrospective_reconstruction,settled,8131.8075,8131.8075,364823.9025432748,0,800,800,1,81e18e35b4b9e380e08a128298dc013451b810ffbf30838b93053f0b1b9f2b07,9dc9767cace4af5f95c5348df9d488b5c00c0bdee3b19124b1b7fae5667cd205,4480a7e3d35dde16d4c3954f2524cbe72f57c2b81d5f0a321399b3abdf581576
series-01,2026-06-19,2026-06-18,retrospective_reconstruction,settled,-298.2125,-298.2125,361045.1625432749,-298.2125,800,795,0.99375,410ca3867930e749c52c69b5a53d7336f73658f24266957ef00c3d9de8b2ae21,2fc3e5969c787edfed68bf4ad3dabefa4d119cdc540a63ddba5ccd2d60e5f1a8,e3150ac00596184ee40ee7883d8574e85892ad26962822dbb07ca1114892edbb
series-02,2026-06-19,2026-06-18,retrospective_reconstruction,settled,-298.2125,-298.2125,364525.6900432748,-298.2125,800,795,0.99375,48983e04bc5c1c94c968c08c0f20757187cf746cbb453bbfa970a72f2fc6f2f0,64ceb31218b6d6f295a90cdc6719349f1c20edd36132eca5f986a48fe917d043,f30070303ee616051c548ec3ded2e73abe6970c29163b0abdeb80fcb4ed1e144
series-01,2026-06-20,2026-06-19,retrospective_reconstruction,settled,6660.445,6660.445,367705.6075432749,0,800,799,0.99875,4af9a5fc820e9c286e4c096fd9e81391b2bac2a56c44e7e41d88e3b456152c9d,f173e7ad728991e2e897226e9ed2918761271ecb97d424954b0ed5b82dd7cf71,5da0f08680d89ef978dc4fc2ab2b5b6a2438fec0fa6372c4f01c2e73229940d4
series-02,2026-06-20,2026-06-19,retrospective_reconstruction,settled,6660.445,6660.445,371186.1350432748,0,800,799,0.99875,bc48b877c7c44d4e69ca8d860b1018c02a49c584f7193238acc7e5d7b1ddd722,7459774b323b07d762f003e81fe9c7929e296e8c1740cecaca20cdf61ea8c37a,b7533b1eafe3c4ff865a80863e65584d0457cb0eaf24177d39e9924eb8311390
series-01,2026-06-21,2026-06-20,retrospective_reconstruction,settled,-8692.955,-8692.955,359012.652543275,-8692.955,800,792,0.99,32b23b897768862ae9255561e2519159df441703c77f4ceae14044284639557b,1c6735771181ba551a73ed01e994458067e11ba193b2fcf94c362813865a5dce,9ed74bf0e4338265b90ee633f2875f3c1c4969cf2ff6ed1de4a8793b62bcf510
series-02,2026-06-21,2026-06-20,retrospective_reconstruction,settled,-8692.955,-8692.955,362493.1800432748,-8692.955,800,792,0.99,ebe8940c067506f6412e5e245a91fbb857a8a4a267b717b062114fdc4736bc3d,0b1d47cd4f474d7a09c327e323b3770891c1bb1be1e7cd2351d4b83aaabb3de0,26be06b5cdee8455929a8006777686fd17ec6dd1548a779765ff979c56da6941
series-01,2026-06-22,2026-06-21,retrospective_reconstruction,settled,-1580.9675,-1580.9675,357431.685043275,-10273.9224999999,800,799,0.99875,f5b634bf6b7c292e03ed052b7a7ca30947b8b56ac5ae1d880e26ae6d796af25b,d9a5a13c417790778900e2258b292fc2a3908101971d9ef04a706cf45bc50850,564ac4ae82249963a388fc06a041097ade48e02777d1bf8d4580402cc63da441
series-02,2026-06-22,2026-06-21,retrospective_reconstruction,settled,-1580.9675,-1580.9675,360912.2125432749,-10273.9224999999,800,799,0.99875,d3a35e400193b8329b5f8ecd43bd993e7d4952c9bab1ad081790fc7e4293dd59,99cdac653d4eac888ff558cd740e17778815952c0180501cb3bcb4523ef86d47,6d7a26e319979b28fe19fec8ca870613e57639c1b9d33a2cf629ca07dbc7a78b
series-01,2026-06-23,2026-06-22,retrospective_reconstruction,settled,6986.0125,6986.0125,364417.697543275,-3287.9099999999,800,795,0.99375,5296636b53abf2694fdc5886c612a39018d0e79b5f81b88329d949b3345759cd,48ab5ef53856ef7fc4607c7ee9c8ebcdcb124b59f8fbe400a03c5d9601a2dd54,885e66bbac2f326c76877ea7c76f5c06818c3b4e5a1eb722608cb1a720b8789b
series-02,2026-06-23,2026-06-22,retrospective_reconstruction,settled,6986.0125,6986.0125,367898.2250432749,-3287.9099999999,800,795,0.99375,178396023a34433fa5941519984064a49ccff4da2b880a099aba90003383fa51,5089d9a67afd2b34f18da06b5abfda066fddb2cb1b064d7c412b53a8cbee65bb,fe4ee19f16f5898fb7bb20eb15fa68d0958dbfca10add1ba295d04b459916fe9
series-01,2026-06-24,2026-06-23,retrospective_reconstruction,settled,-1536.0325,-1536.0325,362881.665043275,-4823.9424999999,800,777,0.97125,5336b8c8b7ab1b4287a67b6807e8b936f3ba547599766b7dd95262ee93547aee,1191ebe71e3792d940b4b121cf2e58ec0d4d2348c741fbe5a093948dc6009e56,cd0af8672f372e74dec1c3bebb21a0df84e9443eb1271e8411dbd3f603b321b0
series-02,2026-06-24,2026-06-23,retrospective_reconstruction,settled,-1536.0325,-1536.0325,366362.1925432749,-4823.9424999999,800,777,0.97125,96ed4b298d598e8d8da415592ba387ef7f08a9825374a22c6c47b30d1b8721a2,a3b66658279133c2ce70efeda49c6d26892ea5a2d8280cfe1942ca7a929bac79,63a69bc743c7540104d6ae52e7f130eb56ba290d155b300a1bef9ce2ea5907f1
series-01,2026-06-25,2026-06-24,retrospective_reconstruction,settled,-6312.005,-6312.005,356569.660043275,-11135.9474999999,800,778,0.9725,ef94efe0d71794c3107d568f246e33b9dd7c79d6da4b6b9f31fe065f758205e7,425f530156220cefc7d98cc095a501fd770130ee34f0123c37fd0fbfd74d0be1,4b369baa117fa55d16cdaaf3de331a89795c9dfc20f1a2ae489ba3b1a24cea88
series-02,2026-06-25,2026-06-24,retrospective_reconstruction,settled,-6312.005,-6312.005,360050.1875432749,-11135.9474999999,800,778,0.9725,eb065bea30e2e8259ca44488cf9aaa2c3e9135d7c5030168927d3640d1e33192,80b6f96ddcb9d8b35a08f2a7fd93b2721c5ad980f95a32cf26c7a1a96660d54c,21208c68c42fb386668ed1c95257141d1186365851edd40b75f36520cc751510
series-01,2026-06-26,2026-06-25,retrospective_reconstruction,settled,5379.845,5379.845,361949.5050432751,-5756.1024999999,800,796,0.995,e4ec0ee917f78991739a91de6866547679b8b0c8f95a44b6120c2e3a96079ecc,56c04da9fb4feebe9a39a232e691172a51a129721917fe48a291d5f78200f797,9fe2a7b1b0266c5a5bb2e0882f70e5f8567c4ea09a6a07c80f17b9544f8cf426
series-02,2026-06-26,2026-06-25,retrospective_reconstruction,settled,5379.845,5379.845,365430.0325432749,-5756.1024999999,800,796,0.995,8aa8dddc67ac0a2406a1b28603dcf92e6d6466b17acfa3998e8cbe7eaa2bbda2,511c5105474334009ab1c314e7db14e4022e1e66a39a0896eb1ac4dd74eca2e0,28a029d41c7631647327c7877f108eecca7c285eb133709d7d6071e5c4cba8ab
series-01,2026-06-27,2026-06-26,retrospective_reconstruction,settled,3557.775,3557.775,365507.2800432751,-2198.3274999998,800,765,0.95625,3dd17777fc36e2bd3f7bfa0d275b717bd3c631a2a99d12cd0f2e73ba32f9f92a,a134914bad299c03474d1dcd4cd8e1442303d4dca2cb9828c121c396c4ae441e,d6925ccce35f08308cb77ae267f1042732e112219c1777fc0c776b8a17dbe33f
series-02,2026-06-27,2026-06-26,retrospective_reconstruction,settled,3557.775,3557.775,368987.8075432749,-2198.3274999998,800,765,0.95625,8253651fac98ed5bc75292df35325f253207f87232ff6fa93ae878ea1c2851be,7ef5b206eb32210baa3880e05d8b71b15bdaad81874a6bef2e7f1967223a0582,c6ef3411d081a4ec06eb1372232a2f0b932e257c68c353e6424861c1337b5ea0
series-01,2026-06-28,2026-06-27,retrospective_reconstruction,settled,4677.6975,4677.6975,370184.9775432751,0,800,781,0.97625,73ff2f475b6be18cfa5022073d3a9d0854d6589583d03223050867068c61b626,86148b9f20a0bf02b1eb377980d69005eff26bff38c1832c14ffe38937e3be0f,3298c9ba7c1343682f06ab6133e80ca2285c192ed69418a06f63ee4fb3b976a2
series-02,2026-06-28,2026-06-27,retrospective_reconstruction,settled,4677.6975,4677.6975,373665.505043275,0,800,781,0.97625,d86c5ca7d6345e073d4e09698a4f05df4218f045ea4d76dd2f85de4f80b54e98,9f32a3ec5fc51cf639f4e216b92ad74abc69d035a98ae21827064067d8f6b19e,b33bf9df5289d2935da068098c3084cca69d09d1cfe683c455ca59b5418e323f
series-01,2026-06-29,2026-06-28,retrospective_reconstruction,settled,5062.4125,5062.4125,375247.3900432751,0,800,772,0.965,319910186ef077cf0d8e9d6fc323848b02365153e4b91a7882d5f4b0c2827174,5f1a6e51893e763d3eecd2858b134438b3a3cfd7d24a52ecf6a1fbec6512a10e,c3caa07d94fcb8a4bc3f1f003192744e4b9f6a773376177d9ec6cda197811e1d
series-02,2026-06-29,2026-06-28,retrospective_reconstruction,settled,5062.4125,5062.4125,378727.9175432749,0,800,772,0.965,976b2e70b2b398887644f30120550af2b52c300c6b4b2cf98b62a54c725ab410,b7c974b6fe8dde65381e87cda4aa4be1f9d13c98e6dd9ff01e7530b2ad643c1d,d2458e25f077848822fb12e5caa70b4eaeb932e6612b42dbd981ca20d8215016
series-01,2026-06-30,2026-06-29,retrospective_reconstruction,settled,2636.49,2636.49,377883.8800432751,0,800,751,0.93875,ee22ac9d7ce14aab3e6f1788f169db0fb821126478f35afb385686841b5d082f,d4c61166ecfff8e9aa31925b71dd00bc89cf5581c773385475afd02658e358ba,a391ae53ac286b2c357ae23878738d7a1893867dfeeec9b829789abab05df880
series-02,2026-06-30,2026-06-29,retrospective_reconstruction,settled,2636.49,2636.49,381364.4075432749,0,800,751,0.93875,830779b7f6c3538859504d0b944840903738f3eaa826825dbf63189e15e972a7,dde98d79074bb0c38b62a0199e0a9ae7c164d57c499642373d8723263e8e53fd,03a35246660cb065929c53a933f81921bb9e0f5aa06b2689be5609f021e9b1dd
series-01,2026-07-01,2026-06-30,retrospective_reconstruction,settled,4324.795,4324.795,382208.6750432751,0,800,800,1,68d9ad8fff556d5ef1e079fd20d001fa1f11ee390e03c5a01cb3ca41ab479807,0ed65fdd6bd3237d9dedd736a72b5496dcc771121d78b283688020bde50b9fea,794177a3aae19933626daae7456ab314fb331c4278f82c441e622402a547e388
series-02,2026-07-01,2026-06-30,retrospective_reconstruction,settled,4324.795,4324.795,385689.2025432749,0,800,800,1,1d2f896612c988bb9aeaff4b923833e158bf8eb0a1c9e90bfa337847bfb2f31f,55604bef8528baf79119c7071570baa31b758209bd1d82bb8dc65b3a190f2040,2f0e5c91c5298fa07fd33585acc4499d6d97a761948eb37175a6f5604dc97508
series-01,2026-07-02,2026-07-01,retrospective_reconstruction,settled,8062.2075,8062.2075,390270.8825432751,0,800,800,1,8d03d880acd4b4a01b58614cf27b33aaa735f855913bc263db6291b3a66faa5a,8eef81bba8646a373b41950d47bd6f5b8ebcbf5ab35cf0fc1c031ba1d6f21247,2e65596ad40c2901ca2c9462d28c85d4eeaa8e595b9a1fee258e398d4e7eb92b
series-02,2026-07-02,2026-07-01,retrospective_reconstruction,settled,8062.2075,8062.2075,393751.4100432749,0,800,800,1,197d8e70bef137d276203ddc55bc220262c36537b3fd9dcd24f4eda1410a93bb,8991d83c7d7dfee9edef2fc7d8f34fc08508866279d85b962825bed138daab16,161d98865e86f7e5f8abb6048e4238d2093d6ac0cbe2ffd0a13cc40a7511f506
series-01,2026-07-03,2026-07-02,retrospective_reconstruction,settled,10854.1475,10854.1475,401125.0300432751,0,800,768,0.96,6409ba22de71e409f3d3fe09ea40e87550c006e565c54d8b63d6eaaf0daaf85a,d82f4eaa30494aa01717a3edf4308e9ea7de2b372819d22b9d14467fbd84452e,4222d89ba001da34f122c97f547c97442f9776360a837faaaf1e950aa8657e95
series-02,2026-07-03,2026-07-02,retrospective_reconstruction,settled,10854.1475,10854.1475,404605.5575432749,0,800,768,0.96,59c84b4ce9800c21ffcda31c33f60f04f06a57fad8c08fd54a1e26eac4bfc464,d88baf518e210496a8ad598f4b68c97e2d2bbc4e66225a5146c4760d51ee6a3d,5901067739e3993fbeb015a61053b88459a9fa7e513848ec2b1815e809a238f8
series-01,2026-07-04,2026-07-03,retrospective_reconstruction,settled,3472.6,3472.6,404597.6300432751,0,800,799,0.99875,db112ee62f485f4da94d2953e4514dc22a4df8f4063e513eb42a9f035d04b629,a6bbaca5a7a398d9984ee1fd0a78c9ad7fc91017a782b3bd512f43301ccc7a8b,f3a094a1ebfa24bf0ba915d118a1951757da7853716a8399f68bb56346ddd940
series-02,2026-07-04,2026-07-03,retrospective_reconstruction,settled,3472.6,3472.6,408078.1575432749,0,800,799,0.99875,33a2dedc493d4c71abbd5b68049668aea46479b1e3e5f6cdcf057bfcf6c85845,2dd030af37a9aae19e36fc075b1be349ac80a3884f9eccafabd84eb5706e5250,017f1f7a050161594531f566647fb482d1bfa74e5655a77fafa18b3a07746f48
series-01,2026-07-05,2026-07-04,retrospective_reconstruction,settled,3405.9325,3405.9325,408003.5625432751,0,800,800,1,3b67451db5f8346e225d5c758e6195c1c654adc1dcf1434544ccc2a9c7f77049,ef15fde327f94b17ed209c442a748514870de8c01d4859c22a18928428e1e4dc,51e76ac3fc45a3e04988fe1061f36216f58c7f9668e2fe077817b65350a1ba5e
series-02,2026-07-05,2026-07-04,retrospective_reconstruction,settled,3405.9325,3405.9325,411484.0900432749,0,800,800,1,c28d3982a1bce27141a67be1dda3f417091761d3f042532433184979d5a52074,71d49f1496e57718b2de3ac6a7c7392d2bdf83d4004f685ded9c78c534c5b26e,b7b71df96487e77502d2f668b488ea7f1e7223d047c1821d27eb45bb02e52587
series-01,2026-07-06,2026-07-05,retrospective_reconstruction,settled,4024.5175,4024.5175,412028.0800432751,0,800,800,1,45ccf22e87147513390e18e600fb4968036e05a0c7b868644a263ba5fc2954a9,26f952ee64111e10180941f603865db99b31c1a793428ed4826ced93a75d70ce,9d31f3ec681d7d79115c47bb4885043b7a2b039b80fc3729ad81cce991800239
series-02,2026-07-06,2026-07-05,retrospective_reconstruction,settled,4024.5175,4024.5175,415508.6075432749,0,800,800,1,033ba9c5bb0572bca716eebeb2ebd5996bb748353c634614460bb7208efa4ec7,b5d18d98cce4a6dd3b93ea1bd77c3951c5d1a577d1a6b0d7f94456204fef9424,22b93779c118982a2bb4e06f6009754f2e3757181acd7bff467e930519a8641a
series-01,2026-07-07,2026-07-06,retrospective_reconstruction,settled,1580.1975,1580.1975,413608.2775432751,0,800,800,1,65e6e9a2251b6444af473d4497ccb6e6c1aad2d7189cdc7a11e7ad0b45cafe70,aab7999896004e6a1fc5d52a217d045f9a2ee7fffece4029293183316081791a,96fc47038d600d21a3a2a4f8042d77a951e2e21ace8071cfd502a0f9cdb8b637
series-02,2026-07-07,2026-07-06,retrospective_reconstruction,settled,1580.1975,1580.1975,417088.8050432749,0,800,800,1,8c0ca1dbba3a38c045a05a33dae96bd6c8a6e911006c5038e20ddd9481651038,b89e5f112e6380d0862ec0ed5613878c6c750fc33b7bc54556f9f97108e7b461,715fbd60a7dfb45b0e97a7680d6d027629a3f6f5d88e4d465b7d8d9a34a7cc6a
series-01,2026-07-08,2026-07-07,retrospective_reconstruction,settled,-2334.4325,-2334.4325,411273.8450432751,-2334.4325,800,799,0.99875,f35e77b52fdf1aff596d930cce43d1fc59cbbeb944e669ff79457ff17d0c056a,d547dc5ee6f9e075adc431cd3814db422f5ba19312b297396749beb6ea948e38,afd2236c52e5d79a432d93c7101c38c9cd848c4125820758ec908661d7f6085f
series-02,2026-07-08,2026-07-07,retrospective_reconstruction,settled,-2334.4325,-2334.4325,414754.3725432749,-2334.4325,800,799,0.99875,d16b5ccd7f857fe96acdfc653543a6ebf715ce2a3a061be3274b9709922f4cd6,2d622d1d75fe38339acb144483af2693e1b3d7cb180b8ac06f08a21a70b67e96,b567f4393f77407a456c359406c860708af036aa12cc3b3fa1cbcc62557bc901
series-01,2026-07-09,2026-07-08,retrospective_reconstruction,settled,-1487.0825,-1487.0825,409786.7625432751,-3821.515,800,756,0.945,52d0eb7fddb095c9fcfc4c761bed2e9b5288b5b702cacc4b84595278b3772054,bc541a43d9d6badf1a7fee37354b96265bd7edd7e5feb49efe936658915bc2da,1171883597b2d223921fb65f64a5266d8f0ca79e175cab4ef2b9b26610ada89c
series-02,2026-07-09,2026-07-08,retrospective_reconstruction,settled,-1487.0825,-1487.0825,413267.2900432749,-3821.515,800,756,0.945,9de763a772da0fc2f4a362343198f507779364377087134ab59680f81d90bf55,390665174807d117c3914c0edaec86e22c71c24d9c8f1fa654523204854c1bce,1f6f335c15260b8cbad6914a8dda9f3773de9d93767744e114a67ac8426ae8f8
series-01,2026-07-10,2026-07-09,retrospective_reconstruction,settled,-4342.7375,-4342.7375,405444.0250432751,-8164.2525,800,665,0.83125,b03be84474488b4aa9cc0f6edcbb21c98b126eb3c99dcea3fbbd9d8303135225,a52b7a5a5659ed05f53de5c05f4271dd2db6b7fec1663b87bea352c22a8a4071,0b7321e89e9f5e97348756f3a935bd0164270790fd71e38ba823061a8dab8b5b
series-02,2026-07-10,2026-07-09,retrospective_reconstruction,settled,-4342.7375,-4342.7375,408924.5525432749,-8164.2525,800,665,0.83125,43d43538c29142b08a0ce875baaf12ee0cdfc6ff45e3ff510adb5f1a92c6aa97,1242c4676d288af493b1aa657648a96fb683872f130522b9b82baec9c95c1dd3,40cff272086f6ccb043e1dc811737a380610a9ffd68faac42847a7cce87d6971
series-01,2026-07-11,2026-07-10,retrospective_reconstruction,settled,-744.85,-744.85,404699.1750432751,-8909.1025,800,800,1,537b9242d7786f6dbdf6fd82fff810df4b4c25c2bf2486d7e3ec30fd579deeb0,06877442ecf884110a370b5412f2a9c960317ce98364331533615b942718cdc9,a1ae690eb902d2adbed72708b8157dbee3fcd2b55a54ece28e78c33cdcb9a9e3
series-02,2026-07-11,2026-07-10,retrospective_reconstruction,settled,-744.85,-744.85,408179.702543275,-8909.1025,800,800,1,e28bc63d7ed22ecfdeea4746e69330b7920413f23c672c870bdc145454d90b6b,c0329f46efdedc0ba61852c454b93f91771239af5e236b998a43fc9016cb1791,8d972402cf9e5be84a2cab8ce58090011973f26cc717cf1f648a637ec5ecd337
series-01,2026-07-12,2026-07-11,retrospective_reconstruction,settled,5350.8775,5350.8775,410050.0525432751,-3558.225,800,800,1,b24ee451f430d9a0902d43c016199046bb10118bf5db7c6959799dff65f4db5f,5ac902a90b79acdf717c9da28dd21b1484df8dc1cdd6e54825904801621ff743,958181a9308f7d69679c36e18943fa38d30611189d40e0ae70e76254d770133a
series-02,2026-07-12,2026-07-11,retrospective_reconstruction,settled,5350.8775,5350.8775,413530.580043275,-3558.225,800,800,1,33710570a4cfffa6fc3e4d1c7f9544867993be1a4b272ad339f982aebc912872,328a7935e1ea11c1e1b62a3acaa751d27f7183cf1c0b7c3170d40e63a0ac1e34,a358a63b5031e19ccaa7960cbdd8f05c0ce6629797da16031b4505eec23a2d3c
series-01,2026-07-13,2026-07-12,retrospective_reconstruction,settled,3188.6975,3188.6975,413238.7500432751,-369.5275,800,779,0.97375,84f2d2b8c2a3db2d734787ff481d47b7b32ab112217e90dd0b6bb2408917e7fa,4a28a0cb1ccfe26e1b0632c6d19c756b3e4da19c9648707b26117547e6ac80c3,eab912384c6375033c393578578f41feadcab65d2e03859f962a540320bb8d8e
series-02,2026-07-13,2026-07-12,retrospective_reconstruction,settled,3188.6975,3188.6975,416719.277543275,-369.5275,800,779,0.97375,a8e7d19d3deee1b0f4d91c85c915bd290eaeb3df32a1dbdb99be1fe50f0119b3,ff2475940fb749222e607096bd3edb5166fad677e4028de39bb1ebe0ed8282fc,eb4b53939d7af420463cace00fdf472eaedc9f1df8cd99c2f217c0c7677ec77c
series-01,2026-07-14,2026-07-13,retrospective_reconstruction,settled,10669.0325,10669.0325,423907.7825432751,0,800,800,1,b5d7690387f53925d9db11b0293f810a9af4d84a6e930cd22f8df9eed6801ae0,77a91c14067dc0bfde711cc9fc9a15e520d7c202991022a613eeffc0cbddb011,e7a2757091dd8dd1c34a7cc6bcc3ef80bc0adc8c6e556f8b8dac5e80e3bf6d7c
series-02,2026-07-14,2026-07-13,retrospective_reconstruction,settled,10669.0325,10669.0325,427388.3100432749,0,800,800,1,b48c4eba871203561a855297e38ac2a0cae9ccc5c024c47cc85c3592c803e6b3,45bf8faf4843caafc528a548a5a514d567bfffad87089d170f6b58b6f7cc189c,010114aefcb92679a6e525eb47c6f6fb2422498e28a95808a14e881292e8c75d
series-01,2026-07-15,2026-07-14,retrospective_reconstruction,settled,1176.8325,1176.8325,425084.6150432751,0,800,800,1,9a4417bbb0125bbb69dcd571d84ec6ab7127c67d3a4a8cdf70027fbb9b3c9198,90feaf5f923a4f079b79a84c70ee3ab74918df38bc249597a628a9fe53a41d98,3a2aa8e4857c16419ee41aeb954ab93d59e685b650753e62ba8e0225b5d370c1
series-02,2026-07-15,2026-07-14,retrospective_reconstruction,settled,1176.8325,1176.8325,428565.142543275,0,800,800,1,fb22c1a36850d5f37c9aac5d6c6cce55bdff2dcb216fcaf557eebe66d1117467,221afbb8943af4debd4194c01cd567dd86f7860a33f6a269868421766b06a103,60b7599c78d028aa1c0f25d94313eaa6e27f6b60d9f4d34507da2175e5afd92f
series-01,2026-07-16,2026-07-15,retrospective_reconstruction,settled,4156.0675,4156.0675,429240.6825432751,0,800,800,1,8f5a149f1671c86e12a92ac0b9f009c980eb700981ee7c3e062e2701fe8f492c,7fc2df03b8f31c1ceba39669c79e7a46d7c1ab165808ff2972e31efdd7dbd8fc,6b2150445e0a863ae90bfced832b8f9bde0c2cfa8852774d4ff58c0b0c95ee33
series-02,2026-07-16,2026-07-15,retrospective_reconstruction,settled,4156.0675,4156.0675,432721.210043275,0,800,800,1,7dd0e343022af4de7c178f2ef8982b11fec94400d75a0181bbf7e9952c4b0548,76efa878b76e363f219d9518bcc897ecea3033ef398b4585cf5c172a0baf0d11,2389f2024b1645ad5516a14f3dca573b915471f9519ca57271f697267221114e
series-01,2026-07-17,2026-07-16,retrospective_reconstruction,settled,-331.8225,-331.8225,428908.8600432751,-331.8225,800,800,1,d12ff58c938cc5fd27391daddee2d758b4ce8cd901db20a80068d9dbe003ba04,6a664c1debdcc541f14cd2d2a8437361f78d1eb55699dad790f42f8b864ad0a1,13a666e46713bd23860c28b96601795e1e8a0445c437d957e3e3af370c9222c8
series-02,2026-07-17,2026-07-16,retrospective_reconstruction,settled,-331.8225,-331.8225,432389.387543275,-331.8225,800,800,1,4b2230126319c714544baea76a770c28498e22828787a6dbdb6d829f63ff9435,e277a3dd276858fe95cab896ec2346667e9c40ed611cf512544884218b297761,7bbbe7e3b397a0a503b23bda36117fe809c465cd600a8ae119c71630ca0aa866
series-01,2026-07-18,2026-07-17,retrospective_reconstruction,settled,1153.95,1153.95,430062.8100432751,0,800,800,1,c8da940b111b20bd9c826904726764ba6d8fd7c055e237e4f99648f9733dc2ab,fd51fd65f0ab609be99512bc3b7aff24c644be5ba0d76e13e472aaef9feed006,f25ee621977ebc98947b82cc71e7cbcc41a8a8cb755e4b546d98ca104bc2bed2
series-02,2026-07-18,2026-07-17,retrospective_reconstruction,settled,1153.95,1153.95,433543.337543275,0,800,800,1,f213b9bf7a924d97cbc87d3276018c0912aa169b79148cf46eac6a8eed4f5da8,50ea06bb12c160bf43b6f272ea301d94984f396341d33df1fd234609837c2cf7,c1d231731b7e7b4bef9ee6ebf5348ef340cba3569731a8f2b2a25cc6e4fc29ee
series-01,2026-07-19,2026-07-18,retrospective_reconstruction,settled,1554.0475,1554.0475,431616.8575432751,0,800,800,1,4a6c3691db1fb1a4ecc9df34ac22e5eedc2e1defbacd43d9dc5d89a016fcf76b,4b84d900612cbdcbcf3dcf0d924c6cde78e81496a7783ef1c5c0b3e5c70ab842,c23969e9dab3a08a628cdc8ecc71700f888af1f0fa272d49cb56a6b3bd3f346e
series-02,2026-07-19,2026-07-18,retrospective_reconstruction,settled,1554.0475,1554.0475,435097.385043275,0,800,800,1,edb2ac0f483d9ba257f752a4b40ea92792a612b98caf8edfdaa3c0afe08274e0,5ce9e8c9a2a0cca19e65464229f53a7d32f0e66d1ba568a75896befb92cd153b,ba077d497d014c8248cfb7989a400ba7dac522ecffbe6e6eea1ddd7e551ccb91
series-01,2026-07-20,2026-07-19,retrospective_reconstruction,settled,4560.9775,4560.9775,436177.8350432751,0,800,800,1,e343f2494fd84c06b94aaae6253c2e3c5b65ad78e93dd5d889b9beb4aa76980e,e829e8371058923593b21398fcef4468cf890be435ae2ad0ec0952f25fd52695,2febd3707c53644dd95ac13006d99282d803550b65235d459ac87c187f029137
series-02,2026-07-20,2026-07-19,retrospective_reconstruction,settled,4560.9775,4560.9775,439658.3625432749,0,800,800,1,44bc9f64f2786e08104b588e789e588086814371d3c01684163004f8dadb7f4b,aefd81654d41b19ef4dc2a187971e4be21efb08793ce2fb1ff0f20e02ddf3674,d8df94c142d7f4f72cf3fe99925233ed68973b72893891c44069ccf50c99bde8
series-01,2026-07-21,2026-07-20,retrospective_reconstruction,settled,1865.0625,1865.0625,438042.8975432751,0,800,797,0.99625,81701265d04320330a7a5871cde71b0ca4730948316137384f46c9fbb78b510a,757435e82063e7089ff57570b39270f0fa46391e8ce93a96e108932ae4d9a372,da0af791450924f9da9bc75a8c3b3c9ea7db83791920b2ca2145568a6fb5926c
series-02,2026-07-21,2026-07-20,retrospective_reconstruction,settled,1865.0625,1865.0625,441523.4250432749,0,800,797,0.99625,d78d2c3cf3309e3ffdac3700832aa827d83e7a4e4e2334980deead87db129634,3a996f28c65515adde54c25683feccdba74a5eefdfad3afc9ec4f0ad2c393eca,2f023c4bf18c403ba1fa5cdd749947d692cedf8bfa513bb5964f0a059821fe19
series-01,2026-07-22,2026-07-21,retrospective_reconstruction,settled,-42607.4874999999,-42607.4874999999,395435.4100432752,-42607.4874999999,800,784,0.98,d60d54fd3d9f1e11c0f6922239f45e374d1be42a0e872b61120460babd4e4fc5,64c5f0ee1e99b5436cc4ad63fa0a55007a45c59c81b0325dfa34a5891d1c92d7,556fd4ed21862f2fd72079242aa40022f0a8094e4c6debc5b5bce7d68c704a24
series-02,2026-07-22,2026-07-21,retrospective_reconstruction,settled,-19313.1,-19313.1,422210.325043275,-19313.1,160,160,1,f937ffde41ad2d73718708b162f54e0d13611da7ea570b715857f4c05ad3d349,b02a9211b09a9a7283c283872cee81ea08a418dfcde0a18f9618bc2b5fcfd60d,e6ee6ecbdc503a91912e12d4644b558470cc4448139a562e7db727c8ca81ba04
series-01,2026-07-23,2026-07-22,retrospective_reconstruction,settled,-19155.01,-19155.01,376280.4000432752,-61762.4974999999,800,800,1,b711b5a1494e24ea11807ce491c7a21441dc6faeaa4ea5989411be2cb8772a1f,ed8478377e27e492b7e79f9154e4c8e673ac74fe7fd5dec2feb4903351c49c0e,ccac01760aa14d9c957b5efc3bd5d46646a22cd5a0e33f6fa9b200112b36bc89
series-02,2026-07-23,2026-07-22,retrospective_reconstruction,settled,-1950.3425,-1950.3425,420259.9825432749,-21263.4425,160,160,1,5ca67d50461e43cc0b0bb80473f24ba8b75e73a5e2beae3827f1ab07b8ae8393,7a3b34828a2a2f394dfe51ca557528edff05222c9cbe7e34882115bf54376d91,07716ef5d4271b9d56ecd00133f858c901fa3fca37172942dadf21c6db2f437e
series-01,2026-07-24,2026-07-23,retrospective_reconstruction,settled,13799.755,13799.755,390080.1550432752,-47962.7424999999,800,784,0.98,1b877d513fd277f4328adf0c6d23c5593431e358fbf40b208cb7a26157409761,5c407305cfcdf560968a009c2ffdf5e051105dbd884ecb0493e635f5bf1cf7d6,aad0b74db7826a380b675ff87c8a0d3a59845bccff61690f6bca0412a791e2a1
series-02,2026-07-24,2026-07-23,retrospective_reconstruction,settled,13799.755,13799.755,434059.7375432749,-7463.6875,800,784,0.98,6f4c330ef1fcee0cc2e13891ee58f3fe1f3364c90f43319f26fd9a332ba8f1c4,03a7db78ea126a4b375b53cf196cc26604d84bdc0d2490e5344aa2ba25022d21,8761fd77dbf10d18de9331fc2fcb04e428e9635f16e638ec3999e0f8d2a3eee7
series-01,2026-07-25,2026-07-24,retrospective_reconstruction,settled,2563.6725,2563.6725,392643.8275432752,-45399.0699999999,800,789,0.98625,034a193b5012e7de7d2611debd9406ab9ef46337959a2eeac58afa3745851c8f,696bdf277485eb57c0915cda92a28ee6a07d0a06cc99fef1f3e54b0e8e91d1f9,36afa44349a1207d2421fa39f958c61630e8675b4c692b90fce7977370602970
series-02,2026-07-25,2026-07-24,retrospective_reconstruction,settled,2563.6725,2563.6725,436623.4100432749,-4900.015,800,789,0.98625,01d76a8bac117ad495caaa74aaf60fd0d9925a3d91261af5596e7b44a99ad010,93adfd848099c062740d6409dbc5149955f42075a9189d197fbc7ea643a06731,45f47ab492e00b9ad476d10e552905afb66e0c8e08bd806c2aeac343ad01aa54
series-01,2026-07-26,2026-07-25,retrospective_reconstruction,settled,2708.415,2708.415,395352.2425432752,-42690.6549999999,800,800,1,0ef312ce0281bcbc981b2e308c812a803dbe7147d2d174728560e335760eeacb,6a4ee22ad8278b89ca795e5aa445d769bd0a6ce250076833389a9acfa515ffe5,d34c21a32af396c8fb8499659167bf2a01f24ccbe2662bf013d9081736c49586
series-02,2026-07-26,2026-07-25,retrospective_reconstruction,settled,2708.415,2708.415,439331.8250432749,-2191.6,800,800,1,aece1d3509b3df4804a859fc704af19454de77c4630de0ca1779cca28b23b6a0,2e5888254768b495004294001a79666468517800de7a2ddd3b34592fe64b0a22,a379455c6c1172a225a3015a90241a996e4b4d69db402e80a5b47f76ede08507
series-01,2026-07-27,2026-07-26,retrospective_reconstruction,settled,2489.265,2489.265,397841.5075432752,-40201.3899999999,800,747,0.93375,75ae38581096c299947cfaf88d2a9b2fb74d9e8626fb01bfe5200f5e76a7b611,6774b354445d0e986878a2c1070ff809d553e0bc00e3ba788136ad7054038144,220ba4b9011b98665975a106d361a29d1b1d961280da8f38719f40f6b4d0f6c9
series-02,2026-07-27,2026-07-26,retrospective_reconstruction,settled,2489.265,2489.265,441821.0900432749,0,800,747,0.93375,f52b8d8a2c71c0f64e1354eeab461871f39d72f6291e83e38cbb9a3cf0b71e54,f3bec94f79486135115131d30cf4415cf4ad73836e2d9d278252f096238b9e2b,ce8e612c54331fc3051bdea45e268cf4acbdccf237f45429d4ef660f641cedb7
series-01,2026-07-28,2026-07-27,retrospective_reconstruction,settled,1119.165,1119.165,398960.6725432752,-39082.2249999999,800,759,0.94875,17ce3cb567281e932d7da47a465cf514ea41a016022db7877f2b5586e7d14e40,35c49990a529bfe9f213204a9836a8ba07de3fb710ac64adaba30de68034d3ea,ccbc00e56a77a86f3a9e302918426ebc9c1db7b0cfe5167a26419da3eb290a60
series-02,2026-07-28,2026-07-27,retrospective_reconstruction,settled,1119.165,1119.165,442940.2550432749,0,800,759,0.94875,7902ec3135f37ff3d663d436215fd1e9e9200534c499662a68b27f6844326fd5,12afd5ba2cc7d85cc2cc65a4bd3925b4a9ad5a09cac9b88ed0742bea5ef49140,2d7669d87136ce8155ef2dc0cbae586bab96763777ed55067c0a1aac30cc0889
series-01,2026-07-29,2026-07-28,retrospective_reconstruction,settled,4048.68,4048.68,403009.3525432752,-35033.5449999999,800,722,0.9025,00fd21e867265876fd01f7cdfa6b302adf9ba5bfa8dbd090a6e744350e31d50e,c88c025d6b2f4a14f608cd592168b42042c27182af738359fb0607edf39a75a5,22432c6de540ffe79cfd2c145ee933503079b13196e565dd6c5a40bd62a5c461
series-02,2026-07-29,2026-07-28,retrospective_reconstruction,settled,4048.68,4048.68,446988.9350432749,0,800,722,0.9025,0fa8fefb7a19397463d36dbe461f7fdd3c0f33051e59fbbd0e886b11a3eb65fb,2e53b83586fa89da197cb7deac0fcd9e5c8a0290583f8558482f97eafd0aad27,debf432b622002275129aca0b113fa265961c65101bb2e223083d6fb421d7f04
series-01,2026-07-30,2026-07-29,retrospective_reconstruction,settled,2103.35,2103.35,405112.7025432751,-32930.1949999999,800,800,1,4410bd48f08c3554367927f487038fe017b1ffff963a765925dc2e5731268569,de3897bcbc598c19e1b31cc5ac4da0ce04614e7a536e5f433109e02b637723c6,50cbd5bb0fc82006e6afc69c1402dd28c0f843d4b7ab1cfeb98bf868f7dddc06
series-02,2026-07-30,2026-07-29,retrospective_reconstruction,settled,2103.35,2103.35,449092.2850432749,0,800,800,1,7a87820b191a4d1b9fdd68d3c3901214b4dcd42148db5bf8b501049402e77862,9efbe7ae1b76de3d6260f258ca5c8a0b36abeee093f3ff3e69ead0077e45da2c,80f435f186cc667aaad29292e105db81f5de481f6b132f60335f6952b69d22bb
series-01,2026-07-31,2026-07-30,retrospective_reconstruction,settled,2190.0225,2190.0225,407302.7250432752,-30740.1724999999,800,659,0.82375,7c8dfe72b68504ee4d342a0ba24c4c2868c2cf49599dfaf58c9999d2bbd39508,5cb142df4f449faf7013fd78bd65618c12757e382b7cce26986b72f5ee36f6a5,1679561274f1f04ef86822c682d3ee93e4492137391c7c519311c8067aa33a25
series-02,2026-07-31,2026-07-30,retrospective_reconstruction,settled,2190.0225,2190.0225,451282.3075432749,0,800,659,0.82375,1ee79e6a24360b84c209b26736fdca05064a055dc9cd616c9da56423e38490f9,109c10f659dd0a5ed2673f6e2513611d95dec49967f39cb6dec995c19f06ee45,1e644e611f11c62458687832aa5d3e9717879e924f5875309a1538aca0aa9cdd
series-01,2026-08-01,2026-07-31,retrospective_reconstruction,settled,-5325.28,-5325.28,401977.4450432751,-36065.4525,800,800,1,ae20b14a5cfbad9d559ad67fce99619362d605afb25e2cf410ab68a938dc70aa,6717cf9903808e38e54edecd5ffe0349c16c3a47090afe038cc728a8d035d0a7,9da348ceb9fbc80816d41109d2210eea322ef16406aafa09279198d2218674a8
series-02,2026-08-01,2026-07-31,retrospective_reconstruction,settled,-3902.445,-3902.445,447379.8625432749,-3902.445,160,160,1,14029c7c89ed3eb89cd4989e3a833a0397368b8c75c55f5fb6a5a2df8d1b2f66,d8382011856555a12b2ed35279f0d9b59a877c0abb0b9e36350f1552741af4e3,14b1b80f256b18e967a7b6a67d032ff3b494a9ff827eb670558658e677fbc563
series-01,2026-08-02,2026-08-01,retrospective_reconstruction,settled,-9905.075,-9905.075,392072.3700432751,-45970.5275,800,800,1,aa47658fb406e75c89bca046fa386ed12b09346bbda616380f82aec03094ff55,a1caf3eb0f1c1b8209799e8b0286167d06d02941ef2370c673bbda5ef21f4229,8ccd87d82a78926f011ac63fdfb588655949130c13f7578f4c8f8e62738a30e2
series-02,2026-08-02,2026-08-01,retrospective_reconstruction,settled,-9905.075,-9905.075,437474.7875432749,-13807.52,800,800,1,da49ddedc4bb90c38fd55c9004b0e6f01dcee9dc307275bed89efa4963198284,7c991d6b1901ab28c13abe9f767fee2308635873f1cc5beb177b590c184257cd,1edbd79ff2d7880f98935b5b3002b2c1e126860b080c59c4477f665899471bb5
series-01,2026-08-03,2026-08-02,retrospective_reconstruction,settled,11869.4525,11869.4525,403941.8225432751,-34101.075,800,800,1,ead02c99f3e2eb1e5e8bad6c72bc6da0c4530bd5d48cddfecaefe62695ab6f64,f40e55f026de26ca7694f139e4b2b91ac06c4ba97fc36b24fd77fc6f26eea0f9,5fc0ddfe01f3415e8a90175ddb786cea0c0c8c56bbbe02542cbae64096d7ab93
series-02,2026-08-03,2026-08-02,retrospective_reconstruction,settled,11869.4525,11869.4525,449344.2400432749,-1938.0675,800,800,1,a73082a99c0bc0cdf215ad20e961a3c8aab31f13ad21e47919e65a954ea1bb83,95801ab0220f4245498bbecd48f44142c985a8bf19b0dcbf2a2b235dd02f81c0,9f63941eaa1f2d8ad6665f0dc9773118530fd081d9b1e978d9a804f9555c3fca
series-01,2026-08-04,2026-08-03,retrospective_reconstruction,settled,3400.39,3400.39,407342.2125432751,-30700.6849999999,800,800,1,ca61558b8fd029daf29036df3888ea6ed093af30afe052178ad734f94b3e6427,638554d423663b3e695fcc94cd8dabb239f7f15b47097b636fc5a12c4b5b3e50,87d288b1738804b0fe5dfef5cb8cbe6b72e1a4145f00afd470b7b2cf5033ac5b
series-02,2026-08-04,2026-08-03,retrospective_reconstruction,settled,3400.39,3400.39,452744.6300432749,0,800,800,1,245803fbab8f68cc3b7593465a3e873ca78425ab6b2298e94381924c04a0be1e,acf4fa7eb9554dc944ff108ef258ea3b0dfba0cb753235b32d21f10d8415c335,bcfd8a661d4e4188d7ab4df4475f8830b96c5e5cf4f6375d37bb5df4438dfa64
series-01,2026-08-05,2026-08-04,retrospective_reconstruction,settled,-469.4975,-469.4975,406872.7150432752,-31170.1824999999,800,800,1,d2dbc0fa3c787eb99039be4cf70847959cae8bfe560fdea68f4ca0da29c9c4de,e438a9cc28c1fee490ef90892e372c8995c50167e5c50c0aeffaa0d278bab58e,771274e70a74092317f39c55836017f6f9d1dca2a5605a59e809d1c889d279d2
series-02,2026-08-05,2026-08-04,retrospective_reconstruction,settled,-469.4975,-469.4975,452275.1325432749,-469.4975,800,800,1,6deead34dca30d957af4b3715d7067453c33141b879bd119b3f803a18e50382a,f0f6094cdd326fa2456d5be405979c55798b872a51768886f3d1cc861944d8e8,8b59fe394ad6b0bc2c7b1377542f056332500bdd4ae9a211e1a87fe9619822a3
series-01,2026-08-06,2026-08-05,retrospective_reconstruction,settled,-997.66,-997.66,405875.0550432752,-32167.8424999999,800,800,1,a0b2a26753e0eda5d46f34527ae6803f2a27807f30adfaf176906ef02168055b,68911e543b5d2a9ff4792bacf1923616c573635c442c0eab29973aea1ef67184,9cbc7449ea47e4572fc6ad2d261a1f6da0a06a8e57ba3376f842f9541e86d504
series-02,2026-08-06,2026-08-05,retrospective_reconstruction,settled,-997.66,-997.66,451277.4725432749,-1467.1575,800,800,1,cf660d2ff1af53ef6c615a1eedddf80c347307509aa07d66b531dfecd1361026,0b4736a1e86ed457b1eaba1f7985e0d6a79f52ab78131ac493e4b5161bf1372a,b2d1a8f413f06cbf5ef0ace921368408338c6226d40bef01063e674c6a3885f2
series-01,2026-08-07,2026-08-06,retrospective_reconstruction,settled,2249.455,2249.455,408124.5100432752,-29918.3874999999,800,800,1,0d239a7c708719a3398bdc98b4406ed745f05956e63b0b6a564dede4ce506542,1a2d3dd8d1254597b14a375262c752e5310e9f52be0d719d26a3879c529f81cf,d3d61e071704a8e2d8e68fc2d04eaba99f7f91ea8f3fac2cc04ca68feb5f7e12
series-02,2026-08-07,2026-08-06,retrospective_reconstruction,settled,2249.455,2249.455,453526.9275432749,0,800,800,1,c972c3361f65c41029ba1aa08036b032aad91065ca39e2ea38cfbc0aec58f558,211af6f2c21066786a744ee82c4380ac2d35eb6c914402d4c71f72c0bcbf3dc6,ffb144382db7c74b3962d4730cec4fa9eadd6331afc949045d90273ef8957b69
series-01,2026-08-08,2026-08-07,retrospective_reconstruction,settled,-15232.2,-15232.2,392892.3100432752,-45150.5874999999,800,800,1,d35591f3d1b8379ae525edc976b91e45545f1c0af784edb7c546602bb19f4f71,7a956fa9ec3aedadae4822366783c65f2f151c4cc2834abf4368a4fd7ed87bfb,4da3386ca25d49f753f3a6de8904ac66123293898859127d702a7ea3a4ad4e7e
series-02,2026-08-08,2026-08-07,retrospective_reconstruction,settled,-15232.2,-15232.2,438294.7275432749,-15232.2,800,800,1,02064ceddb5c5b997328d84c57ddd1e6e0b2d65016da731a4652db49cfff7c19,b8df3ef6d18ea276baa4b7912bcd0c3d357035da9b09b5dc64ae494469d521ca,2e9fba4274f45beadf5fd3c10a26e84ba3d9e4100b0765b45e20f3de07588429
series-01,2026-08-09,2026-08-08,retrospective_reconstruction,settled,-763.59,-763.59,392128.7200432752,-45914.1774999999,800,800,1,c02c7ac7bcc7c31051c0fb8cd4926e940a72860042f6f102792922c12621d168,39e775355d76219e58b5e7fae8dde07c193765034dff35957e278b65eabb1056,68cbd1b1bb52473ac9911152a7cb00f1e7555e2e9a13d49c9aa854a43b778db0
series-02,2026-08-09,2026-08-08,retrospective_reconstruction,settled,-763.59,-763.59,437531.137543275,-15995.79,800,800,1,f3000ca65fd049ce84c1b671d60a0bc01cd5d0ffcd29227a288d15ca08353e7e,f110c98a20a28df91e3bf8b988e083a518aa298975b074a15afa489c46e21357,052246f876d4e5bdb4199232dac432050b9688db97f01fa2cbe00c79a12eddf8
series-01,2026-08-10,2026-08-09,retrospective_reconstruction,settled,4765.5025,4765.5025,396894.2225432752,-41148.6749999999,800,800,1,8bf8071514bf9417de8f878c6c502b7526034bf15a82f5167b92c776502f935e,8f8663b09ca8955fb44bac23a32021c0e888d4a6ae4d437e50e003872fcc6450,157fd3159904fbf572c24f5dfe27112536cf495e7926223edc33974e0855cf5c
series-02,2026-08-10,2026-08-09,retrospective_reconstruction,settled,4765.5025,4765.5025,442296.640043275,-11230.2875,800,800,1,8dc3d89cc47c9a2aeca7c446b232313c296116e5607243dd9a3d84f140f8c28e,92761fd5b0b3249a3f12fb713f77b95ac0420bca919cc780f0e962fc5152159b,db72f85ba84f128c3c0677154eb8f7f1e0534c7fa565c40bde80112d142602bf
series-01,2026-08-11,2026-08-10,retrospective_reconstruction,settled,3093.475,3093.475,399987.6975432752,-38055.1999999999,800,800,1,943eb78711bb5785d76421afc031bd1958e8cb4da0565cbf3a956cb40c716808,238ba47baf6913e2d7b8875b0bfbafd335f9e9151ca06f67607ecbe3267956c6,454513cc234f311b3e9c0f15c849bd2489956244851c4e55e629ae7e2cfedcd3
series-02,2026-08-11,2026-08-10,retrospective_reconstruction,settled,3093.475,3093.475,445390.1150432749,-8136.8125,800,800,1,0ef4899da013d61a36f4d4ed7c2d8215a4dc7844c127b424a8247e11650693ea,b1bc566a855df4468f8603ba01abfdcaa039441f2fb6addce9408c0ef00a5f09,d5725f2004d575cb9a385b47d262a4a7a097e3d5097cc119241e2e39d91db7f3
series-01,2026-08-12,2026-08-11,retrospective_reconstruction,settled,1836.5075,1836.5075,401824.2050432752,-36218.6924999999,800,715,0.89375,303321f15b276c96e6358980a5de6b490aea8765acb7e85b08ac19de85b77ef5,a23709112bfc414ca93ada27e40cc4911f9da51cbf98c809d34a2b238499922c,1164530f29c7bb776bd03a42e5e0a8ebd98ce83beff4ecd9814bfe3a895fb4ff
series-02,2026-08-12,2026-08-11,retrospective_reconstruction,settled,1836.5075,1836.5075,447226.6225432749,-6300.305,800,715,0.89375,02cb1b248928da2c30e79253c23261c8bee41f53155db4d9c3770fd055376ba8,fdd33d68147a3d124df5f69b0dbcc852be808841e9dc8a186f4f9fcb98d80431,d3be8a71b9de12dc6c5f4a0be653b13766b8cc8d0ffecd2f8fbf460b16c6dca4
series-01,2026-08-13,2026-08-12,retrospective_reconstruction,settled,1074.395,1074.395,402898.6000432752,-35144.2974999999,800,800,1,a0fd53ad6b060e1ca8e3a680fb229fb40a61376bab838a4875f5f0c91a9be360,7a5288d4e3e06caf330fbe25e4be16fce2204e7c76b241c81307511465175353,bea25d310b1f46b051b172cc45ca48961a359707f980ccfbb578d0ee49b98859
series-02,2026-08-13,2026-08-12,retrospective_reconstruction,settled,1074.395,1074.395,448301.017543275,-5225.91,800,800,1,632a21a8343c2546a5294a2c7ed616dae298af80314456212223d86504d5cd9a,2f847d07a91b902c21bc291dabf2f0eab29c91f2f07dfb0cd456679e6bc200a2,afc62baa49658acf1e7449752867b0a9b778ee0f3644b97bcfa562a89d4b30e5
series-01,2026-08-14,2026-08-13,retrospective_reconstruction,settled,2069.2475,2069.2475,404967.8475432752,-33075.0499999999,800,800,1,9e27b5b2e1eed0bd195b2ced3bce74aea514f779d65d3e5e5a5a437e8c2c80ab,acf6041f6e619bd50eae4f1e1dc11b1fb204706025551d380d5224eeb04ad6a5,bafb50b2e2af3a72a8364a725b26e60bc4f1907637a84bf376e67ce322a6b2a6
series-02,2026-08-14,2026-08-13,retrospective_reconstruction,settled,2069.2475,2069.2475,450370.265043275,-3156.6625,800,800,1,7e9d0068c949f07995c45b0baa7c450eb60b52a2c79cb0e13aca8f380b5d4c5a,1b8860eebd0c193b0b8c3adf3ca4e659f627b29362924707d36c05aec8f49b21,2fa8e1285315503e533228a50ad698f65311f3993ef59b72d07f8fc1faca7365
series-01,2026-08-15,2026-08-14,retrospective_reconstruction,settled,-2462.185,-2462.185,402505.6625432752,-35537.2349999999,800,800,1,268657245d7c8b599aeaf489db569670f977ee7316235916d21b83b3709e4888,06b092c46cd0b56e39a141d72d4047a82bbf4967d7777e628f6c2f0fdc6e993a,1b3b000d4a20141a6b57979cd28c45d251d888d7f74bcbe484b80bdf325d2d30
series-02,2026-08-15,2026-08-14,retrospective_reconstruction,settled,-2462.185,-2462.185,447908.080043275,-5618.8475,800,800,1,9c6ea891d8e3dbcdb485665dbb11bc8fc368ba34f056ad8cee68b7cfc434b593,2bd0db7c4b9ab716489fa5cf289d80af02659759c8242d925bfe084fff49fed1,bfed65a35208d9376ceb9741d11096559620320986ce6fe9fe271759faaf2764
series-01,2026-08-16,2026-08-15,retrospective_reconstruction,settled,-12334.3975,-12334.3975,390171.2650432752,-47871.6324999999,800,788,0.985,c995860fb5e7939426772aaa387913fe87c2ed0d1d96099ebb636c0aaa169047,9e17c37a97463154745b38fd61c28c6fc023ca51f79788008c284ef5cf55e223,b22b899451f2b2aa2b4d95ea5dc7da1b3d9c6cc6d798e732f66870df528617af
series-02,2026-08-16,2026-08-15,retrospective_reconstruction,settled,-12334.3975,-12334.3975,435573.6825432749,-17953.245,800,788,0.985,870dc1caf3d82f9e444637c9e6636ee941c0c383dbcbd493d9406c8982181d68,85c329d25fc7b573c819af2a806d6e4bd7f5e8c40ad5ea88d3dc67a2ce81eca3,8c202e876b44380ecca57be468d3fe195c2566405d1b81afcba8f229a2d343ef
series-01,2026-08-17,2026-08-16,retrospective_reconstruction,settled,5382.5725,5382.5725,395553.8375432752,-42489.0599999999,800,800,1,4a7c25523f7c30b94569369ccc9c48120e46f63342f10497ec8d6fcbf2e93a94,b0be4f6b015faca1681fdbc883f9511504adb5c0e9302308abe5cc4aff9b19d7,3e6277ab5b1f0d37a7b3486d7e8bb46f9b66adeaa59b82098993e0b4ca7fa671
series-02,2026-08-17,2026-08-16,retrospective_reconstruction,settled,5382.5725,5382.5725,440956.255043275,-12570.6725,800,800,1,b8a20b91d4846acd10cd8822448eba859f14e800dcec5c4280a83072d5ffbee2,2bf6f51d027be3b5a4bd11dd2cb145a40dbade138cff016d4947c3428aefb831,fe8b37ba444506741a8a649a5df4b764183ae8e833bb4e81f222c4509c8bb979
series-01,2026-08-18,2026-08-17,retrospective_reconstruction,settled,9559.5425,9559.5425,405113.3800432752,-32929.5174999999,800,800,1,51df7a378bee79b42e8763b8b1836f2c732cf77adc1da5b8e55e4bc8646c4063,e3043b0ce2d886147ede4a80083688c9aefd27c5429e4256260128a0603a1ec3,e367d5d80c50d1be3b46c2d72eebee448d22fd4715041c3ab5bbfeddfe4d1a02
series-02,2026-08-18,2026-08-17,retrospective_reconstruction,settled,2769.265,2769.265,443725.520043275,-9801.4075,160,160,1,52617799190e9906bffc8951184c33b5fa5c67c3e5a0d4b282392f47efa85386,1c60bca3e1c667182dec9479c4a22eedf135bed2f72212732337777445366f80,1ce5248c37fc9d5744a96b14cc04b68edc38a3355401b4d732c485497254bb07
series-01,2026-08-19,2026-08-18,retrospective_reconstruction,settled,5361.66,5361.66,410475.0400432752,-27567.8574999999,800,790,0.9875,a09e8410cb045564566973dbd748a2122b2ec7080792d5eb8b93058751839d09,30bbbb31e98387405e0b5faa1580e6d0000a2e6ff7d02de5e979929206d7dc9a,20a6f36eff8ce092c03cc99b496c07a10c2d1dafd1b64b03129911963b0f8c62
series-02,2026-08-19,2026-08-18,retrospective_reconstruction,settled,5361.66,5361.66,449087.1800432749,-4439.7475,800,790,0.9875,5a674e89ace64db4b870e49f873b7ffee38703c532787e9421c08ebd88d70c53,cf9a3f3a2b9e79f9954e1b9bd655ea727fa41ed8cfcf45af52cc8bc3c954d592,2fd090e59c62fd92d1d3b48e2914f8b22652ef93e97baa29837e13dadda0db62
series-01,2026-08-20,2026-08-19,retrospective_reconstruction,settled,2659.7375,2659.7375,413134.7775432752,-24908.1199999999,800,800,1,707e3e6840680568017a7c3194cbabcbf8bb6ad70283fba0e0e935e4412eef3a,0ee1a8eac5cb2bd094b294f90f96e4ee490c0917c17dc4d755dbbb214e59d957,e417b55e54fbb5e3c8678ccc470a625c315e4f94f10ab72e5cfc00e944420253
series-02,2026-08-20,2026-08-19,retrospective_reconstruction,settled,2659.7375,2659.7375,451746.9175432749,-1780.01,800,800,1,d539b5ac0028a9472669cba19524b63e96279dd10a641e617127d5cf00fefa98,530f25a8a8e6316b2a8dde98681e1592a76502f6c69ac06eac357328538437ad,67110ee0b7c7463d165655d74dd02c8257b05a2e81adc40412016fcfe8f0469a
series-01,2026-08-21,2026-08-20,retrospective_reconstruction,settled,2140.2875,2140.2875,415275.0650432751,-22767.8325,800,800,1,290a809d1843305fdf102e5faf80d67d234cd21234fb83e14c779ccbd0d84907,5144528cbe2d25909cb8308d76e9aa1a266775db1329067a1604aeb2f8d1cfcf,2c7fd3a7901323d03f59499f8f5ee91d085c713f4d078cc86f6a43d3fdc546e0
series-02,2026-08-21,2026-08-20,retrospective_reconstruction,settled,2140.2875,2140.2875,453887.2050432749,0,800,800,1,48d542a4d7d3848b2e903e825bbb8191fbafdadc416ef35e54df17ac1ba9aed0,0da5b7e5e5f707049272c031949a5afe713daa92f13abaa65a5583bb0ecd939a,ae41b88667aa43668a3975390cd4178446afcc5885299fbde2ee08685bec6b24
series-01,2026-08-22,2026-08-21,retrospective_reconstruction,settled,-4517.9,-4517.9,410757.1650432751,-27285.7325,800,800,1,7445da869bcf8a875f5c71ef339719bb3939e298ad5cf4f3d83583500fed41e1,b95c9cee364ff8ad1bf082da36890d98c175118b7866ec41858e5a077b5e81e6,7a059cfe821e21d3fa87dadbdbfe984df4733e18ca0743bdbd93ff18cd620755
series-02,2026-08-22,2026-08-21,retrospective_reconstruction,settled,-4517.9,-4517.9,449369.3050432749,-4517.9,800,800,1,5f25c0d380c9bcd30babadd10fd0b0d62e6c9151c19dcc419baf10bf0947dfb8,2dde2c728a68d28022bf5484e50c5d8f1d5f5486fc5356ad2b311b1b25f81ad4,2f785670346d626752f28ab00f645adcd10c1c7b599e13eb0231fc59f04badeb
series-01,2026-08-23,2026-08-22,retrospective_reconstruction,settled,899.3525,899.3525,411656.5175432751,-26386.38,800,800,1,c47d4c2eed6d41d5c19f0818b41f98aa305fc05a87e765ebf8f315a287389d64,defb21af030ee9164af899fdfb20a5f764a96557c427b43164b331cb0636a426,099e13432a065d86989edff56cc02b456accb7dbb5e2265526eb12a389fb5c2e
series-02,2026-08-23,2026-08-22,retrospective_reconstruction,settled,899.3525,899.3525,450268.6575432749,-3618.5475,800,800,1,0f3b9cd5f9e23913b0895b5bf5d373099622536578bb08525691d76a7437fb28,18ab6f6c95ba6d4d9f825a624b18b6374e2fda0f221884e65f52e7a761a8cab7,d33731fdb7b44b219ede27b539e72026bac6dc13bc74f76be2ceebbb2098fca5
series-01,2026-08-24,2026-08-23,retrospective_reconstruction,settled,2232.425,2232.425,413888.9425432751,-24153.955,800,800,1,4bd2b49fa1e68aa84a6bb493f0c5ec99bc60edb073d64926ae2839f52d413457,f60fc6e7bc2006795af3e445c6571f12629f688cbefbc025e43c293675114f16,99646a69c7175f687f22b68131542542fe7a6a037d7f03aab31f5794ce0b5532
series-02,2026-08-24,2026-08-23,retrospective_reconstruction,settled,2232.425,2232.425,452501.0825432749,-1386.1225000001,800,800,1,504b46125c16a69ef3ca2560e15267c8f5589cc6c3a064d4cff0ce8dd7244161,61517fd39800c7837fd31aa930a0edbce9ffe154aab539a8c0f2d65cddd55c5b,aa7d8b11450f1f2968f015cd539ded38051ccb4a8836489f311d73563e09cea7
series-01,2026-08-25,2026-08-24,retrospective_reconstruction,settled,206.4525,206.4525,414095.3950432751,-23947.5025,800,799,0.99875,24b38dd50e76bfe48be8ff83f141959603b59e074ec033f9fb349176da1d6131,5d7276b2d4059f263721b9849a39724bfedb808df4e1042ce750f9a183bd8184,21c05589846c6e1f798809bf0a90fe411edfa0317f472e76fece4da5957e322e
series-02,2026-08-25,2026-08-24,retrospective_reconstruction,settled,206.4525,206.4525,452707.5350432749,-1179.67,800,799,0.99875,8fc21bdbede85a2412297d210805dbe09a12887d03ad4f4f4e51583d53e310e4,ff6e8bce303ddacfe49f47725928e3c1d4a0281b1b1ed578d843f3f98d2f0a22,1a833e0689983f1f8bbd10bcd7dde5a91791f49953958dc9687c3144960031bf
series-01,2026-08-26,2026-08-25,retrospective_reconstruction,settled,-1121.1,-1121.1,412974.2950432751,-25068.6025,800,786,0.9825,c33dd72371b2223fd993677db16f26b43a1bc92b9a60f410cb53958523f63b26,831317b7c625f23464618bacf54e67ee419b4aad10f448bbc565e4565816201b,2e9956692b650cd189ea1693bd8f9bdbbcf7c5d384b9ba2666548f37926f5c3a
series-02,2026-08-26,2026-08-25,retrospective_reconstruction,settled,-1121.1,-1121.1,451586.4350432749,-2300.77,800,786,0.9825,f50ae89f17d54197c2a353746f951d5b82959e85b3a6254fc9f7bc7728022c17,0efc028b3eaf31550634396cfdc8087f3cc73076ae78c3aa962ba533c64caf71,eb9ae0ed351748321859ff93cb26b89f41844afb46b65ab872ae98ac623a883d
series-01,2026-08-27,2026-08-26,retrospective_reconstruction,settled,-517.22,-517.22,412457.0750432751,-25585.8225,800,796,0.995,f1e4ac19a0b80f07adf45cac51e207a5f970dc32b2721a469fc59b87e0f65d65,bc3e7ad22628074a851adae7d4b6b7c8cbdaa6d708c35942ceb55bf44110db8f,4ce1ae1751fcc790e1f6b84ebb4bdb35925267b220c1144daca86f5b6a282750
series-02,2026-08-27,2026-08-26,retrospective_reconstruction,settled,-517.22,-517.22,451069.2150432749,-2817.99,800,796,0.995,badca2400c950dd99f4f09877677a70b9ca15640a8f3c293b79bf7b728fdd4d0,d5846eb1a37ea470cdf50495759df6be4b868a1819921e0629f0a8f11550bd5f,f440cad8a1647a54802b84f372622029359245a411763dc93bf7d4612e352a18
series-01,2026-08-28,2026-08-27,retrospective_reconstruction,settled,23203.4675,23203.4675,435660.5425432751,-2382.355,800,800,1,f510ce5048512e4ee803384bf6095b09b017b5f73304d7ddc0ffa2282117b60c,2ddd13a8099b4d476918f3b0111ba2bfd80d2319f1a4ee12b4606d8f07abcb71,c17acc4d8d314e63debf9a3c9ce5189c4d15d1fae02bcc128b63a307a01377e3
series-02,2026-08-28,2026-08-27,retrospective_reconstruction,settled,23203.4675,23203.4675,474272.6825432749,0,800,800,1,7ba5d46ccd36f38d9ada96e0152cff1cfa686e039ed39f05747e29a5e2f3be5a,2104272643571069568345f250cdc5a4f48bb94821d431e6f0a5524f1b6917b4,40366a934d786e2faee0b463ceb05f20cb869c8f442752dc5c4a884299588d6a
series-01,2026-08-29,2026-08-28,retrospective_reconstruction,settled,10371.705,10371.705,446032.2475432751,0,800,800,1,49d3c8e9b2c1306b9405e19bed66a221a7a86281107524d067a52bfa2cbe31bb,985070fd9c0b6e2a1761c5710d40147d9fd5dca99b49d5b074400af3913e2bc5,8627b5cb587152adde55452a25a913bce4be97b41137cc5e8e8c05410072770b
series-02,2026-08-29,2026-08-28,retrospective_reconstruction,settled,10371.705,10371.705,484644.3875432749,0,800,800,1,16070527a43b1d6507e9ab31ce21edd9fef829d6661625e175113855544aeccc,863f725f9067bae06398f799f2e78aa6e4ada406cb80b9d5b52a83edfa78902e,b07082dec688132dbba3e9b2b860c867fd332d81c78dca0adace7a233fe40ea7
series-01,2026-08-30,2026-08-29,retrospective_reconstruction,settled,3191.085,3191.085,449223.3325432751,0,800,800,1,5279f74746a139f6ae3b3b5aa83de83ff0a1f2e21ce7418d23ae44017cd286fc,021edd1e2d368b9aaceb270a85c1f0c38cdc4420ef372b9bf1684eff9b55a24e,5538b433a0719c7a19f73b5a59c72e4d00b67c606ab885bebcdd7efec1307305
series-02,2026-08-30,2026-08-29,retrospective_reconstruction,settled,3191.085,3191.085,487835.4725432749,0,800,800,1,76777e924db7ba0d96a44ddf27d1099145413764c78df8bd6848f248053ead68,cf57fd05bfcf159feb1a196efd76dd215f5b56e9b0cb5147b04a9a3e8480f77e,01a86b72b7b064c24be3df68ad7b0d616899c8bcb45ad0840475e6f796d4f4c8
series-01,2026-08-31,2026-08-30,retrospective_reconstruction,settled,2282.365,2282.365,451505.6975432751,0,800,800,1,c5739fdc091c2b3498599e34c6fa0682b6bf22c7ad38157baab8e76d7d8cd1eb,535e3ca58004e2529a4932d8b8359a2ff02129f8863a95cf46665567e18796ca,2e31e625a46b7c23c607c3fd472cfa27e47043bd4d61d259a3c662c7f0c27a71
series-02,2026-08-31,2026-08-30,retrospective_reconstruction,settled,2282.365,2282.365,490117.8375432749,0,800,800,1,11e5c4ce1136a4a88004dea016ace5478579305685bb1e0ccf560261c50b44c6,87d15d0d3ede4c5c82a1d5294fe077cb4d02f79d2fc768d0d15122843231bef0,b3704f0c8c77d38d882f3f6eef4c4bc581ffd8169cace7b031f744bce5a432fe
series-01,2026-09-01,2026-08-31,retrospective_reconstruction,settled,4052.685,4052.685,455558.3825432751,0,800,800,1,8d37757d95e42b0b2a6ad5e7a344f922faf9c1c09453c6becb604ee046e62c8c,2df57a7f2cc080ed53bc061ecebe4c4743ea770c3f9014f0a50d6b91feb4d7a0,e6c88c3db04b9b3fe8a92819062198d195b53cbaca447c9a0e62c4834b3a4939
series-02,2026-09-01,2026-08-31,retrospective_reconstruction,settled,4052.685,4052.685,494170.5225432749,0,800,800,1,1fc89a966747c8d8e6c9fc6b2e23f31421562450804b8c8a64561420ef9b9586,2739dd1feb7d5c0294b326046b3239f5d191189de0bba7ba71ac5fa475cd34f6,2ae73dc45fa4da8d60835dca36d633445c20a867cc28b44c4adc01188625b9b0
series-01,2026-09-02,2026-09-01,retrospective_reconstruction,settled,5952.49,5952.49,461510.8725432751,0,800,800,1,943b4ff0b7807c13b103030403c65294d2df4f439857054ac31079fbecdc3073,18b12232f0532b703c662c9efbd1cb72228949a4c0fe503ba3feb344aae01848,e08bfe9a580584e03d71d15ed4a9d8ed9836ebbe7c44c3b0c3d86c6a23f3cbd6
series-02,2026-09-02,2026-09-01,retrospective_reconstruction,settled,5952.49,5952.49,500123.0125432749,0,800,800,1,d2b465d6b4c9e5fd074e2ec3e50e691bdd80283b554703ecb2784d1a87540ce0,3bfe033000557c5ae1e0811c493cfa6681886ee98dbb2f6fa060e950706d70ec,ca178deabfae5a50e6b9f93cb1cc9dce65e5c03722c6600d3850b01a1fde1934
series-01,2026-09-03,2026-09-02,retrospective_reconstruction,settled,-3852.8,-3852.8,457658.0725432751,-3852.8,800,800,1,74e1972c5b6a3a5ba0df79cbe3b2d3b326806d9d2a552d9e94ac8b390deb68a2,7a281ab92586821e729228f8ce48b13104e5ff012b5784aeca2909bba99fcaa2,f6f95c340452ab6a795ec857bfab260558f747371c37ec6ff8f5594f2ad88dea
series-02,2026-09-03,2026-09-02,retrospective_reconstruction,settled,-3852.8,-3852.8,496270.2125432749,-3852.8,800,800,1,18794b8505073ca0877985ecd4740a0492871bb197a3b7117adffa1f16f8a48e,3e25e9240e1fcab1cb81c7cff4e8e42e256d3a3c3fbec9ee5c25533fcf65dfbd,73f68c2f742094c9f087319941435eded834d7951fc0db7024d6a98c7424356d
series-01,2026-09-04,2026-09-03,retrospective_reconstruction,settled,1822.2525,1822.2525,459480.3250432751,-2030.5475,800,800,1,aecb2912621fa673bc968fdb11ac43140127f3a533b6a150b89270f806c81824,7035a24b36bcfa8bc89e9e3ebcf1a75aef9a47942b8a038b470358b707076f84,6db0de636abda4d2fd21fa7b8d995be599baf463683dea8a7e1e35fbadbfb879
series-02,2026-09-04,2026-09-03,retrospective_reconstruction,settled,1822.2525,1822.2525,498092.4650432749,-2030.5475,800,800,1,a04f63c1dc639632d78b1ed18c517eaa366f28201f1cf0daf6e535ead41051b0,08f07085d4aa5e2b07cbeb3a2c3613a237a94aa7ff4dfafb38316518b489d1b1,5ac54ad8eea6f25e3100f94474f24b300e4ba3d7ba39f832facfc66733ce27e2
series-01,2026-09-05,2026-09-04,retrospective_reconstruction,settled,4042.195,4042.195,463522.5200432751,0,800,800,1,ce56dccac1aaa99d946c2d430d19145fc40901ea271153f3cef170548ca19a01,6fddd7e8cb884379d5ee56e409802c4611d0988d6cd7832a3f206a4b5304652c,19ef9d514730d3523e10989e441506557931dff27408e2b8ade074ff275c611b
series-02,2026-09-05,2026-09-04,retrospective_reconstruction,settled,4042.195,4042.195,502134.6600432749,0,800,800,1,12978798cf4e735c92d848e23817a0884f57dee14d0a90d2061ac781f33ce90e,d54acd7f122ce434908b8e2e26b46a5a9d533907bb9f9fa4cb20352efd957720,8faa0370994c14e468735d216d042a4fee4035459318d53bc33221c8b7cf63ec
series-01,2026-09-06,2026-09-05,retrospective_reconstruction,settled,5511.0775,5511.0775,469033.5975432752,0,800,800,1,f046c08407a1f2c3abb99f0f4f8a2e73bb3355f1f0153f1c8f7c9b64de5573b2,4a00755f113836f7c8c9c7c057ba723f74ed4f6625365ff8a9430f3eafa04359,e93b7665320f28d51a302e689823b3ea3d404129b18ff3bdcb7207c3805353b5
series-02,2026-09-06,2026-09-05,retrospective_reconstruction,settled,5511.0775,5511.0775,507645.7375432749,0,800,800,1,d1bcc55b1ea99102979ecc47a9b48e6ea9b2a7e87b3f2ad4dc04c7cf9dc3e6af,68b36c62e92c3b807070e3c1e62ad58ba7f7c5d28e741e7e10eb0bc9cf1a208f,952561187b50843f83dd9c5dcbab9b715b9ab5d59d9b6a050d03c5b2e09be831
series-01,2026-09-07,2026-09-06,retrospective_reconstruction,settled,5268.7275,5268.7275,474302.3250432751,0,800,800,1,54d936e9c7dae96aa9c045313e3a35663e2da921230dfdfb134349b253f39c63,943981d65a4ee9049b8ad6d5871ffcadd1406eb8a9e801ef91bdc1f42e93abe4,d0799b199867da9383d76a435da658c12edb240a2bd05edbc7f1b89c58a385b4
series-02,2026-09-07,2026-09-06,retrospective_reconstruction,settled,5268.7275,5268.7275,512914.4650432749,0,800,800,1,91932a3c8a8523d47864b8afa31fdc7449f47a7e81e0aa99192b7a0ff34ed4ca,9604aa26e5cbd9a0b6a9eb0fe6bdc49a026a86f8664fe0f251b9f2075073dbb7,f1fe5c0329d9ca510cbf42eb36d4cadc5b89267df31fb202a02274eb3c8986cc
series-01,2026-09-08,2026-09-07,retrospective_reconstruction,settled,2055.9725,2055.9725,476358.2975432751,0,800,800,1,dd16333011f1cba73b5a8036553d8e0568aea3c36f0292a3390f35afcf7e709d,b05224e1544de1ba97d65d8678328986115694fcfeaebbeb448034ca5af99285,a9a76efbe564b555474b1001fb58da06846fe333f97ebbec79f7dc232363451d
series-02,2026-09-08,2026-09-07,retrospective_reconstruction,settled,2055.9725,2055.9725,514970.4375432749,0,800,800,1,bf68a3f254ac8bcc6879c76bcc79566d407a791e58900249f75b48c35871d405,b0861fa4596fb111fd8f5d7f874988bab0cc997166675963b394d4b8af01f834,51c8ae9e12953bd51580dc8789faa6916e17351249d6e315eec07db4b8d33d94
series-01,2026-09-09,2026-09-08,retrospective_reconstruction,settled,920.2275,920.2275,477278.5250432751,0,800,800,1,d231e5b84c07e11727087c448652fa55cc3852035e5fe170eded5f59c07962c9,4e26eae08f5ca7e1498f2f97d667458006b48be6e122fd95476bc673e4cb6677,63d317a3208e93c5b2506d90cf64e4c3f43b08d5a4d2d5d2e1e72c5c0fe56770
series-02,2026-09-09,2026-09-08,retrospective_reconstruction,settled,920.2275,920.2275,515890.6650432749,0,800,800,1,b36fe1bd4feb414207cdaa466e8ea202689bf2f58a217b3ef8dc209cd1253d81,9cdd92c175fe4a6b256d36a516f5443b3d42890b6f726906ebcb2fb529f08797,a491d1bb57097f431d66853960a1f4b0f7c7cf7f4762faa3350f528018dfc133
series-01,2026-09-10,2026-09-09,retrospective_reconstruction,settled,1624.615,1624.615,478903.1400432751,0,800,778,0.9725,ad6252aa4270ca149cfd74c51e1468d0fc9c56c276fb3171dad2d3501d6bd3b2,0adff267722bd2ad64468d6158df9ce28314f338568d3c639a7665ebeb5d48f6,85e35ff7cf2b59591e9fc339d76bd1e6d4b10cd81acdab3593e0674370320731
series-02,2026-09-10,2026-09-09,retrospective_reconstruction,settled,1624.615,1624.615,517515.2800432749,0,800,778,0.9725,99066c142814e1eb5069fdfd4e6db599dd4a2465d748ea0ce4a71beaebcc8ca7,8eef48b1f61c77a54a7295ae77bb656091f954d570a01d5d7f2eef59856ca4b5,5e3c2514d645682aaeb2bb24cc37d348c09dcae601a94e9fa4101b670fb7eb46
series-01,2026-09-11,2026-09-10,retrospective_reconstruction,settled,2098.3,2098.3,481001.4400432751,0,800,710,0.8875,794561b74a5f0760e152cf7d6bd68b98645ea6e57a2b7889653460991fdfcd00,128f7eceef5f6e10bcbbe434a052da0d9ad16299f573daccf7865ca2cafeeca8,2f22cec6c18e197e7dbaf2ab262ee36fc02d9e6136f72c11fc0b047614669a54
series-02,2026-09-11,2026-09-10,retrospective_reconstruction,settled,2098.3,2098.3,519613.5800432749,0,800,710,0.8875,44bab40b981abf5b3e7e6ed0d5af9e0691cc3ddc258b21125d204b4b4c41f61e,6eb95a0f996c4676a037ac9edbf00657bd12bba3a77a5ed336527a8ebd5e68de,45efea647d46fecaf82485bf92a0fdd6c249f2478f34dc60ae1d573d35f70f86
series-01,2026-09-12,2026-09-11,retrospective_reconstruction,settled,395.935,395.935,481397.3750432751,0,800,417,0.52125,d528afd2cfe410cd568ac546a0a0fcfbbfd28c97268761079295662ee1b91cb0,f5616469a4897b0f6da2abd53e87b583a26beadadef840ecdeb876f4317eafc8,b2da69060172e482e274a0af350b8def4daa6e09c963224386a20abb568a6219
series-02,2026-09-12,2026-09-11,retrospective_reconstruction,settled,395.935,395.935,520009.5150432748,0,800,417,0.52125,07e25abbf3448e085bad9a538148e8315c28e068d8f4bedb5e1148c92572d114,3127d24e477e50350a494ca511e9e23e2a0cfaa5d35c2cb978e60e31070073a3,dcffc481ef14ea375a49d016dc803324232309f25040aa72a5d90a100b7e231f
series-01,2026-09-13,2026-09-12,retrospective_reconstruction,settled,281.9975,281.9975,481679.3725432751,0,800,645,0.80625,a070d671c6f3d17d64fac174548ff30c7476167e95fb0a4e10d513532164df97,f7bfcb4db0854099179082e302d328912b864756ba4b3c1c8e2d077976821728,345a1902bd9619f9bc69b4a30721b626dc6b9aef2ef472abf43b376e76b3b837
series-02,2026-09-13,2026-09-12,retrospective_reconstruction,settled,281.9975,281.9975,520291.5125432748,0,800,645,0.80625,3d2080b54634e45ed40c4750c11ac4ee542de4930fe104ce5106bcaedb234f90,3aa4abcbd1b3da6c310d15b1281f08050e9c59e4613e7f69df4448d02b296f25,025fe970657efd8cd5880dc671257d469401a4761e7f906f88971892156d8ce0
series-01,2026-09-14,2026-09-13,retrospective_reconstruction,settled,664.11,664.11,482343.4825432751,0,800,756,0.945,bd2b5d28bc16301334192b92ddbe783acd571e630ae4db505e6e4effb5ba556c,3ff3ef9cedb0bee18426bbf5476f2ecda5fe039503462411bab11aab5cbc523c,a22741d59d3af9729acda96ff9444967c1485f5b9c990e4271aea912e8626d65
series-02,2026-09-14,2026-09-13,retrospective_reconstruction,settled,664.11,664.11,520955.6225432748,0,800,756,0.945,693a07d140246f1dae5ae2b57a8bdbf3d7316fc9d8f17bc3e539fd46d6fa0741,ffe810cf1f9e186de0c95b0db0bb08d0d79102d1d0061abee80c129e392f0514,20927658a877355222f959ca3ffda55ebedc290940d91cf20edc6ccad530b4ae
series-01,2026-09-15,2026-09-14,retrospective_reconstruction,settled,432.855,432.855,482776.337543275,0,800,673,0.84125,4b53124ce40273e28304238e894b542a9c67eee748f59039ce4d2dd6e7fc64e5,f4e0b5c5065038d46bc57f46c9d44a86aa84267bcfd1b3ac814e454e3433b8e5,dc5fa1194be8ab02381aa4f2d52458fdbc054de21284e4f6d577245f93107059
series-02,2026-09-15,2026-09-14,retrospective_reconstruction,settled,432.855,432.855,521388.4775432748,0,800,673,0.84125,5cae859ebb1ace12a416302b05b79499c1668f721015e267b6d308e4d06e06c4,dabcfb83933b15f2f8f7cd7fa49f4907d63b421f01aa7add8311f16696ab5a19,f2956f15de0e8980f2ee5eb487a464ef67a9d9dda97d2f3cd8a2b22c5fffb872
series-01,2026-09-16,2026-09-15,retrospective_reconstruction,settled,298.8025,298.8025,483075.140043275,0,800,778,0.9725,f825c2478151734deca997b52d979f3f9e1bb4d7a0d7829919cdbedaf36d7c01,ca60d1bdaea067637435a77c2f62ae5d64ea918c6bcd28e5b9d42c97bac29769,6734fbeaed1b2fa461df3a52a2dfde417594fe37dee49fb677d38bef831ef799
series-02,2026-09-16,2026-09-15,retrospective_reconstruction,settled,298.8025,298.8025,521687.2800432748,0,800,778,0.9725,faeee313b3ac53fda3d0809ad6e7762a43b0a3b10f7b566f7c644767ec87db45,476feadeed09230faab7c81eb3aefe753b7fcd28aeb7a5b299c4a2b85a95a175,e11c036792728c93ce1687ca72292e880998b65b8841b216f7656d9a0ac09709
series-01,2026-09-17,2026-09-16,retrospective_reconstruction,settled,3269.47,3269.47,486344.610043275,0,800,800,1,ee464817c298965faec894d4552fd3073b256726d0d8a247e57cf5d2e0608755,2b0a26c6b38ab22f6243aab31585c233ec73d60c12cf2bdaf6bdad0d1249b1b2,3a5fbae2c5c7b6ceda135d1702b966a1acf593001d69ef47a3b91bf0bf1bc58a
series-02,2026-09-17,2026-09-16,retrospective_reconstruction,settled,3269.47,3269.47,524956.7500432748,0,800,800,1,a3cd2d05dfb6260ab55b0e7a13f3ddedbfd1eec6fbf053ba03f3dcb67b91a1f9,a230f7b6f95d4157e80614512413f5dd6b3a513906488f9f9b8ad9d6e5d74fd2,2e44ed201242664a8bc9df7d829b6d8c3cd2dc8b6df0baaec5b0568c0873cb8b
series-01,2026-09-18,2026-09-17,retrospective_reconstruction,settled,-3623.095,-3623.095,482721.515043275,-3623.095,800,782,0.9775,406a96101d75e4a6077bcf70da4ccb629bca8c516a50616ba9664753cc488937,541da11806bef163afeb98e04e12e5639b39c80bbd86051a1515706a809141cd,092512eab8d57afb70f20d8e5c985b86904a90135bfaecf584b0d9893497974e
series-02,2026-09-18,2026-09-17,retrospective_reconstruction,settled,-3623.095,-3623.095,521333.6550432748,-3623.095,800,782,0.9775,57ed76ff30454e124196832de1660744bce723b5bc0967271e027f22c17db732,06f0908edeca26521eb84a12d49cff79dd67d5349056f1f96c525e6fc0236c1f,3b7785923a938f947f152eca2b8df4f489aaec5fb70994dcdbde70cd62d12e86
series-01,2026-09-19,2026-09-18,retrospective_reconstruction,settled,2107.34,2107.34,484828.855043275,-1515.755,800,800,1,394a1c481fdf254853fa41db6d8c1b343e21cadacb10fc4f6131f4312955bf24,202aa27c943abd034d3bc60dc98e84eb9f6ff3b7a395ca36bbb8fa1b4dcd0f63,ab818a1f27fe241d09a6c395a3447daaba6da84008798fb774fa6e151c68d4fd
series-02,2026-09-19,2026-09-18,retrospective_reconstruction,settled,-1307.555,-1307.555,520026.1000432748,-4930.65,160,160,1,e19dad7158ed2ac16d3b1b5e8d4abcfb005f0014bad6e754315ee0240f30098a,86cedc1232a5d03e2926aa73dd16e9c3240db2ef6bd48bee4fef489d6afe0dad,cc3744a62deb9d3bc4be6347e2662513b190dea3fce626c870debdfac43801c7
series-01,2026-09-20,2026-09-19,retrospective_reconstruction,settled,1198.58,1198.58,486027.435043275,-317.175,800,800,1,99d7c6aab5862596403603baa4ef115ff4eccf576423e16361abe329f47506ea,c56103d113f578a0b4828546e751fbe4596292905bb6e08e404e10ea0795cbe4,7cc1a4a28d3fae7b71216b64729a41f2965db00bc62be823b9bf038f33b455a6
series-02,2026-09-20,2026-09-19,retrospective_reconstruction,settled,1588.22,1588.22,521614.3200432748,-3342.4300000001,160,160,1,1d0e60b214bfee869556ccd22827ffac78f25ff06d1e6a559eb17697bb35c9f3,8d52f9b2fb484251f65816776c0859ec8b4a6e8429116f4f9fd3929a49aebe56,6c473f2344ea88e4a77c441f5c8f37d93bacea6e1f4a892206fae5d4aef22c4d
series-01,2026-09-21,2026-09-20,retrospective_reconstruction,settled,11300.7525,11300.7525,497328.187543275,0,800,800,1,ca44bdf464f26b2657c88b58b136eb8d899b707d4431d35e781c4e242ffbb5f9,da4af876d0aafc44f2566d7df12212619392eb91bbda19caed2894e91d3f40da,1a57abb5a36e3b536eeecc8382040caf92cc7318cd959d55773645a6b5e885ce
series-02,2026-09-21,2026-09-20,retrospective_reconstruction,settled,11300.7525,11300.7525,532915.0725432747,0,800,800,1,5b2c105b69134e9730f676d98db347224a05999417d32664f2e9b951c2591fd0,5805f00341a3188c9b8f59b29a8b90591daced9bfc7cfe7734c344de0e740802,c8fa8a268f7fcc996bef8623ccfb1ad54d1ad64326109993dbffc477471720ff
series-01,2026-09-22,2026-09-21,prospective_shadow,settled,-29942.235,-29942.235,467385.952543275,-29942.235,800,790,0.9875,004cdad2e7e9fc7daf8844ca463951c486fcd23756c6ccc32d291a1e6fc8b56a,209a84b46c35998c2670592b28dae55f8240da2dedf9f4df2baddecce4ed1727,fe7077e565d58b94d70bdd99b17058a8fcc2832460f169ccb74400767c26c1c7
series-02,2026-09-22,2026-09-21,prospective_shadow,settled,-29942.235,-29942.235,502972.8375432747,-29942.235,800,790,0.9875,95b399e3fab4690da7f6a40f732bf7d52beb9731f6d7b0547133da0460329b0d,53153a9951284b59a11920ca167b8891e199d68d91b07596790b8c07fe727fb0,e0edb29d8b44a9f1ad6a99e6a4188869f7ad0c9a75bb6f83a38b46a65d3fdfe1
series-01,2026-09-23,2026-09-22,prospective_shadow,settled,3006.02,3006.02,470391.972543275,-26936.215,800,798,0.9975,44211b6ed9826d5e6360d2202dbc86439f81d70f28a42c4eb7d7a1006d516f23,4b6b1378924c07ea874d08aaa74d8ca832054c7db9330f60745a79caab839508,fdde6ce2d5a4f83e5c344b077a6b8450583f0928179c496831e7ba585d771e71
series-02,2026-09-23,2026-09-22,prospective_shadow,settled,3006.02,3006.02,505978.8575432748,-26936.215,800,798,0.9975,2d0e53c658ffe3bcd51bcd17905253c57f49f8e372cb177cf93705ea9ba5f35d,52e948bd038afd54957816e27e7fcc65508826fbb8b54ed3908eda2532becae6,0ed945c338e23c377b3b599530e87f85fd14a16f3b5134eea531ad8c0b29c78b
